Id,Year_Birth,Education,Marital_Status,Income,Kidhome,Teenhome,Dt_Customer,Recency,MntWines,MntFruits,MntMeatProducts,MntFishProducts,MntSweetProducts,MntGoldProds,NumDealsPurchases,NumWebPurchases,NumCatalogPurchases,NumStorePurchases,NumWebVisitsMonth,AcceptedCmp3,AcceptedCmp4,AcceptedCmp5,AcceptedCmp1,AcceptedCmp2,Complain,Response,Total_Spending,Total_Purchases,Total_Children,Has_Children,Customer_Age,Customer_Tenure,Web_Purchase_Ratio,Store_Purchase_Ratio,Catalog_Purchase_Ratio,Deal_Purchase_Ratio,Avg_Spending_Per_Purchase,Wine_Share,Meat_Share,Gold_Share,Previous_Campaigns_Accepted,Has_Accepted_Previous_Cmp,Cluster,PCA1,PCA2,Cluster_Name
5524,1957,Graduation,Single,58138.0,0,0,2012-04-09,58,635,88,546,172,88,88,3,8,10,4,7,0,0,0,0,0,0,1,1617,25,0,0,57,972,0.32,0.16,0.4,0.12,64.68,0.39270253555967843,0.33766233766233766,0.05442176870748299,0,0,0,2.6931936895830657,1.2495718999876746,Digital Convenience Shoppers
2174,1954,Graduation,Single,46344.0,1,1,2014-08-03,38,11,1,6,2,1,6,2,1,1,2,5,0,0,0,0,0,0,0,27,6,2,1,60,126,0.16666666666666666,0.3333333333333333,0.16666666666666666,0.3333333333333333,4.5,0.4074074074074074,0.2222222222222222,0.2222222222222222,0,0,1,-2.3074201290563745,-0.9332886997318394,Occasional / Low-Engagement
4141,1965,Graduation,Together,71613.0,0,0,2013-07-02,26,426,49,127,111,21,42,1,8,2,10,4,0,0,0,0,0,0,0,776,21,0,0,49,523,0.38095238095238093,0.47619047619047616,0.09523809523809523,0.047619047619047616,36.95238095238095,0.5489690721649485,0.163659793814433,0.05412371134020619,0,0,0,2.057613817288767,-0.33108199695992047,Digital Convenience Shoppers
6182,1984,Graduation,Together,26646.0,1,0,2014-10-02,26,11,4,20,10,3,5,2,2,0,4,6,0,0,0,0,0,0,0,53,8,1,1,30,66,0.25,0.5,0.0,0.25,6.625,0.20754716981132076,0.37735849056603776,0.09433962264150944,0,0,1,-2.158954398050098,-0.983202944819118,Occasional / Low-Engagement
5324,1981,PhD,Married,58293.0,1,0,2013-07-02,94,173,43,118,46,27,15,5,5,3,6,5,0,0,0,0,0,0,0,422,19,1,1,33,523,0.2631578947368421,0.3157894736842105,0.15789473684210525,0.2631578947368421,22.210526315789473,0.4099526066350711,0.2796208530805687,0.035545023696682464,0,0,2,0.3898101360552154,1.1028560875659625,Deal & Discount Hunters
7446,1967,Master,Together,62513.0,0,1,2013-09-09,16,520,42,98,0,42,14,2,6,4,10,6,0,0,0,0,0,0,0,716,22,1,1,47,454,0.2727272727272727,0.45454545454545453,0.18181818181818182,0.09090909090909091,32.54545454545455,0.7262569832402235,0.13687150837988826,0.019553072625698324,0,0,0,1.3916624789914471,0.5482619473470253,Digital Convenience Shoppers
965,1971,Graduation,Divorced,55635.0,0,1,2013-07-02,34,235,65,164,50,49,27,4,7,3,7,6,0,0,0,0,0,0,0,590,21,1,1,43,523,0.3333333333333333,0.3333333333333333,0.14285714285714285,0.19047619047619047,28.095238095238095,0.3983050847457627,0.27796610169491526,0.04576271186440678,0,0,0,0.7611073841621248,1.3251166375218344,Digital Convenience Shoppers
6177,1985,PhD,Married,33454.0,1,0,2013-08-05,32,76,10,56,3,1,23,2,4,0,4,8,0,0,0,0,0,0,0,169,10,1,1,29,489,0.4,0.4,0.0,0.2,16.9,0.44970414201183434,0.33136094674556216,0.13609467455621302,0,0,1,-1.8003924112983607,0.19235531941547537,Occasional / Low-Engagement
4855,1974,PhD,Together,30351.0,1,0,2013-06-06,19,14,0,24,3,3,2,1,3,0,2,9,0,0,0,0,0,0,1,46,6,1,1,40,549,0.5,0.3333333333333333,0.0,0.16666666666666666,7.666666666666667,0.30434782608695654,0.5217391304347826,0.043478260869565216,0,0,1,-2.5919481857899678,-0.2251094129328293,Occasional / Low-Engagement
5899,1950,PhD,Together,5648.0,1,1,2013-07-02,68,28,0,6,1,1,13,1,1,0,0,20,1,0,0,0,0,0,0,49,2,2,1,64,523,0.5,0.0,0.0,0.5,24.5,0.5714285714285714,0.12244897959183673,0.2653061224489796,1,1,1,-5.277511153351102,1.6688729936967168,Occasional / Low-Engagement
1994,1983,Graduation,Married,52028.5,1,0,2013-07-02,11,5,5,6,0,2,1,1,1,0,2,7,0,0,0,0,0,0,0,19,4,1,1,31,523,0.25,0.5,0.0,0.25,4.75,0.2631578947368421,0.3157894736842105,0.05263157894736842,0,0,1,-2.299062704487273,-1.0148279067865746,Occasional / Low-Engagement
387,1976,Basic,Married,7500.0,0,0,2013-07-02,59,6,16,11,11,1,16,1,2,0,3,8,0,0,0,0,0,0,0,61,6,0,0,38,523,0.3333333333333333,0.5,0.0,0.16666666666666666,10.166666666666666,0.09836065573770492,0.18032786885245902,0.26229508196721313,0,0,1,-2.557637920181623,-0.938414690795778,Occasional / Low-Engagement
2125,1959,Graduation,Divorced,63033.0,0,0,2013-07-02,82,194,61,480,225,112,30,1,3,4,8,2,0,0,0,0,0,0,0,1102,16,0,0,55,523,0.1875,0.5,0.25,0.0625,68.875,0.17604355716878403,0.4355716878402904,0.02722323049001815,0,0,3,1.618737388467643,-1.585868262249591,High-Value Elite
8180,1952,Master,Divorced,59354.0,1,1,2013-07-02,53,233,2,53,3,5,14,3,6,1,5,6,0,0,0,0,0,0,0,310,15,2,1,62,523,0.4,0.3333333333333333,0.06666666666666667,0.2,20.666666666666668,0.7516129032258064,0.17096774193548386,0.04516129032258064,0,0,2,-0.5838306622940455,1.098594514083616,Deal & Discount Hunters
2569,1987,Graduation,Married,17323.0,0,0,2012-10-10,38,3,14,17,6,1,5,1,1,0,3,8,0,0,0,0,0,0,0,46,5,0,0,27,788,0.2,0.6,0.0,0.2,9.2,0.06521739130434782,0.3695652173913043,0.10869565217391304,0,0,1,-2.5048965581263527,-0.7999646425167433,Occasional / Low-Engagement
2114,1946,PhD,Single,82800.0,0,0,2013-07-02,23,1006,22,115,59,68,45,1,7,6,12,3,0,0,1,1,0,0,1,1315,26,0,0,68,523,0.2692307692307692,0.46153846153846156,0.23076923076923078,0.038461538461538464,50.57692307692308,0.7650190114068441,0.08745247148288973,0.034220532319391636,2,1,3,3.6675302607654556,-0.4888650421524189,High-Value Elite
9736,1980,Graduation,Married,41850.0,1,1,2013-07-02,51,53,5,19,2,13,4,3,3,0,3,8,0,0,0,0,0,0,0,96,9,2,1,34,523,0.3333333333333333,0.3333333333333333,0.0,0.3333333333333333,10.666666666666666,0.5520833333333334,0.19791666666666666,0.041666666666666664,0,0,1,-2.2767291791015905,0.837444574293868,Occasional / Low-Engagement
4939,1946,Graduation,Together,37760.0,0,0,2013-07-02,20,84,5,38,150,12,28,2,4,1,6,7,0,0,0,0,0,0,0,317,13,0,0,68,523,0.3076923076923077,0.46153846153846156,0.07692307692307693,0.15384615384615385,24.384615384615383,0.26498422712933756,0.11987381703470032,0.08832807570977919,0,0,1,-0.6660400766737087,-0.2910874427845831,Occasional / Low-Engagement
6565,1949,Master,Married,76995.0,0,1,2013-07-02,91,1012,80,498,0,16,176,2,11,4,9,5,0,0,0,1,0,0,0,1782,26,1,1,65,523,0.4230769230769231,0.34615384615384615,0.15384615384615385,0.07692307692307693,68.53846153846153,0.5679012345679012,0.27946127946127947,0.09876543209876543,1,1,0,3.158741517239918,1.1020009712717316,Digital Convenience Shoppers
2278,1985,2n Cycle,Single,33812.0,1,0,2012-03-11,86,4,17,19,30,24,39,2,2,1,3,6,0,0,0,0,0,0,0,133,8,1,1,29,1001,0.25,0.375,0.125,0.25,16.625,0.03007518796992481,0.14285714285714285,0.2932330827067669,0,0,1,-1.788353533711747,0.1359194006981509,Occasional / Low-Engagement
9360,1982,Graduation,Married,37040.0,0,0,2012-08-08,41,86,2,73,69,38,48,1,4,2,5,8,0,0,0,0,0,0,0,316,12,0,0,32,851,0.3333333333333333,0.4166666666666667,0.16666666666666666,0.08333333333333333,26.333333333333332,0.2721518987341772,0.2310126582278481,0.1518987341772152,0,0,1,-0.7695021757289611,-0.11658740488094889,Occasional / Low-Engagement
5376,1979,Graduation,Married,2447.0,1,0,2013-06-01,42,1,1,1725,1,1,1,15,0,28,0,1,0,0,0,0,0,0,0,1730,43,1,1,35,554,0.0,0.0,0.6511627906976745,0.3488372093023256,40.23255813953488,0.0005780346820809249,0.9971098265895953,0.0005780346820809249,0,0,2,4.03106013113488,3.712025127210409,Deal & Discount Hunters
1993,1949,PhD,Married,58607.0,0,1,2013-07-02,63,867,0,86,0,0,19,3,2,3,9,8,0,1,0,0,0,0,0,972,17,1,1,65,523,0.11764705882352941,0.5294117647058824,0.17647058823529413,0.17647058823529413,57.1764705882353,0.8919753086419753,0.08847736625514403,0.01954732510288066,1,1,0,0.35622936405366107,0.5528275956661555,Digital Convenience Shoppers
4047,1954,PhD,Married,65324.0,0,1,2014-11-01,0,384,0,102,21,32,5,3,6,2,9,4,0,0,0,0,0,0,0,544,20,1,1,60,36,0.3,0.45,0.1,0.15,27.2,0.7058823529411765,0.1875,0.009191176470588236,0,0,0,0.9971751010525298,-0.08151146491630076,Digital Convenience Shoppers
1409,1951,Graduation,Together,40689.0,0,1,2013-07-02,69,270,3,27,39,6,99,7,7,1,5,8,0,0,0,0,0,0,0,444,20,1,1,63,523,0.35,0.25,0.05,0.35,22.2,0.6081081081081081,0.060810810810810814,0.22297297297297297,0,0,2,-0.39680691443115473,2.618888626690165,Deal & Discount Hunters
7892,1969,Graduation,Single,18589.0,0,0,2013-02-01,89,6,4,25,15,12,13,2,2,1,3,7,0,0,0,0,0,0,0,75,8,0,0,45,674,0.25,0.375,0.125,0.25,9.375,0.08,0.3333333333333333,0.17333333333333334,0,0,1,-1.963516895917448,-0.5691004970282562,Occasional / Low-Engagement
2404,1976,Graduation,Married,53359.0,1,1,2013-07-02,4,173,4,30,3,6,41,4,5,1,4,7,0,0,0,0,0,0,0,257,14,2,1,38,523,0.35714285714285715,0.2857142857142857,0.07142857142857142,0.2857142857142857,18.357142857142858,0.6731517509727627,0.11673151750972763,0.15953307392996108,0,0,2,-1.1327968313946069,1.4269150421948111,Deal & Discount Hunters
5255,1986,Graduation,Single,52028.5,1,0,2013-07-02,19,5,1,3,3,263,362,0,27,0,0,1,0,0,0,0,0,0,0,637,27,1,1,28,523,1.0,0.0,0.0,0.0,23.59259259259259,0.007849293563579277,0.004709576138147566,0.5682888540031397,0,0,0,2.524053297575292,1.8224033404382314,Digital Convenience Shoppers
9422,1989,Graduation,Married,38360.0,1,0,2013-07-02,26,36,2,42,20,21,10,2,2,1,4,3,0,0,0,0,0,0,0,131,9,1,1,25,523,0.2222222222222222,0.4444444444444444,0.1111111111111111,0.2222222222222222,14.555555555555555,0.2748091603053435,0.32061068702290074,0.07633587786259542,0,0,1,-1.2818929138545558,-0.9097292096377586,Occasional / Low-Engagement
1966,1965,PhD,Married,84618.0,0,0,2013-07-02,96,684,100,801,21,66,0,1,6,9,10,2,0,0,1,0,0,0,0,1672,26,0,0,49,523,0.23076923076923078,0.38461538461538464,0.34615384615384615,0.038461538461538464,64.3076923076923,0.4090909090909091,0.47906698564593303,0.0,1,1,3,4.141361612010097,-0.9330480307886346,High-Value Elite
6864,1989,Master,Divorced,10979.0,0,0,2013-07-02,34,8,4,10,2,2,4,2,3,0,3,5,0,0,0,0,0,0,0,30,8,0,0,25,523,0.375,0.375,0.0,0.25,3.75,0.26666666666666666,0.3333333333333333,0.13333333333333333,0,0,1,-1.966752871671658,-0.9028766219252566,Occasional / Low-Engagement
3033,1963,Master,Together,38620.0,0,0,2013-11-05,56,112,17,44,34,22,89,1,2,5,3,3,0,0,0,0,0,0,0,318,11,0,0,51,397,0.18181818181818182,0.2727272727272727,0.45454545454545453,0.09090909090909091,28.90909090909091,0.3522012578616352,0.13836477987421383,0.279874213836478,0,0,1,-0.32620576819828107,-1.9405693506732566,Occasional / Low-Engagement
5710,1970,Graduation,Together,40548.0,0,1,2012-10-10,31,110,0,5,2,0,3,2,2,1,4,5,0,1,0,0,0,0,0,120,9,1,1,44,788,0.2222222222222222,0.4444444444444444,0.1111111111111111,0.2222222222222222,13.333333333333334,0.9166666666666666,0.041666666666666664,0.025,1,1,1,-1.4365847382286796,-0.24806883904102622,Occasional / Low-Engagement
7373,1952,PhD,Divorced,46610.0,0,2,2013-07-02,8,96,12,96,33,22,43,6,4,1,6,6,0,0,0,0,0,0,1,302,17,2,1,62,523,0.23529411764705882,0.35294117647058826,0.058823529411764705,0.35294117647058826,17.764705882352942,0.31788079470198677,0.31788079470198677,0.1423841059602649,0,0,2,-0.8340887155326001,2.0027405458286798,Deal & Discount Hunters
8755,1946,Master,Married,68657.0,0,0,2013-07-02,4,482,34,471,119,68,22,1,3,5,9,7,0,0,0,0,0,0,0,1196,18,0,0,68,523,0.16666666666666666,0.5,0.2777777777777778,0.05555555555555555,66.44444444444444,0.40301003344481606,0.39381270903010035,0.01839464882943144,0,0,3,1.5428296024883021,-0.681088834261331,High-Value Elite
10738,1951,Master,Single,49389.0,1,1,2013-07-02,55,40,0,19,2,1,3,1,2,0,3,7,0,0,0,0,0,0,0,65,6,2,1,63,523,0.3333333333333333,0.5,0.0,0.16666666666666666,10.833333333333334,0.6153846153846154,0.2923076923076923,0.046153846153846156,0,0,1,-2.296944123769107,-0.25998541973511496,Occasional / Low-Engagement
4339,1970,PhD,Married,67353.0,0,1,2013-07-02,37,702,17,151,0,8,35,5,5,6,12,2,0,0,0,0,0,0,0,913,28,1,1,44,523,0.17857142857142858,0.42857142857142855,0.21428571428571427,0.17857142857142858,32.607142857142854,0.768893756845564,0.16538882803943045,0.038335158817086525,0,0,0,2.7893939695512366,1.0787013507920682,Digital Convenience Shoppers
10755,1976,2n Cycle,Married,23718.0,1,0,2013-02-09,76,6,3,14,15,7,36,3,3,1,2,7,0,0,0,0,0,0,0,81,9,1,1,38,666,0.3333333333333333,0.2222222222222222,0.1111111111111111,0.3333333333333333,9.0,0.07407407407407407,0.1728395061728395,0.4444444444444444,0,0,1,-2.145037241751434,0.3744139375649745,Occasional / Low-Engagement
8595,1973,Graduation,Widow,42429.0,0,1,2014-11-02,99,55,0,6,2,0,4,2,1,1,3,5,0,0,0,0,0,0,0,67,7,1,1,41,35,0.14285714285714285,0.42857142857142855,0.14285714285714285,0.2857142857142857,9.571428571428571,0.8208955223880597,0.08955223880597014,0.05970149253731343,0,0,1,-1.8720279185900606,-1.4890380766318652,Occasional / Low-Engagement
2968,1943,PhD,Divorced,48948.0,0,0,2013-01-02,53,437,8,206,160,49,42,2,7,10,5,6,1,0,0,0,0,0,1,902,24,0,0,71,704,0.2916666666666667,0.20833333333333334,0.4166666666666667,0.08333333333333333,37.583333333333336,0.4844789356984479,0.22838137472283815,0.04656319290465632,1,1,0,2.060187623533271,0.35763339515792575,Digital Convenience Shoppers
8601,1980,Graduation,Married,80011.0,0,1,2013-07-02,3,421,76,536,82,178,102,2,8,6,5,4,0,0,0,0,0,0,0,1395,21,1,1,34,523,0.38095238095238093,0.23809523809523808,0.2857142857142857,0.09523809523809523,66.42857142857143,0.3017921146953405,0.3842293906810036,0.07311827956989247,0,0,0,2.271879316966677,0.2180748751826342,Digital Convenience Shoppers
503,1985,Master,Married,20559.0,1,0,2013-12-03,88,13,1,29,3,0,7,2,2,0,3,8,0,0,0,0,0,0,0,53,7,1,1,29,369,0.2857142857142857,0.42857142857142855,0.0,0.2857142857142857,7.571428571428571,0.24528301886792453,0.5471698113207547,0.1320754716981132,0,0,1,-2.6074964500094824,-0.3222325425126012,Occasional / Low-Engagement
8430,1957,Graduation,Together,21994.0,0,1,2013-07-02,4,9,0,6,3,1,3,1,0,0,3,5,0,0,0,0,0,0,0,22,4,1,1,57,523,0.0,0.75,0.0,0.25,5.5,0.4090909090909091,0.2727272727272727,0.13636363636363635,0,0,1,-2.6097774954856185,-1.3021680075664264,Occasional / Low-Engagement
7281,1959,PhD,Single,55212.0,0,0,2013-05-11,80,81,11,50,3,2,39,1,1,3,4,2,0,0,0,0,0,0,0,186,9,0,0,55,575,0.1111111111111111,0.4444444444444444,0.3333333333333333,0.1111111111111111,20.666666666666668,0.43548387096774194,0.26881720430107525,0.20967741935483872,0,0,1,-0.3199099956807071,-2.0904769279669817,Occasional / Low-Engagement
2139,1975,Master,Married,7500.0,1,0,2013-02-10,19,3,1,10,3,2,12,3,2,0,3,5,0,0,0,0,0,0,0,31,8,1,1,39,665,0.25,0.375,0.0,0.375,3.875,0.0967741935483871,0.3225806451612903,0.3870967741935484,0,0,1,-2.432822638235272,0.012193967362371456,Occasional / Low-Engagement
1371,1976,Graduation,Single,79941.0,0,0,2013-07-02,72,123,164,266,227,30,174,1,2,4,9,1,0,0,0,0,0,0,0,984,16,0,0,38,523,0.125,0.5625,0.25,0.0625,61.5,0.125,0.2703252032520325,0.17682926829268292,0,0,3,1.9726312749108874,-1.9097800728344612,High-Value Elite
9909,1996,2n Cycle,Married,7500.0,0,0,2012-09-11,24,3,18,14,15,22,50,3,3,1,3,9,0,0,0,0,0,0,1,122,10,0,0,18,817,0.3,0.3,0.1,0.3,12.2,0.02459016393442623,0.11475409836065574,0.4098360655737705,0,0,1,-2.151759881783787,0.539132882534617,Occasional / Low-Engagement
7286,1968,Graduation,Together,41728.0,1,0,2013-07-02,92,13,6,15,3,5,13,1,2,0,2,10,0,0,0,0,0,0,0,55,5,1,1,46,523,0.4,0.4,0.0,0.2,11.0,0.23636363636363636,0.2727272727272727,0.23636363636363636,0,0,1,-2.637763819448613,-0.32978527493015447,Occasional / Low-Engagement
7244,1951,Graduation,Single,52028.5,2,1,2014-01-01,96,48,5,48,6,10,7,3,2,1,4,6,0,0,0,0,0,0,0,124,10,3,1,63,340,0.2,0.4,0.1,0.3,12.4,0.3870967741935484,0.3870967741935484,0.056451612903225805,0,0,1,-1.978398858494982,0.6613147229432261,Occasional / Low-Engagement
6566,1954,PhD,Married,72550.0,1,1,2012-08-11,39,826,50,317,50,38,38,9,5,2,12,8,0,0,0,0,0,0,0,1319,28,2,1,60,848,0.17857142857142858,0.42857142857142855,0.07142857142857142,0.32142857142857145,47.107142857142854,0.6262319939347991,0.2403335860500379,0.02880970432145565,0,0,2,1.6684588366700792,4.312512137765122,Deal & Discount Hunters
8614,1957,Graduation,Widow,65486.0,0,1,2014-12-05,29,245,19,125,37,67,14,1,4,2,10,2,0,0,0,0,0,0,0,507,17,1,1,57,2,0.23529411764705882,0.5882352941176471,0.11764705882352941,0.058823529411764705,29.823529411764707,0.4832347140039448,0.2465483234714004,0.027613412228796843,0,0,0,0.9628025556391673,-1.4533936039646993,Digital Convenience Shoppers
4114,1964,Master,Married,79143.0,0,0,2012-11-08,2,650,37,780,27,167,32,1,6,9,13,3,0,0,0,0,0,0,0,1693,29,0,0,50,759,0.20689655172413793,0.4482758620689655,0.3103448275862069,0.034482758620689655,58.37931034482759,0.38393384524512697,0.4607206142941524,0.018901358535144713,0,0,3,4.459659871612794,-0.19784089825208293,High-Value Elite
1331,1977,Graduation,Single,35790.0,1,0,2013-02-01,54,12,6,20,30,1,3,2,2,0,3,7,0,0,0,0,0,0,0,72,7,1,1,37,674,0.2857142857142857,0.42857142857142855,0.0,0.2857142857142857,10.285714285714286,0.16666666666666666,0.2777777777777778,0.041666666666666664,0,0,1,-2.154792846185687,-0.15033201039078647,Occasional / Low-Engagement
2225,1977,Graduation,Divorced,82582.0,0,0,2014-07-06,54,510,120,550,156,40,241,1,4,9,7,1,1,0,0,1,0,0,1,1617,21,0,0,37,154,0.19047619047619047,0.3333333333333333,0.42857142857142855,0.047619047619047616,77.0,0.31539888682745826,0.3401360544217687,0.14904143475572046,2,1,3,3.2966654530028254,-2.113007567529348,High-Value Elite
9381,1978,Graduation,Married,66373.0,1,1,2013-12-06,57,328,9,124,12,24,109,7,4,2,10,3,0,0,0,0,0,0,0,606,23,2,1,36,366,0.17391304347826086,0.43478260869565216,0.08695652173913043,0.30434782608695654,26.347826086956523,0.5412541254125413,0.20462046204620463,0.17986798679867988,0,0,2,0.9754664666739887,1.8813331499908106,Deal & Discount Hunters
6260,1955,Master,Together,82384.0,0,0,2013-07-02,55,984,51,432,180,120,190,1,3,10,13,1,0,0,1,0,0,0,1,1957,27,0,0,59,523,0.1111111111111111,0.48148148148148145,0.37037037037037035,0.037037037037037035,72.48148148148148,0.5028104241185488,0.22074603985692387,0.0970873786407767,1,1,3,4.620392601799062,-1.3500966834012502,High-Value Elite
10383,1966,Graduation,Divorced,70287.0,0,0,2013-02-04,30,295,35,482,121,120,40,1,5,5,10,3,0,0,0,0,0,0,1,1093,21,0,0,48,671,0.23809523809523808,0.47619047619047616,0.23809523809523808,0.047619047619047616,52.04761904761905,0.2698993595608417,0.4409881061299177,0.036596523330283626,0,0,3,2.4760807024123705,-0.7403192787858002,High-Value Elite
7437,1988,Graduation,Single,27938.0,1,0,2013-07-02,31,13,0,8,2,1,5,1,1,0,4,3,0,0,0,0,0,0,0,29,6,1,1,26,523,0.16666666666666666,0.6666666666666666,0.0,0.16666666666666666,4.833333333333333,0.4482758620689655,0.27586206896551724,0.1724137931034483,0,0,1,-1.9335972907077175,-1.4199749438482459,Occasional / Low-Engagement
8557,1982,Graduation,Single,52028.5,1,0,2013-07-02,57,11,3,22,2,2,6,2,2,0,3,6,0,0,0,0,0,0,0,46,7,1,1,32,523,0.2857142857142857,0.42857142857142855,0.0,0.2857142857142857,6.571428571428571,0.2391304347826087,0.4782608695652174,0.13043478260869565,0,0,1,-1.7817378557055257,-0.5812739618002982,Occasional / Low-Engagement
8375,1968,PhD,Married,55954.0,0,1,2014-03-03,63,447,0,28,0,0,43,3,8,2,6,7,0,0,0,0,0,0,0,518,19,1,1,46,279,0.42105263157894735,0.3157894736842105,0.10526315789473684,0.15789473684210525,27.263157894736842,0.862934362934363,0.05405405405405406,0.08301158301158301,0,0,0,0.32387938922100074,0.8691800967661314,Digital Convenience Shoppers
6853,1982,Master,Single,75777.0,0,0,2013-04-07,12,712,26,538,69,13,80,1,3,6,11,1,0,1,1,0,0,0,1,1438,21,0,0,32,609,0.14285714285714285,0.5238095238095238,0.2857142857142857,0.047619047619047616,68.47619047619048,0.4951321279554937,0.3741307371349096,0.055632823365785816,2,1,3,3.0721893435798924,-1.4236108842781174,High-Value Elite
3076,1975,Graduation,Together,66653.0,1,1,2012-07-09,18,452,18,102,16,18,6,4,4,2,12,3,0,0,0,0,0,0,0,612,22,2,1,39,881,0.18181818181818182,0.5454545454545454,0.09090909090909091,0.18181818181818182,27.818181818181817,0.738562091503268,0.16666666666666666,0.00980392156862745,0,0,0,1.249233040593795,1.6054921360140557,Digital Convenience Shoppers
1012,1952,Graduation,Single,61823.0,0,1,2013-07-02,26,523,7,134,37,14,169,4,8,2,10,7,0,0,0,0,0,0,0,884,24,1,1,62,523,0.3333333333333333,0.4166666666666667,0.08333333333333333,0.16666666666666666,36.833333333333336,0.5916289592760181,0.1515837104072398,0.19117647058823528,0,0,0,1.4359321258470814,1.8103254358776373,Digital Convenience Shoppers
6518,1951,PhD,Widow,67680.0,0,1,2013-11-06,8,546,0,48,0,6,6,1,7,3,8,5,0,0,0,0,0,0,0,606,19,1,1,63,396,0.3684210526315789,0.42105263157894735,0.15789473684210525,0.05263157894736842,31.894736842105264,0.900990099009901,0.07920792079207921,0.009900990099009901,0,0,0,1.1047906093460598,-0.07828788715461237,Digital Convenience Shoppers
4137,1948,Graduation,Together,70666.0,0,0,2013-06-12,29,398,40,367,119,122,30,1,7,4,4,4,0,0,0,0,0,0,0,1076,16,0,0,66,543,0.4375,0.25,0.25,0.0625,67.25,0.36988847583643125,0.34107806691449816,0.027881040892193308,0,0,3,1.4603169279144204,-0.8767720079626865,High-Value Elite
8082,1971,Graduation,Married,25721.0,1,0,2013-07-02,75,1,3,6,3,6,15,1,1,1,2,7,0,0,0,0,0,0,1,34,5,1,1,43,523,0.2,0.4,0.2,0.2,6.8,0.029411764705882353,0.17647058823529413,0.4411764705882353,0,0,1,-2.575779014613011,-0.8869548503609959,Occasional / Low-Engagement
1386,1967,Graduation,Together,32474.0,1,1,2014-11-05,0,10,0,1,0,0,0,1,1,0,2,7,0,0,0,0,0,0,0,11,4,2,1,47,32,0.25,0.5,0.0,0.25,2.75,0.9090909090909091,0.09090909090909091,0.0,0,0,1,-3.0624763888303503,-1.0507547455193298,Occasional / Low-Engagement
9369,1979,2n Cycle,Single,88194.0,0,1,2013-07-02,19,688,14,309,201,24,38,1,11,10,10,5,1,0,0,1,0,0,1,1274,32,1,1,35,523,0.34375,0.3125,0.3125,0.03125,39.8125,0.5400313971742543,0.2425431711145997,0.029827315541601257,2,1,0,4.221238600058023,0.9600053144918652,Digital Convenience Shoppers
4477,1958,Graduation,Together,69096.0,0,1,2013-07-02,4,247,49,159,7,82,109,1,5,2,10,4,0,0,0,0,0,0,0,653,18,1,1,56,523,0.2777777777777778,0.5555555555555556,0.1111111111111111,0.05555555555555555,36.27777777777778,0.3782542113323124,0.2434915773353752,0.1669218989280245,0,0,0,1.135846430429044,-0.2993061258875764,Digital Convenience Shoppers
1357,1970,Graduation,Together,74854.0,1,2,2013-08-04,90,856,59,487,58,29,73,7,2,5,5,5,0,0,0,0,0,0,0,1562,19,3,1,44,490,0.10526315789473684,0.2631578947368421,0.2631578947368421,0.3684210526315789,82.21052631578948,0.5480153649167734,0.3117797695262484,0.04673495518565941,0,0,2,0.6785142437385914,2.1591597976924093,Deal & Discount Hunters
1402,1954,Master,Married,66991.0,0,0,2012-11-09,1,496,36,460,189,60,12,3,4,8,6,3,0,0,0,0,0,0,0,1253,21,0,0,60,758,0.19047619047619047,0.2857142857142857,0.38095238095238093,0.14285714285714285,59.666666666666664,0.39584996009577017,0.3671189146049481,0.009577015163607342,0,0,3,2.358800204175517,-0.26681045278806315,High-Value Elite
10629,1973,2n Cycle,Married,46805.0,1,0,2013-07-02,25,25,3,43,17,4,17,3,3,0,3,8,0,0,0,0,0,0,0,109,9,1,1,41,523,0.3333333333333333,0.3333333333333333,0.0,0.3333333333333333,12.11111111111111,0.22935779816513763,0.3944954128440367,0.1559633027522936,0,0,1,-1.8672694911747865,0.30713408206602777,Occasional / Low-Engagement
6312,1959,Graduation,Married,65031.0,0,1,2013-07-02,29,258,107,291,84,37,86,4,10,3,13,7,0,0,0,0,0,0,0,863,30,1,1,55,523,0.3333333333333333,0.43333333333333335,0.1,0.13333333333333333,28.766666666666666,0.2989571263035921,0.33719582850521435,0.0996523754345307,0,0,0,2.480904438633214,2.3803961589892815,Digital Convenience Shoppers
8132,1975,PhD,Married,60631.0,1,1,2013-05-04,88,565,6,65,0,6,19,5,9,2,8,7,0,1,0,0,0,0,0,661,24,2,1,39,582,0.375,0.3333333333333333,0.08333333333333333,0.20833333333333334,27.541666666666668,0.8547655068078669,0.09833585476550681,0.028744326777609682,1,1,2,0.8386005179017728,2.791551828991392,Deal & Discount Hunters
1050,1952,Graduation,Married,28332.0,0,0,2013-07-02,58,14,10,13,4,15,9,1,2,1,4,2,0,0,0,0,0,0,0,65,8,0,0,62,523,0.25,0.5,0.125,0.125,8.125,0.2153846153846154,0.2,0.13846153846153847,0,0,1,-1.1239514024773751,-1.9121872374123372,Occasional / Low-Engagement
5846,1977,Graduation,Divorced,40246.0,1,0,2013-07-02,68,2,1,6,2,1,1,1,1,0,2,6,0,0,0,0,0,0,0,13,4,1,1,37,523,0.25,0.5,0.0,0.25,3.25,0.15384615384615385,0.46153846153846156,0.07692307692307693,0,0,1,-2.3923929638849644,-1.1382678813347733,Occasional / Low-Engagement
1859,1972,Master,Married,75251.0,0,0,2013-07-02,34,721,111,925,97,18,18,1,7,6,5,5,0,0,0,0,0,0,1,1890,19,0,0,42,523,0.3684210526315789,0.2631578947368421,0.3157894736842105,0.05263157894736842,99.47368421052632,0.3814814814814815,0.4894179894179894,0.009523809523809525,0,0,3,2.527125277197233,-0.6791005643864183,High-Value Elite
7503,1976,Graduation,Single,75825.0,0,0,2012-12-10,40,1032,105,779,137,105,51,0,5,8,9,4,1,0,0,0,0,0,1,2209,22,0,0,38,727,0.22727272727272727,0.4090909090909091,0.36363636363636365,0.0,100.4090909090909,0.46717971933001357,0.35264825712992304,0.023087369850611137,1,1,3,3.584506555488281,-0.9538843720837294,High-Value Elite
10401,1976,2n Cycle,Together,26326.0,0,0,2013-04-09,12,1,0,5,0,3,9,1,0,0,3,3,0,0,0,0,0,1,0,18,4,0,0,38,607,0.0,0.75,0.0,0.25,4.5,0.05555555555555555,0.2777777777777778,0.5,0,0,1,-1.9707299332783206,-2.0540931745377895,Occasional / Low-Engagement
1618,1965,Graduation,Together,56046.0,0,0,2013-02-01,9,577,0,64,0,0,51,2,10,1,8,8,1,0,0,0,0,0,1,692,21,0,0,49,674,0.47619047619047616,0.38095238095238093,0.047619047619047616,0.09523809523809523,32.95238095238095,0.8338150289017341,0.09248554913294797,0.07369942196531792,1,1,0,1.1137108337690502,1.1256796844832573,Digital Convenience Shoppers
3332,1985,Graduation,Single,29760.0,1,0,2013-07-02,87,64,4,68,7,5,17,4,3,1,4,8,0,0,0,0,0,0,0,165,12,1,1,29,523,0.25,0.3333333333333333,0.08333333333333333,0.3333333333333333,13.75,0.3878787878787879,0.4121212121212121,0.10303030303030303,0,0,1,-1.7292516584948372,0.8327319846219797,Occasional / Low-Engagement
2261,1969,Graduation,Married,26304.0,1,0,2013-07-02,5,4,1,5,2,0,4,1,1,0,2,7,0,0,0,0,0,0,0,16,4,1,1,45,523,0.25,0.5,0.0,0.25,4.0,0.25,0.3125,0.25,0,0,1,-2.7765162437170567,-0.8996753114555296,Occasional / Low-Engagement
5346,1973,2n Cycle,Married,23559.0,1,0,2013-03-07,87,25,5,19,7,0,23,3,3,0,3,7,0,0,0,0,0,0,0,79,9,1,1,41,640,0.3333333333333333,0.3333333333333333,0.0,0.3333333333333333,8.777777777777779,0.31645569620253167,0.24050632911392406,0.2911392405063291,0,0,1,-2.168278404041361,0.386739434088846,Occasional / Low-Engagement
4119,1963,Master,Together,38620.0,0,0,2013-11-05,56,112,17,44,34,22,89,1,2,5,3,3,0,0,0,0,0,0,0,318,11,0,0,51,397,0.18181818181818182,0.2727272727272727,0.45454545454545453,0.09090909090909091,28.90909090909091,0.3522012578616352,0.13836477987421383,0.279874213836478,0,0,1,-0.32620576819828107,-1.9405693506732566,Occasional / Low-Engagement
535,1987,Graduation,Divorced,81361.0,0,0,2013-07-02,18,163,23,424,27,65,76,1,3,10,13,1,0,0,0,0,0,0,0,778,27,0,0,27,523,0.1111111111111111,0.48148148148148145,0.37037037037037035,0.037037037037037035,28.814814814814813,0.2095115681233933,0.5449871465295629,0.09768637532133675,0,0,3,3.7756514144742916,-1.2728198764643033,High-Value Elite
5268,1960,Graduation,Married,29440.0,1,1,2013-11-08,95,17,8,14,10,4,3,2,1,0,4,7,0,0,0,0,0,0,0,56,7,2,1,54,394,0.14285714285714285,0.5714285714285714,0.0,0.2857142857142857,8.0,0.30357142857142855,0.25,0.05357142857142857,0,0,1,-2.6244990236518,-0.07518414757131667,Occasional / Low-Engagement
273,1970,Master,Married,36138.0,1,1,2013-07-02,48,130,0,16,0,0,5,5,3,1,4,7,0,1,0,0,0,0,0,151,13,2,1,44,523,0.23076923076923078,0.3076923076923077,0.07692307692307693,0.38461538461538464,11.615384615384615,0.8609271523178808,0.10596026490066225,0.033112582781456956,1,1,2,-1.779540369113464,1.5299945516797364,Deal & Discount Hunters
4452,1957,Graduation,Single,50388.0,0,1,2013-07-02,3,292,6,37,0,3,34,4,6,1,6,7,0,1,0,1,0,0,1,372,17,1,1,57,523,0.35294117647058826,0.35294117647058826,0.058823529411764705,0.23529411764705882,21.88235294117647,0.7849462365591398,0.09946236559139784,0.0913978494623656,2,1,2,-0.3019589492778451,1.2363738325699947,Deal & Discount Hunters
8504,1973,Graduation,Married,79593.0,0,0,2014-12-05,70,350,60,568,110,133,145,1,5,6,7,2,0,0,1,0,0,0,0,1366,19,0,0,41,2,0.2631578947368421,0.3684210526315789,0.3157894736842105,0.05263157894736842,71.89473684210526,0.2562225475841874,0.4158125915080527,0.1061493411420205,1,1,3,2.534178157205571,-2.033891877758828,High-Value Elite
771,1967,Graduation,Together,54178.0,0,1,2013-07-02,79,135,9,39,4,0,7,1,2,2,5,2,0,0,0,0,0,0,0,194,10,1,1,47,523,0.2,0.5,0.2,0.1,19.4,0.6958762886597938,0.20103092783505155,0.03608247422680412,0,0,1,-0.516814743182831,-1.4247541819458538,Occasional / Low-Engagement
8996,1957,PhD,Married,55212.0,2,1,2013-07-02,4,230,42,192,49,37,53,12,7,2,8,9,0,0,0,0,0,0,0,603,29,3,1,57,523,0.2413793103448276,0.27586206896551724,0.06896551724137931,0.41379310344827586,20.79310344827586,0.3814262023217247,0.31840796019900497,0.087893864013267,0,0,2,0.15202790195354793,5.83099948282779,Deal & Discount Hunters
9235,1957,Graduation,Single,52028.5,1,1,2013-07-02,45,7,0,8,2,0,1,1,1,0,2,7,0,0,0,0,0,0,0,18,4,2,1,57,523,0.25,0.5,0.0,0.25,4.5,0.3888888888888889,0.4444444444444444,0.05555555555555555,0,0,1,-2.6071861480322576,-0.508794697845992,Occasional / Low-Engagement
5798,1973,Master,Together,50943.0,0,0,2013-07-02,87,445,37,359,98,28,18,1,2,4,8,1,0,0,0,0,0,0,0,985,15,0,0,41,523,0.13333333333333333,0.5333333333333333,0.26666666666666666,0.06666666666666667,65.66666666666667,0.4517766497461929,0.36446700507614216,0.018274111675126905,0,0,3,1.2748167308874419,-1.8587227642282789,High-Value Elite
11178,1972,Master,Single,42394.0,1,0,2013-07-02,69,15,2,10,0,1,4,1,1,0,3,7,0,0,0,0,0,0,0,32,5,1,1,42,523,0.2,0.6,0.0,0.2,6.4,0.46875,0.3125,0.125,0,0,1,-2.2881275569758914,-0.9115697918345189,Occasional / Low-Engagement
2230,1970,PhD,Married,23626.0,1,0,2013-07-02,84,27,2,14,0,0,0,3,3,1,3,5,0,0,0,0,0,0,0,43,10,1,1,44,523,0.3,0.3,0.1,0.3,4.3,0.627906976744186,0.32558139534883723,0.0,0,0,1,-1.7957211379297042,-0.0641371305572409,Occasional / Low-Engagement
7516,1983,Graduation,Married,30096.0,1,0,2013-07-02,30,5,3,11,12,5,9,1,2,0,3,6,0,0,0,0,0,0,0,45,6,1,1,31,523,0.3333333333333333,0.5,0.0,0.16666666666666666,7.5,0.1111111111111111,0.24444444444444444,0.2,0,0,1,-2.241109610537495,-0.8451366061124547,Occasional / Low-Engagement
7247,1960,Graduation,Widow,47916.0,0,1,2013-07-02,72,505,0,26,0,0,75,5,7,4,6,6,0,1,0,0,0,0,0,606,22,1,1,54,523,0.3181818181818182,0.2727272727272727,0.18181818181818182,0.22727272727272727,27.545454545454547,0.8333333333333334,0.0429042904290429,0.12376237623762376,1,1,2,0.7037081157507122,1.6691702695375723,Deal & Discount Hunters
11100,1972,Graduation,Divorced,51813.0,1,1,2013-11-04,37,51,2,7,0,1,2,2,2,0,3,7,0,0,0,0,0,0,0,63,7,2,1,42,398,0.2857142857142857,0.42857142857142855,0.0,0.2857142857142857,9.0,0.8095238095238095,0.1111111111111111,0.031746031746031744,0,0,1,-2.229200833235028,-0.06260779558850686,Occasional / Low-Engagement
4646,1951,2n Cycle,Married,78497.0,0,0,2013-01-12,44,207,26,447,75,0,223,1,5,7,12,2,0,0,0,1,0,0,0,978,25,0,0,63,694,0.2,0.48,0.28,0.04,39.12,0.2116564417177914,0.4570552147239264,0.2280163599182004,1,1,3,3.3731903767531954,-0.7070105405639107,High-Value Elite
3037,1983,PhD,Married,50150.0,0,0,2013-07-02,32,135,46,92,65,61,11,2,5,2,7,5,0,0,0,0,0,0,0,410,16,0,0,31,523,0.3125,0.4375,0.125,0.125,25.625,0.32926829268292684,0.22439024390243903,0.026829268292682926,0,0,0,0.36966547673544825,-0.41273718281832233,Digital Convenience Shoppers
1473,1960,2n Cycle,Single,47823.0,0,1,2013-07-02,0,53,1,5,2,1,10,2,2,0,3,8,0,0,0,0,0,0,0,72,7,1,1,54,523,0.2857142857142857,0.42857142857142855,0.0,0.2857142857142857,10.285714285714286,0.7361111111111112,0.06944444444444445,0.1388888888888889,0,0,1,-2.0851458698593195,-0.2246537629752987,Occasional / Low-Engagement
1016,1959,PhD,Single,34554.0,0,1,2013-07-02,43,41,1,6,2,0,5,2,2,0,3,6,0,0,0,0,0,0,0,55,7,1,1,55,523,0.2857142857142857,0.42857142857142855,0.0,0.2857142857142857,7.857142857142857,0.7454545454545455,0.10909090909090909,0.09090909090909091,0,0,1,-2.1005049750908746,-0.5015283670978022,Occasional / Low-Engagement
4518,1979,Graduation,Together,85693.0,0,1,2013-07-02,59,386,172,183,185,132,111,2,9,5,11,5,0,0,0,0,0,0,0,1169,27,1,1,35,523,0.3333333333333333,0.4074074074074074,0.18518518518518517,0.07407407407407407,43.2962962962963,0.330196749358426,0.15654405474764757,0.0949529512403764,0,0,0,3.091785752536872,0.9418820752732628,Digital Convenience Shoppers
9370,1945,PhD,Married,65846.0,0,0,2013-07-02,68,562,81,276,80,40,81,1,6,3,6,4,0,0,0,0,0,0,0,1120,16,0,0,69,523,0.375,0.375,0.1875,0.0625,70.0,0.5017857142857143,0.24642857142857144,0.07232142857142858,0,0,3,1.400295539866334,-0.9387807085047603,High-Value Elite
8908,1959,Graduation,Married,87195.0,0,0,2014-08-05,35,217,76,690,50,26,38,1,3,11,5,1,0,0,0,0,0,0,1,1097,20,0,0,55,124,0.15,0.25,0.55,0.05,54.85,0.19781221513217867,0.6289881494986327,0.03463992707383774,0,0,3,2.8889693111827475,-2.4031374380074304,High-Value Elite
8373,1979,Basic,Together,24594.0,1,0,2013-10-12,94,1,3,6,10,0,9,1,1,0,3,5,0,0,0,0,0,0,0,29,5,1,1,35,421,0.2,0.6,0.0,0.2,5.8,0.034482758620689655,0.20689655172413793,0.3103448275862069,0,0,1,-2.3978105069492983,-1.2979516791952976,Occasional / Low-Engagement
7533,1964,Graduation,Married,49096.0,1,1,2013-07-02,15,144,1,32,2,1,7,4,4,1,4,7,0,0,0,0,0,0,0,187,13,2,1,50,523,0.3076923076923077,0.3076923076923077,0.07692307692307693,0.3076923076923077,14.384615384615385,0.7700534759358288,0.1711229946524064,0.0374331550802139,0,0,2,-1.4145415480079557,1.2792086099841555,Deal & Discount Hunters
2683,1969,Graduation,Married,52413.0,0,2,2013-02-02,56,295,106,271,75,98,65,4,6,4,12,6,0,0,0,0,0,0,0,910,26,2,1,45,673,0.23076923076923078,0.46153846153846156,0.15384615384615385,0.15384615384615385,35.0,0.3241758241758242,0.2978021978021978,0.07142857142857142,0,0,0,1.501888372281642,2.2526653021216707,Digital Convenience Shoppers
3629,1978,Graduation,Single,38557.0,1,0,2013-07-02,17,76,3,31,4,4,27,2,3,1,3,7,0,0,0,0,0,0,0,145,9,1,1,36,523,0.3333333333333333,0.3333333333333333,0.1111111111111111,0.2222222222222222,16.11111111111111,0.5241379310344828,0.21379310344827587,0.18620689655172415,0,0,1,-1.7445780313294033,-0.16078234944241152,Occasional / Low-Engagement
10991,1960,Master,Married,89058.0,0,0,2012-07-12,18,454,194,106,31,22,43,1,5,4,4,2,0,0,0,0,0,0,0,850,14,0,0,54,878,0.35714285714285715,0.2857142857142857,0.2857142857142857,0.07142857142857142,60.714285714285715,0.5341176470588235,0.12470588235294118,0.05058823529411765,0,0,3,1.6131543862629028,-1.1709883059715818,High-Value Elite
5077,1979,Graduation,Together,77298.0,0,1,2013-02-11,46,425,115,292,23,35,79,1,6,6,11,3,0,0,0,0,0,0,0,969,24,1,1,35,664,0.25,0.4583333333333333,0.25,0.041666666666666664,40.375,0.43859649122807015,0.3013415892672859,0.08152734778121776,0,0,0,2.715259996030622,0.004278308087267782,Digital Convenience Shoppers
7431,1991,PhD,Single,68126.0,0,0,2012-10-11,40,1332,17,311,23,51,86,1,7,4,5,9,0,1,0,0,0,0,1,1820,17,0,0,23,787,0.4117647058823529,0.29411764705882354,0.23529411764705882,0.058823529411764705,107.05882352941177,0.7318681318681318,0.17087912087912088,0.04725274725274725,1,1,0,1.5595568490115432,0.30036651795936714,Digital Convenience Shoppers
3267,1963,Master,Together,57288.0,0,1,2013-07-02,27,527,0,21,0,0,60,3,8,1,8,6,0,1,0,0,0,0,0,608,20,1,1,51,523,0.4,0.4,0.05,0.15,30.4,0.8667763157894737,0.03453947368421053,0.09868421052631579,1,1,0,0.7095543757147178,1.1412313682892965,Digital Convenience Shoppers
999,1991,Graduation,Single,86037.0,0,0,2013-02-01,95,490,44,125,29,20,22,1,6,7,11,3,0,1,1,0,0,0,1,730,25,0,0,23,674,0.24,0.44,0.28,0.04,29.2,0.6712328767123288,0.17123287671232876,0.030136986301369864,2,1,3,3.2212909100445533,-0.5058408856811383,High-Value Elite
9215,1980,PhD,Married,43974.0,1,0,2012-12-12,19,378,0,101,0,0,72,5,6,4,6,7,0,0,0,0,0,0,0,551,21,1,1,34,725,0.2857142857142857,0.2857142857142857,0.19047619047619047,0.23809523809523808,26.238095238095237,0.6860254083484574,0.18330308529945555,0.1306715063520871,0,0,2,0.341960288834392,1.9592243846173587,Deal & Discount Hunters
2286,1962,Graduation,Single,50785.0,1,1,2013-10-09,27,64,1,21,0,1,27,2,2,1,3,6,0,0,0,0,0,0,0,114,8,2,1,52,424,0.25,0.375,0.125,0.25,14.25,0.5614035087719298,0.18421052631578946,0.23684210526315788,0,0,1,-1.9104323474102018,-0.16237240276766685,Occasional / Low-Engagement
1592,1970,Graduation,Married,90765.0,0,0,2013-07-02,25,547,99,812,151,82,33,0,4,6,5,1,0,0,1,1,0,0,0,1724,15,0,0,44,523,0.26666666666666666,0.3333333333333333,0.4,0.0,114.93333333333334,0.31728538283062646,0.4709976798143852,0.0191415313225058,2,1,3,2.640244069768628,-2.26183019783489,High-Value Elite
367,1978,2n Cycle,Married,36550.0,1,0,2013-07-02,74,47,90,94,123,103,120,5,9,1,5,9,0,0,0,0,0,0,0,577,20,1,1,36,523,0.45,0.25,0.05,0.25,28.85,0.08145580589254767,0.16291161178509533,0.20797227036395147,0,0,2,-0.2793694541249574,2.39518003693045,Deal & Discount Hunters
5234,1967,2n Cycle,Together,30753.0,1,1,2013-11-07,85,12,5,25,0,9,30,2,1,1,3,5,0,0,0,0,0,0,0,81,7,2,1,47,395,0.14285714285714285,0.42857142857142855,0.14285714285714285,0.2857142857142857,11.571428571428571,0.14814814814814814,0.30864197530864196,0.37037037037037035,0,0,1,-2.3360101975139487,-0.4538243287258698,Occasional / Low-Engagement
9862,1969,Graduation,Together,21918.0,1,0,2013-07-02,37,1,6,7,11,5,3,2,2,0,3,6,0,0,0,0,0,0,0,33,7,1,1,45,523,0.2857142857142857,0.42857142857142855,0.0,0.2857142857142857,4.714285714285714,0.030303030303030304,0.21212121212121213,0.09090909090909091,0,0,1,-2.3499195511366184,-0.4431812529578959,Occasional / Low-Engagement
9805,1953,Master,Together,56129.0,0,1,2013-07-02,65,320,48,133,39,72,48,4,6,2,10,4,0,0,0,0,0,0,0,660,22,1,1,61,523,0.2727272727272727,0.45454545454545453,0.09090909090909091,0.18181818181818182,30.0,0.48484848484848486,0.2015151515151515,0.07272727272727272,0,0,0,1.2178046570881202,1.0125221357986793,Digital Convenience Shoppers
6205,1967,Master,Single,32557.0,1,0,2013-07-02,13,34,3,29,0,4,10,3,2,1,3,5,0,0,0,0,0,0,1,80,9,1,1,47,523,0.2222222222222222,0.3333333333333333,0.1111111111111111,0.3333333333333333,8.88888888888889,0.425,0.3625,0.125,0,0,1,-1.777361775895319,-0.25844341131705084,Occasional / Low-Engagement
8442,1985,Master,Married,19510.0,2,0,2013-04-09,63,9,0,7,3,4,7,2,1,0,3,7,0,0,0,0,0,0,0,30,6,2,1,29,607,0.16666666666666666,0.5,0.0,0.3333333333333333,5.0,0.3,0.23333333333333334,0.23333333333333334,0,0,1,-2.9646023890728515,0.18012283161178716,Occasional / Low-Engagement
7386,1976,Graduation,Divorced,30992.0,1,0,2013-07-02,83,17,0,14,7,3,2,1,1,0,3,7,0,0,0,0,0,0,0,43,5,1,1,38,523,0.2,0.6,0.0,0.2,8.6,0.3953488372093023,0.32558139534883723,0.046511627906976744,0,0,1,-2.4876801986227757,-0.8647833454726936,Occasional / Low-Engagement
7215,1983,Graduation,Single,101970.0,0,0,2013-12-03,69,722,27,102,44,72,168,0,6,8,13,2,0,1,1,1,0,0,1,1135,27,0,0,31,369,0.2222222222222222,0.48148148148148145,0.2962962962962963,0.0,42.03703703703704,0.6361233480176212,0.08986784140969163,0.14801762114537445,3,1,3,4.326325142911865,-1.3459653336034363,High-Value Elite
1491,1965,2n Cycle,Together,71488.0,0,0,2013-07-02,87,162,33,124,40,28,172,2,3,4,7,1,0,0,0,0,0,0,0,559,16,0,0,49,523,0.1875,0.4375,0.25,0.125,34.9375,0.2898032200357782,0.22182468694096602,0.3076923076923077,0,0,3,1.3963233710149097,-1.4652600014732362,High-Value Elite
11071,1984,Graduation,Single,79607.0,0,0,2013-07-02,37,450,133,951,173,0,216,1,3,6,6,1,0,0,0,0,0,0,1,1923,16,0,0,30,523,0.1875,0.375,0.375,0.0625,120.1875,0.23400936037441497,0.49453978159126366,0.11232449297971919,0,0,3,2.6342854219560525,-1.9535750254485562,High-Value Elite
3381,1953,Master,Married,54348.0,1,1,2014-08-06,51,70,0,16,0,0,4,2,2,0,4,6,0,0,0,0,0,0,0,90,8,2,1,61,123,0.25,0.5,0.0,0.25,11.25,0.7777777777777778,0.17777777777777778,0.044444444444444446,0,0,1,-1.9227088828773626,-0.5256522267985231,Occasional / Low-Engagement
8268,1961,PhD,Married,55212.0,0,1,2013-11-07,23,352,0,27,10,0,15,3,6,1,7,6,0,0,0,0,0,0,0,404,17,1,1,53,395,0.35294117647058826,0.4117647058823529,0.058823529411764705,0.17647058823529413,23.764705882352942,0.8712871287128713,0.06683168316831684,0.03712871287128713,0,0,0,0.026808548752190967,0.5861371397177212,Digital Convenience Shoppers
11051,1956,PhD,Together,77376.0,1,1,2014-10-05,72,492,19,110,16,12,12,4,6,3,10,4,0,0,0,0,0,0,0,661,23,2,1,58,63,0.2608695652173913,0.43478260869565216,0.13043478260869565,0.17391304347826086,28.73913043478261,0.7443267776096822,0.1664145234493192,0.018154311649016642,0,0,0,1.405714263767253,0.8583632197696166,Digital Convenience Shoppers
8026,1952,Graduation,Married,62998.0,0,1,2013-07-02,10,120,58,73,65,89,58,5,5,4,5,5,0,0,0,0,0,0,0,463,19,1,1,62,523,0.2631578947368421,0.2631578947368421,0.21052631578947367,0.2631578947368421,24.36842105263158,0.2591792656587473,0.15766738660907129,0.12526997840172785,0,0,2,0.5042228496734282,1.0501538162217654,Deal & Discount Hunters
433,1958,Master,Single,61331.0,1,1,2013-10-03,42,534,5,47,0,5,41,5,11,1,6,8,0,0,0,0,0,0,0,632,23,2,1,56,430,0.4782608695652174,0.2608695652173913,0.043478260869565216,0.21739130434782608,27.47826086956522,0.8449367088607594,0.07436708860759493,0.06487341772151899,0,0,2,0.4759430130915531,2.9281393201505286,Deal & Discount Hunters
9597,1969,Graduation,Married,73448.0,0,0,2014-10-02,10,236,106,189,23,41,130,1,7,2,9,4,0,0,0,0,0,0,0,725,19,0,0,45,66,0.3684210526315789,0.47368421052631576,0.10526315789473684,0.05263157894736842,38.1578947368421,0.3255172413793103,0.26068965517241377,0.1793103448275862,0,0,0,1.653536773423855,-1.1690505198670815,Digital Convenience Shoppers
1295,1963,Graduation,Married,52028.5,0,1,2013-11-08,96,231,65,196,38,71,124,1,6,5,7,4,0,0,0,0,0,0,0,725,19,1,1,51,394,0.3157894736842105,0.3684210526315789,0.2631578947368421,0.05263157894736842,38.1578947368421,0.31862068965517243,0.27034482758620687,0.17103448275862068,0,0,0,1.077373167440117,-0.39031269136490876,Digital Convenience Shoppers
5290,1964,PhD,Married,41551.0,1,1,2013-07-02,51,220,0,33,3,0,23,5,5,1,5,8,0,0,0,0,0,0,0,279,16,2,1,50,523,0.3125,0.3125,0.0625,0.3125,17.4375,0.7885304659498208,0.11827956989247312,0.08243727598566308,0,0,2,-1.2251908857178968,2.0719120177434154,Deal & Discount Hunters
1685,1967,PhD,Together,62981.0,0,0,2013-07-02,21,796,14,590,38,44,0,1,4,5,13,3,0,1,0,0,0,0,0,1482,23,0,0,47,523,0.17391304347826086,0.5652173913043478,0.21739130434782608,0.043478260869565216,64.43478260869566,0.5371120107962213,0.398110661268556,0.0,1,1,3,2.9299559511050397,-0.8664454016867955,High-Value Elite
5342,1976,Basic,Divorced,9548.0,1,0,2012-08-08,31,0,1,3,10,6,9,2,1,0,3,8,0,0,0,0,0,0,0,29,6,1,1,38,851,0.16666666666666666,0.5,0.0,0.3333333333333333,4.833333333333333,0.0,0.10344827586206896,0.3103448275862069,0,0,1,-2.91697477828446,0.19868115725340532,Occasional / Low-Engagement
9579,1959,PhD,Married,33762.0,2,1,2013-07-07,61,53,1,34,2,0,16,3,2,2,2,8,0,0,0,0,0,0,0,106,9,3,1,55,518,0.2222222222222222,0.2222222222222222,0.2222222222222222,0.3333333333333333,11.777777777777779,0.5,0.32075471698113206,0.1509433962264151,0,0,1,-2.6878988805401325,1.187710766329523,Occasional / Low-Engagement
7660,1973,PhD,Single,35860.0,1,1,2013-07-02,37,15,0,8,4,2,20,2,1,1,2,5,1,0,0,0,0,0,1,49,6,2,1,41,523,0.16666666666666666,0.3333333333333333,0.16666666666666666,0.3333333333333333,8.166666666666666,0.30612244897959184,0.16326530612244897,0.40816326530612246,1,1,1,-2.4204635764948077,-0.37173861725623264,Occasional / Low-Engagement
1461,1965,PhD,Divorced,36921.0,1,1,2013-07-02,74,17,1,12,3,1,4,2,2,0,3,7,0,0,0,0,0,0,0,38,7,2,1,49,523,0.2857142857142857,0.42857142857142855,0.0,0.2857142857142857,5.428571428571429,0.4473684210526316,0.3157894736842105,0.10526315789473684,0,0,1,-2.492694583189963,0.15918054257674483,Occasional / Low-Engagement
821,1992,Master,Single,92859.0,0,0,2013-07-02,46,962,61,921,52,61,20,1,5,4,12,2,0,0,0,0,0,0,0,2077,22,0,0,22,523,0.22727272727272727,0.5454545454545454,0.18181818181818182,0.045454545454545456,94.4090909090909,0.4631680308136736,0.44342802118440056,0.009629272989889264,0,0,3,3.820169979320614,-1.1321501753918102,High-Value Elite
11084,1976,Master,Together,65104.0,0,1,2013-07-02,4,738,0,232,13,20,50,2,3,5,7,7,0,0,0,0,0,0,1,1053,17,1,1,38,523,0.17647058823529413,0.4117647058823529,0.29411764705882354,0.11764705882352941,61.94117647058823,0.7008547008547008,0.22032288698955366,0.04748338081671415,0,0,0,0.7778023367510726,0.07472961811604197,Digital Convenience Shoppers
8690,1962,Graduation,Married,86111.0,0,0,2013-07-02,73,399,28,756,36,40,126,1,5,7,10,2,0,0,0,0,0,0,0,1385,23,0,0,52,523,0.21739130434782608,0.43478260869565216,0.30434782608695654,0.043478260869565216,60.21739130434783,0.28808664259927796,0.5458483754512635,0.09097472924187726,0,0,3,3.4395184334973004,-1.1392819596414285,High-Value Elite
2937,1974,PhD,Single,68352.0,0,1,2013-07-02,47,614,16,132,43,33,33,3,8,5,9,6,0,0,0,0,0,0,0,871,25,1,1,40,523,0.32,0.36,0.2,0.12,34.84,0.7049368541905855,0.1515499425947187,0.03788748564867968,0,0,0,2.0042838368463336,1.2520416856851366,Digital Convenience Shoppers
9701,1988,Graduation,Together,41883.0,1,0,2013-07-02,13,32,34,41,73,16,116,3,4,2,3,7,0,0,0,0,0,0,0,312,12,1,1,26,523,0.3333333333333333,0.25,0.16666666666666666,0.25,26.0,0.10256410256410256,0.13141025641025642,0.3717948717948718,0,0,1,-1.1783408659567083,0.3770391341003093,Occasional / Low-Engagement
9949,1976,Graduation,Married,59809.0,0,2,2013-07-02,36,598,16,141,32,41,49,3,3,3,6,8,0,0,0,0,0,0,0,877,15,2,1,38,523,0.2,0.4,0.2,0.2,58.46666666666667,0.6818700114025086,0.16077537058152794,0.055872291904218926,0,0,2,-0.35262633929383747,1.0183322393330867,Deal & Discount Hunters
10837,1975,Graduation,Married,23957.0,1,0,2013-07-02,47,2,1,18,20,11,16,1,2,0,3,6,0,0,0,0,0,0,1,68,6,1,1,39,523,0.3333333333333333,0.5,0.0,0.16666666666666666,11.333333333333334,0.029411764705882353,0.2647058823529412,0.23529411764705882,0,0,1,-2.334704862342551,-0.8229156861455984,Occasional / Low-Engagement
3120,1981,Graduation,Together,38547.0,1,0,2013-07-02,49,6,1,10,0,1,4,1,1,0,2,8,0,0,0,0,0,1,0,22,4,1,1,33,523,0.25,0.5,0.0,0.25,5.5,0.2727272727272727,0.45454545454545453,0.18181818181818182,0,0,1,-2.6533812441980564,-0.7999471045511098,Occasional / Low-Engagement
5885,1973,2n Cycle,Married,35688.0,2,1,2013-07-02,94,73,3,90,12,1,32,7,4,1,4,8,0,0,0,0,0,0,0,211,16,3,1,41,523,0.25,0.25,0.0625,0.4375,13.1875,0.3459715639810427,0.4265402843601896,0.15165876777251186,0,0,2,-1.9126044911173252,3.0970419090854957,Deal & Discount Hunters
4050,1966,Master,Married,49605.0,0,0,2013-07-02,65,42,16,29,12,20,8,1,2,1,4,3,0,0,0,0,0,0,0,127,8,0,0,48,523,0.25,0.5,0.125,0.125,15.875,0.33070866141732286,0.2283464566929134,0.06299212598425197,0,0,1,-0.8033449414640649,-1.8475085013441461,Occasional / Low-Engagement
3830,1953,Master,Married,59354.0,0,2,2013-07-02,59,295,21,78,39,13,13,1,4,4,7,3,0,0,0,0,0,0,0,459,16,2,1,61,523,0.25,0.4375,0.25,0.0625,28.6875,0.6427015250544662,0.16993464052287582,0.02832244008714597,0,0,0,0.34444039664298287,-0.2449593315687522,Digital Convenience Shoppers
7987,1969,Graduation,Married,65747.0,0,1,2014-07-03,96,346,17,48,23,13,13,4,8,1,6,6,0,1,0,0,0,0,0,460,19,1,1,45,157,0.42105263157894735,0.3157894736842105,0.05263157894736842,0.21052631578947367,24.210526315789473,0.7521739130434782,0.10434782608695652,0.02826086956521739,1,1,0,0.4315711715797963,0.8402506265825387,Digital Convenience Shoppers
7798,1972,2n Cycle,Together,46344.0,0,1,2013-07-02,28,233,20,57,8,20,91,4,7,1,5,7,0,0,0,0,0,0,0,429,17,1,1,42,523,0.4117647058823529,0.29411764705882354,0.058823529411764705,0.23529411764705882,25.235294117647058,0.5431235431235432,0.13286713286713286,0.21212121212121213,0,0,2,-0.34197309787878283,1.339947884669526,Deal & Discount Hunters
92,1988,Graduation,Single,34176.0,1,0,2014-12-05,12,5,7,24,19,14,20,4,3,0,4,6,0,0,0,0,0,0,0,89,11,1,1,26,2,0.2727272727272727,0.36363636363636365,0.0,0.36363636363636365,8.090909090909092,0.056179775280898875,0.2696629213483146,0.2247191011235955,0,0,1,-1.7542007954215533,-0.19733662914762806,Occasional / Low-Engagement
7055,1952,PhD,Together,61010.0,0,1,2012-09-10,57,888,0,57,0,0,76,2,8,5,11,5,0,0,0,0,0,0,0,1021,26,1,1,62,818,0.3076923076923077,0.4230769230769231,0.19230769230769232,0.07692307692307693,39.26923076923077,0.8697355533790402,0.05582761998041136,0.07443682664054849,0,0,0,2.425223698967769,1.2750873865001144,Digital Convenience Shoppers
10240,1949,Graduation,Together,69372.0,0,0,2013-07-02,10,997,26,269,34,13,42,1,10,4,6,4,0,1,1,0,0,0,1,1381,21,0,0,65,523,0.47619047619047616,0.2857142857142857,0.19047619047619047,0.047619047619047616,65.76190476190476,0.721940622737147,0.1947863866763215,0.03041274438812455,2,1,0,2.446067747692736,-0.25796569221114796,Digital Convenience Shoppers
3025,1958,Graduation,Single,49967.0,0,1,2013-08-07,4,212,6,69,4,12,3,3,6,1,5,7,0,0,0,0,0,0,0,306,15,1,1,56,487,0.4,0.3333333333333333,0.06666666666666667,0.2,20.4,0.6928104575163399,0.22549019607843138,0.00980392156862745,0,0,2,-0.5772065689177303,0.7543496607154552,Deal & Discount Hunters
9283,1978,Graduation,Single,60199.0,1,2,2013-12-09,49,8,1,7,2,0,0,1,0,0,3,4,0,0,0,0,0,0,0,18,4,3,1,36,363,0.0,0.75,0.0,0.25,4.5,0.4444444444444444,0.3888888888888889,0.0,0,0,1,-2.4384353400324583,-0.8255752161561779,Occasional / Low-Engagement
9970,1977,Graduation,Together,55375.0,0,1,2013-07-02,3,42,11,57,10,28,14,1,1,1,6,2,0,0,0,0,0,0,0,162,9,1,1,37,523,0.1111111111111111,0.6666666666666666,0.1111111111111111,0.1111111111111111,18.0,0.25925925925925924,0.35185185185185186,0.08641975308641975,0,0,1,-0.7069062741224381,-1.5323300266835431,Occasional / Low-Engagement
2730,1955,Graduation,Single,80317.0,0,0,2013-07-02,64,536,11,387,149,91,57,1,3,4,10,1,0,0,0,0,0,0,0,1231,18,0,0,59,523,0.16666666666666666,0.5555555555555556,0.2222222222222222,0.05555555555555555,68.38888888888889,0.4354183590576767,0.314378554021121,0.0463038180341186,0,0,3,2.4734249740349186,-1.6814307174870993,High-Value Elite
2795,1958,Master,Single,30523.0,2,1,2013-01-07,0,5,0,3,0,0,5,1,1,0,2,7,0,0,0,0,0,0,0,13,4,3,1,56,699,0.25,0.5,0.0,0.25,3.25,0.38461538461538464,0.23076923076923078,0.38461538461538464,0,0,1,-3.3022371976919773,0.3383128228264076,Occasional / Low-Engagement
9260,1945,PhD,Married,70356.0,0,0,2012-05-11,20,1349,16,249,43,16,33,2,10,6,9,6,0,0,0,0,0,0,0,1706,27,0,0,69,940,0.37037037037037035,0.3333333333333333,0.2222222222222222,0.07407407407407407,63.18518518518518,0.7907385697538101,0.14595545134818289,0.019343493552168817,0,0,0,3.447226701585323,1.2275884929363237,Digital Convenience Shoppers
8182,1984,Graduation,Married,23228.0,1,0,2014-05-01,91,53,3,49,7,4,5,4,3,0,4,8,0,0,0,0,0,0,0,121,11,1,1,30,220,0.2727272727272727,0.36363636363636365,0.0,0.36363636363636365,11.0,0.4380165289256198,0.4049586776859504,0.04132231404958678,0,0,1,-2.113245004729266,0.4430254579473617,Occasional / Low-Engagement
10095,1975,PhD,Divorced,74165.0,0,0,2013-01-05,9,1001,12,240,16,12,12,1,5,4,10,2,0,0,0,0,0,0,0,1293,20,0,0,39,701,0.25,0.5,0.2,0.05,64.65,0.774168600154679,0.18561484918793503,0.009280742459396751,0,0,3,2.6185537789707003,-0.9147100900797905,High-Value Elite
8475,1973,PhD,Married,157243.0,0,1,2014-01-03,98,20,2,1582,1,2,1,15,0,22,0,0,0,0,0,0,0,0,0,1608,37,1,1,41,338,0.0,0.0,0.5945945945945946,0.40540540540540543,43.45945945945946,0.012437810945273632,0.9838308457711443,0.0006218905472636816,0,0,3,5.7863521662010475,2.4211182574912242,High-Value Elite
4370,1966,Graduation,Together,43482.0,2,1,2013-07-02,83,18,1,32,6,3,28,3,2,0,4,6,0,0,0,0,0,0,0,88,9,3,1,48,523,0.2222222222222222,0.4444444444444444,0.0,0.3333333333333333,9.777777777777779,0.20454545454545456,0.36363636363636365,0.3181818181818182,0,0,1,-2.3178335561230514,0.9156512640437987,Occasional / Low-Engagement
10573,1953,Graduation,Divorced,62551.0,0,0,2013-07-02,27,125,16,98,134,21,27,1,6,7,4,3,1,0,0,0,0,0,0,421,18,0,0,61,523,0.3333333333333333,0.2222222222222222,0.3888888888888889,0.05555555555555555,23.38888888888889,0.29691211401425177,0.2327790973871734,0.06413301662707839,1,1,3,1.3642462627590795,-1.0836533670240391,High-Value Elite
3712,1959,Graduation,Divorced,52332.0,0,0,2013-07-02,63,212,5,33,7,0,2,1,3,2,6,4,0,1,0,0,0,0,0,259,12,0,0,55,523,0.25,0.5,0.16666666666666666,0.08333333333333333,21.583333333333332,0.8185328185328186,0.1274131274131274,0.007722007722007722,1,1,1,-0.10225071397255472,-1.3609084340665218,Occasional / Low-Engagement
6637,1988,Graduation,Single,66951.0,0,0,2013-02-11,46,277,162,305,173,76,124,1,3,4,7,1,0,0,0,0,0,0,0,1117,15,0,0,26,664,0.2,0.4666666666666667,0.26666666666666666,0.06666666666666667,74.46666666666667,0.24798567591763654,0.2730528200537153,0.11101163831692032,0,0,3,1.6656030616536108,-1.6503971709554754,High-Value Elite
3152,1957,Graduation,Together,26091.0,1,1,2013-07-02,84,15,10,19,8,17,20,3,2,1,3,5,0,0,0,0,0,0,0,89,9,2,1,57,523,0.2222222222222222,0.3333333333333333,0.1111111111111111,0.3333333333333333,9.88888888888889,0.16853932584269662,0.21348314606741572,0.2247191011235955,0,0,1,-2.1899061632475534,0.267678334145301,Occasional / Low-Engagement
5610,1965,Graduation,Together,33456.0,1,1,2013-07-02,58,7,3,10,8,1,7,2,1,0,3,7,0,0,0,0,0,0,0,36,6,2,1,49,523,0.16666666666666666,0.5,0.0,0.3333333333333333,6.0,0.19444444444444445,0.2777777777777778,0.19444444444444445,0,0,1,-2.718247402078722,0.010003469459313387,Occasional / Low-Engagement
6460,1982,Graduation,Married,28718.0,1,0,2013-07-02,78,12,4,6,11,8,16,2,2,0,3,8,0,0,0,0,0,0,0,57,7,1,1,32,523,0.2857142857142857,0.42857142857142855,0.0,0.2857142857142857,8.142857142857142,0.21052631578947367,0.10526315789473684,0.2807017543859649,0,0,1,-2.431198198149899,-0.1561269677675533,Occasional / Low-Engagement
1349,1970,Graduation,Married,50447.0,2,0,2013-07-02,4,85,7,24,2,3,27,1,3,1,3,6,0,0,0,0,0,0,0,148,8,2,1,44,523,0.375,0.375,0.125,0.125,18.5,0.5743243243243243,0.16216216216216217,0.18243243243243243,0,0,1,-1.7735175165864672,-0.22770088257722312,Occasional / Low-Engagement
1880,1959,PhD,Together,53537.0,1,1,2013-07-02,17,81,0,6,0,0,6,2,2,1,3,5,0,0,0,0,0,0,0,93,8,2,1,55,523,0.25,0.375,0.125,0.25,11.625,0.8709677419354839,0.06451612903225806,0.06451612903225806,0,0,1,-1.7441997040585748,-0.20612297748267674,Occasional / Low-Engagement
641,1967,Graduation,Single,52074.0,0,1,2014-04-04,77,59,0,12,0,0,48,1,2,2,2,4,1,0,0,0,0,0,0,119,7,1,1,47,247,0.2857142857142857,0.2857142857142857,0.2857142857142857,0.14285714285714285,17.0,0.4957983193277311,0.10084033613445378,0.40336134453781514,1,1,1,-1.3869531763923315,-1.6640590808345492,Occasional / Low-Engagement
8717,1975,PhD,Married,80427.0,0,1,2012-12-09,56,1149,71,449,69,71,26,1,11,8,8,5,0,0,0,0,0,0,0,1835,28,1,1,39,728,0.39285714285714285,0.2857142857142857,0.2857142857142857,0.03571428571428571,65.53571428571429,0.626158038147139,0.2446866485013624,0.014168937329700272,0,0,0,3.8058818414491733,1.0221216401521618,Digital Convenience Shoppers
10314,1948,PhD,Married,83837.0,0,0,2013-07-02,79,847,66,119,86,89,111,1,9,10,5,4,0,1,0,1,0,0,1,1318,25,0,0,66,523,0.36,0.2,0.4,0.04,52.72,0.6426403641881638,0.09028831562974203,0.08421851289833081,2,1,3,3.4646490497104927,-0.41817923535472135,High-Value Elite
10854,1970,PhD,Married,38853.0,1,1,2013-07-02,90,29,0,14,0,0,2,2,2,0,3,7,0,0,0,0,0,0,0,45,7,2,1,44,523,0.2857142857142857,0.42857142857142855,0.0,0.2857142857142857,6.428571428571429,0.6444444444444445,0.3111111111111111,0.044444444444444446,0,0,1,-2.448853422380746,0.14682257385912909,Occasional / Low-Engagement
10492,1959,Graduation,Together,38285.0,2,1,2013-07-02,96,2,0,5,2,0,1,1,0,0,3,2,0,0,0,0,0,0,0,10,4,3,1,55,523,0.0,0.75,0.0,0.25,2.5,0.2,0.5,0.1,0,0,1,-2.57978732977645,-0.8575499924662188,Occasional / Low-Engagement
6935,1951,2n Cycle,Married,78497.0,0,0,2013-01-12,44,207,26,447,75,0,223,1,5,7,12,2,0,0,0,1,0,0,0,978,25,0,0,63,694,0.2,0.48,0.28,0.04,39.12,0.2116564417177914,0.4570552147239264,0.2280163599182004,1,1,3,3.3731903767531954,-0.7070105405639107,High-Value Elite
7698,1976,PhD,Married,51650.0,0,1,2014-11-05,81,152,3,22,2,5,7,1,4,1,4,5,0,0,0,0,0,0,0,191,10,1,1,38,32,0.4,0.4,0.1,0.1,19.1,0.7958115183246073,0.11518324607329843,0.03664921465968586,0,0,1,-1.03107440866007,-1.3253558256369757,Occasional / Low-Engagement
3559,1988,2n Cycle,Married,16248.0,1,0,2014-10-05,77,12,11,10,3,12,9,3,2,1,3,6,0,0,0,0,0,0,0,57,9,1,1,26,63,0.2222222222222222,0.3333333333333333,0.1111111111111111,0.3333333333333333,6.333333333333333,0.21052631578947367,0.17543859649122806,0.15789473684210525,0,0,1,-2.2718026983516904,-0.6333395232706033,Occasional / Low-Engagement
10562,1946,Master,Married,66835.0,0,0,2013-07-02,21,620,26,195,34,17,141,1,6,4,13,2,0,0,0,0,0,0,0,1033,24,0,0,68,523,0.25,0.5416666666666666,0.16666666666666666,0.041666666666666664,43.041666666666664,0.6001936108422071,0.1887705711519845,0.13649564375605033,0,0,3,2.9350288420032142,-0.7124952303949151,High-Value Elite
10796,1984,Master,Married,30477.0,1,0,2013-07-02,16,47,1,6,0,0,12,1,1,1,3,6,0,0,0,0,0,0,0,66,6,1,1,30,523,0.16666666666666666,0.5,0.16666666666666666,0.16666666666666666,11.0,0.7121212121212122,0.09090909090909091,0.18181818181818182,0,0,1,-2.195181336968847,-0.9868498568485569,Occasional / Low-Engagement
2563,1961,Basic,Married,28249.0,0,0,2013-07-02,80,1,9,7,2,14,10,1,2,0,3,6,0,0,0,0,0,0,0,43,6,0,0,53,523,0.3333333333333333,0.5,0.0,0.16666666666666666,7.166666666666667,0.023255813953488372,0.16279069767441862,0.23255813953488372,0,0,1,-1.9513786653320806,-1.3608692161991742,Occasional / Low-Engagement
3518,1983,Graduation,Married,25271.0,1,0,2012-05-12,45,10,1,18,10,4,7,1,1,1,2,9,0,0,0,0,0,0,0,50,5,1,1,31,939,0.2,0.4,0.2,0.2,10.0,0.2,0.36,0.14,0,0,1,-2.7429722126308276,-0.011266902842804032,Occasional / Low-Engagement
5823,1970,PhD,Single,32303.0,0,1,2014-08-03,63,35,0,2,0,0,2,2,1,0,4,5,0,0,0,0,0,0,0,39,7,1,1,44,126,0.14285714285714285,0.5714285714285714,0.0,0.2857142857142857,5.571428571428571,0.8974358974358975,0.05128205128205128,0.05128205128205128,0,0,1,-2.08773024910547,-1.269011573961863,Occasional / Low-Engagement
3934,1966,Graduation,Married,61286.0,0,1,2013-02-08,34,356,0,107,19,9,117,2,7,1,8,5,0,0,0,0,0,0,0,608,18,1,1,48,667,0.3888888888888889,0.4444444444444444,0.05555555555555555,0.1111111111111111,33.77777777777778,0.5855263157894737,0.17598684210526316,0.1924342105263158,0,0,0,0.7186039694688171,0.6109948458690351,Digital Convenience Shoppers
6982,1976,Graduation,Married,74068.0,0,0,2013-07-02,14,783,30,537,140,76,15,1,4,10,9,2,0,0,0,0,0,0,0,1581,24,0,0,38,523,0.16666666666666666,0.375,0.4166666666666667,0.041666666666666664,65.875,0.4952561669829222,0.3396584440227704,0.009487666034155597,0,0,3,3.5695983143780774,-1.247569030318024,High-Value Elite
6431,1964,PhD,Married,45759.0,1,1,2013-07-02,13,42,1,18,3,0,4,2,2,0,3,7,0,0,0,0,0,0,0,68,7,2,1,50,523,0.2857142857142857,0.42857142857142855,0.0,0.2857142857142857,9.714285714285714,0.6176470588235294,0.2647058823529412,0.058823529411764705,0,0,1,-2.3218680196893184,0.13155984669420892,Occasional / Low-Engagement
9733,1978,Basic,Together,24882.0,1,0,2012-09-09,52,1,4,10,29,0,36,1,1,1,2,6,1,0,0,0,0,0,0,80,5,1,1,36,819,0.2,0.4,0.2,0.2,16.0,0.0125,0.125,0.45,1,1,1,-2.3996674007941685,-0.6595738802744642,Occasional / Low-Engagement
5602,1989,PhD,Together,66973.0,0,0,2013-07-02,98,466,22,432,147,113,102,1,8,7,12,3,0,0,0,0,0,0,0,1282,28,0,0,25,523,0.2857142857142857,0.42857142857142855,0.25,0.03571428571428571,45.785714285714285,0.36349453978159124,0.3369734789391576,0.07956318252730109,0,0,3,3.709914206113239,-0.23900099839132616,High-Value Elite
1324,1988,Graduation,Married,38872.0,1,0,2013-07-02,93,23,3,21,3,19,22,2,3,0,3,8,0,0,0,0,0,0,0,91,8,1,1,26,523,0.375,0.375,0.0,0.25,11.375,0.25274725274725274,0.23076923076923078,0.24175824175824176,0,0,1,-2.0603734232720377,-0.03805922156080844,Occasional / Low-Engagement
326,1973,Graduation,Married,51148.0,1,1,2013-07-02,38,235,6,45,8,9,12,4,5,1,6,6,0,0,0,0,0,0,0,315,16,2,1,41,523,0.3125,0.375,0.0625,0.25,19.6875,0.746031746031746,0.14285714285714285,0.0380952380952381,0,0,2,-0.6756939945424473,1.410261755732927,Deal & Discount Hunters
7224,1977,Graduation,Married,31353.0,1,1,2013-07-02,24,10,0,10,3,1,7,2,1,1,2,8,0,0,0,0,0,0,0,31,6,2,1,37,523,0.16666666666666666,0.3333333333333333,0.16666666666666666,0.3333333333333333,5.166666666666667,0.3225806451612903,0.3225806451612903,0.22580645161290322,0,0,1,-2.866626894072043,0.1428040468051386,Occasional / Low-Engagement
6999,1980,Master,Married,69661.0,0,0,2013-07-02,80,656,16,106,32,16,8,1,7,3,12,3,0,0,0,0,0,0,0,834,23,0,0,34,523,0.30434782608695654,0.5217391304347826,0.13043478260869565,0.043478260869565216,36.26086956521739,0.7865707434052758,0.12709832134292565,0.009592326139088728,0,0,0,2.5510013403262652,-0.4950518562531766,Digital Convenience Shoppers
9938,1954,Graduation,Married,80067.0,0,0,2013-07-02,82,519,17,813,27,173,51,1,4,6,6,2,0,0,1,0,0,0,0,1600,17,0,0,60,523,0.23529411764705882,0.35294117647058826,0.35294117647058826,0.058823529411764705,94.11764705882354,0.324375,0.508125,0.031875,1,1,3,2.469112465086398,-1.6158592919278358,High-Value Elite
6422,1954,Graduation,Married,86718.0,0,0,2013-07-02,20,344,189,482,50,33,172,1,5,6,5,2,0,0,0,0,0,0,0,1270,17,0,0,60,523,0.29411764705882354,0.29411764705882354,0.35294117647058826,0.058823529411764705,74.70588235294117,0.27086614173228346,0.3795275590551181,0.13543307086614173,0,0,3,2.339316327965445,-1.5196094746996938,High-Value Elite
3182,1973,PhD,Single,46854.0,1,1,2013-07-02,81,96,1,79,7,1,79,6,5,1,3,8,1,0,0,0,0,0,1,263,15,2,1,41,523,0.3333333333333333,0.2,0.06666666666666667,0.4,17.533333333333335,0.3650190114068441,0.30038022813688214,0.30038022813688214,1,1,2,-1.4179412177933233,2.2618922733556843,Deal & Discount Hunters
7300,1952,Graduation,Divorced,69142.0,0,1,2013-07-02,50,448,4,34,6,4,39,3,8,1,7,5,0,1,0,0,0,0,0,535,19,1,1,62,523,0.42105263157894735,0.3684210526315789,0.05263157894736842,0.15789473684210525,28.157894736842106,0.8373831775700935,0.06355140186915888,0.07289719626168224,1,1,0,0.8309438297804457,0.8504634735860742,Digital Convenience Shoppers
10424,1968,Graduation,Single,75922.0,0,0,2013-09-12,60,265,138,553,224,23,92,1,4,4,9,1,0,0,0,0,0,0,0,1295,18,0,0,46,451,0.2222222222222222,0.5,0.2222222222222222,0.05555555555555555,71.94444444444444,0.20463320463320464,0.42702702702702705,0.07104247104247104,0,0,3,2.4138672074692296,-1.6640855044795526,High-Value Elite
8727,1978,Graduation,Divorced,63693.0,0,1,2013-07-02,63,587,43,337,42,87,54,3,11,6,9,6,0,0,0,0,0,0,0,1150,29,1,1,36,523,0.3793103448275862,0.3103448275862069,0.20689655172413793,0.10344827586206896,39.6551724137931,0.5104347826086957,0.29304347826086957,0.04695652173913043,0,0,0,2.7703865080180603,1.784126518649957,Digital Convenience Shoppers
2798,1977,PhD,Together,102160.0,0,0,2012-02-11,54,763,29,138,76,176,58,0,7,9,10,4,0,1,1,1,0,0,1,1240,26,0,0,37,1030,0.2692307692307692,0.38461538461538464,0.34615384615384615,0.0,47.69230769230769,0.6153225806451613,0.11129032258064517,0.0467741935483871,3,1,3,4.115469295740149,-0.18997096864832727,High-Value Elite
1030,1965,PhD,Single,40637.0,1,1,2013-07-02,72,22,0,13,0,0,3,2,1,0,3,7,0,0,0,0,0,0,0,38,6,2,1,49,523,0.16666666666666666,0.5,0.0,0.3333333333333333,6.333333333333333,0.5789473684210527,0.34210526315789475,0.07894736842105263,0,0,1,-2.5815580654939567,-0.02485049935323937,Occasional / Low-Engagement
624,1984,Master,Single,18890.0,0,0,2012-10-11,5,6,4,1,7,2,15,1,0,1,2,6,1,0,0,0,0,0,1,35,4,0,0,30,787,0.0,0.5,0.25,0.25,8.75,0.17142857142857143,0.02857142857142857,0.42857142857142855,1,1,1,-2.398816215229644,-1.3434486360002709,Occasional / Low-Engagement
5176,1988,Graduation,Together,29604.0,1,0,2013-08-12,88,7,6,13,7,6,14,1,1,0,3,9,1,0,0,0,0,0,0,53,5,1,1,26,482,0.2,0.6,0.0,0.2,10.6,0.1320754716981132,0.24528301886792453,0.2641509433962264,1,1,1,-2.7439028769164997,-0.586353967136002,Occasional / Low-Engagement
5552,1963,Master,Divorced,48721.0,1,1,2013-07-02,50,81,18,113,47,13,21,6,4,2,5,6,0,0,0,0,0,0,0,293,17,2,1,51,523,0.23529411764705882,0.29411764705882354,0.11764705882352941,0.35294117647058826,17.235294117647058,0.2764505119453925,0.3856655290102389,0.07167235494880546,0,0,2,-0.7755831120770572,1.9372103770285882,Deal & Discount Hunters
868,1966,Graduation,Married,44794.0,0,1,2014-08-06,99,54,0,7,0,0,4,1,2,0,3,6,0,0,0,0,0,0,0,65,6,1,1,48,123,0.3333333333333333,0.5,0.0,0.16666666666666666,10.833333333333334,0.8307692307692308,0.1076923076923077,0.06153846153846154,0,0,1,-2.007398562792193,-1.446115913775822,Occasional / Low-Engagement
380,1954,Graduation,Divorced,64497.0,0,1,2012-10-09,17,1170,48,320,42,32,192,5,11,4,9,8,1,0,0,0,0,0,1,1804,29,1,1,60,789,0.3793103448275862,0.3103448275862069,0.13793103448275862,0.1724137931034483,62.206896551724135,0.6485587583148559,0.17738359201773837,0.10643015521064302,1,1,0,2.770099347579802,3.1085831617394573,Digital Convenience Shoppers
2677,1956,Graduation,Together,46097.0,0,1,2013-07-02,11,72,24,68,65,4,8,5,3,1,6,4,0,0,0,0,0,0,0,241,15,1,1,58,523,0.2,0.4,0.06666666666666667,0.3333333333333333,16.066666666666666,0.2987551867219917,0.2821576763485477,0.03319502074688797,0,0,2,-0.5444087926751395,0.632526041755144,Deal & Discount Hunters
6521,1954,Graduation,Together,77972.0,0,0,2013-07-02,18,613,22,319,33,102,12,1,4,6,9,1,0,0,0,0,0,0,0,1101,20,0,0,60,523,0.2,0.45,0.3,0.05,55.05,0.5567665758401453,0.28973660308810173,0.010899182561307902,0,0,3,2.6884186716596643,-1.5075352171294576,High-Value Elite
6927,1968,PhD,Married,44377.0,1,1,2012-05-10,70,224,0,30,0,0,10,8,5,1,5,8,0,0,0,0,0,0,0,264,19,2,1,46,941,0.2631578947368421,0.2631578947368421,0.05263157894736842,0.42105263157894735,13.894736842105264,0.8484848484848485,0.11363636363636363,0.03787878787878788,0,0,2,-0.964654952075472,3.699636326588039,Deal & Discount Hunters
2877,1974,Master,Together,46014.0,1,1,2013-07-02,21,410,0,59,19,9,44,10,7,1,8,7,0,0,0,0,0,0,0,541,26,2,1,40,523,0.2692307692307692,0.3076923076923077,0.038461538461538464,0.38461538461538464,20.807692307692307,0.7578558225508318,0.10905730129390019,0.08133086876155268,0,0,2,0.20785277556614964,4.2714497106184455,Deal & Discount Hunters
0,1985,Graduation,Married,70951.0,0,0,2013-04-05,66,239,10,554,254,87,54,1,3,4,9,1,0,0,0,0,0,0,0,1198,17,0,0,29,611,0.17647058823529413,0.5294117647058824,0.23529411764705882,0.058823529411764705,70.47058823529412,0.1994991652754591,0.46243739565943237,0.045075125208681135,0,0,3,2.1255303700632453,-1.5980623065717134,High-Value Elite
1584,1977,Graduation,Married,41443.0,1,0,2014-01-04,79,171,7,171,25,19,89,6,8,1,5,8,0,0,0,0,0,0,0,482,20,1,1,37,337,0.4,0.25,0.05,0.3,24.1,0.35477178423236516,0.35477178423236516,0.18464730290456433,0,0,2,-0.2767770065064333,2.1708548235852225,Deal & Discount Hunters
7264,1978,2n Cycle,Single,52195.0,2,1,2014-12-05,2,12,0,4,0,0,1,1,1,0,2,8,0,0,0,0,0,0,0,17,4,3,1,36,2,0.25,0.5,0.0,0.25,4.25,0.7058823529411765,0.23529411764705882,0.058823529411764705,0,0,1,-3.1299127591635756,-0.5007974867629376,Occasional / Low-Engagement
6274,1948,Master,Married,83790.0,0,0,2013-07-02,81,1076,16,417,42,48,16,1,8,10,6,3,0,1,1,0,0,0,0,1615,25,0,0,66,523,0.32,0.24,0.4,0.04,64.6,0.6662538699690402,0.2582043343653251,0.009907120743034056,2,1,3,3.796550922874174,-0.6925411132646269,High-Value Elite
1377,1954,Master,Widow,44551.0,0,1,2013-07-02,24,182,4,33,0,0,66,2,4,1,5,7,0,0,0,0,0,0,0,285,12,1,1,60,523,0.3333333333333333,0.4166666666666667,0.08333333333333333,0.16666666666666666,23.75,0.6385964912280702,0.11578947368421053,0.23157894736842105,0,0,1,-1.044084589528899,0.11923589807960915,Occasional / Low-Engagement
454,1980,Graduation,Together,69508.0,1,0,2013-07-02,48,824,32,162,42,32,43,2,11,4,11,6,0,0,0,0,0,0,0,1135,28,1,1,34,523,0.39285714285714285,0.39285714285714285,0.14285714285714285,0.07142857142857142,40.535714285714285,0.7259911894273128,0.14273127753303966,0.03788546255506608,0,0,0,2.7812635066947022,1.491177768437755,Digital Convenience Shoppers
1755,1988,2n Cycle,Together,45204.0,1,0,2014-11-04,93,30,11,25,29,1,18,1,1,1,4,3,0,0,0,0,0,0,0,114,7,1,1,26,33,0.14285714285714285,0.5714285714285714,0.14285714285714285,0.14285714285714285,16.285714285714285,0.2631578947368421,0.21929824561403508,0.15789473684210525,0,0,1,-1.4394792791798863,-2.125243290706392,Occasional / Low-Engagement
2075,1969,Graduation,Married,72460.0,0,0,2013-07-02,56,377,10,540,80,30,10,1,3,5,7,1,0,0,0,0,0,0,0,1047,16,0,0,45,523,0.1875,0.4375,0.3125,0.0625,65.4375,0.3600764087870105,0.5157593123209169,0.009551098376313277,0,0,3,1.8817620769572176,-1.8302258625266319,High-Value Elite
4785,1970,PhD,Together,77622.0,0,2,2013-07-02,3,520,7,154,19,0,14,2,6,3,11,3,0,0,0,0,0,0,0,714,22,2,1,44,523,0.2727272727272727,0.5,0.13636363636363635,0.09090909090909091,32.45454545454545,0.7282913165266106,0.21568627450980393,0.0196078431372549,0,0,0,1.693589879472479,0.6442132633904145,Digital Convenience Shoppers
9076,1980,PhD,Married,30732.0,1,0,2013-05-01,44,155,1,25,0,1,3,4,4,1,4,8,0,0,0,0,0,0,0,185,13,1,1,34,585,0.3076923076923077,0.3076923076923077,0.07692307692307693,0.3076923076923077,14.23076923076923,0.8378378378378378,0.13513513513513514,0.016216216216216217,0,0,1,-1.53943782451834,1.0852174527291656,Occasional / Low-Engagement
7079,1962,Graduation,Divorced,63887.0,0,1,2012-08-09,38,897,23,207,15,11,92,5,9,6,12,6,0,0,0,0,0,0,0,1245,32,1,1,52,850,0.28125,0.375,0.1875,0.15625,38.90625,0.7204819277108434,0.16626506024096385,0.07389558232931727,0,0,0,3.173623845427995,2.8273428625461525,Digital Convenience Shoppers
4653,1978,Graduation,Together,42011.0,1,0,2013-07-02,46,131,0,16,2,1,39,4,3,1,4,8,0,0,0,0,0,0,0,189,12,1,1,36,523,0.25,0.3333333333333333,0.08333333333333333,0.3333333333333333,15.75,0.6931216931216931,0.08465608465608465,0.20634920634920634,0,0,1,-1.4954650332810644,0.7860636249177761,Occasional / Low-Engagement
7375,1976,Graduation,Together,51369.0,0,1,2013-07-02,84,297,7,79,0,11,182,2,8,2,4,8,0,0,0,0,0,0,0,576,16,1,1,38,523,0.5,0.25,0.125,0.125,36.0,0.515625,0.1371527777777778,0.3159722222222222,0,0,0,-0.1751113849366258,0.8483036469798512,Digital Convenience Shoppers
709,1952,Graduation,Divorced,51537.0,0,1,2012-09-12,27,787,20,204,0,0,92,3,2,2,11,8,0,0,0,0,0,0,0,1103,18,1,1,62,816,0.1111111111111111,0.6111111111111112,0.1111111111111111,0.16666666666666666,61.27777777777778,0.71350861287398,0.18495013599274707,0.08340888485947416,0,0,0,0.5075493766862151,1.0870971941825334,Digital Convenience Shoppers
460,1972,PhD,Married,79930.0,0,0,2012-08-08,72,792,86,740,67,51,17,1,3,5,8,2,0,0,0,0,0,0,0,1753,17,0,0,42,851,0.17647058823529413,0.47058823529411764,0.29411764705882354,0.058823529411764705,103.11764705882354,0.4517969195664575,0.42213348545350826,0.009697661152310326,0,0,3,2.6177751477418187,-1.2415489177092833,High-Value Elite
3726,1986,PhD,Together,34320.0,1,0,2013-07-02,66,4,1,9,3,0,0,1,1,0,2,8,0,0,0,0,0,0,0,17,4,1,1,28,523,0.25,0.5,0.0,0.25,4.25,0.23529411764705882,0.5294117647058824,0.0,0,0,1,-2.7311665929804563,-0.7846377790646285,Occasional / Low-Engagement
6798,1966,Graduation,Single,37070.0,1,1,2013-07-02,30,231,7,137,4,15,39,9,5,1,8,7,0,0,0,0,0,0,1,433,23,2,1,48,523,0.21739130434782608,0.34782608695652173,0.043478260869565216,0.391304347826087,18.82608695652174,0.5334872979214781,0.3163972286374134,0.09006928406466513,0,0,2,-0.39264090601346824,3.6122632628885767,Deal & Discount Hunters
5341,1962,2n Cycle,Divorced,81975.0,0,1,2013-05-01,2,983,76,184,180,138,27,1,6,3,4,7,0,0,1,0,0,0,0,1588,14,1,1,52,585,0.42857142857142855,0.2857142857142857,0.21428571428571427,0.07142857142857142,113.42857142857143,0.6190176322418136,0.11586901763224182,0.01700251889168766,1,1,0,1.0215813108270662,-0.0845720337708022,Digital Convenience Shoppers
1606,1971,Graduation,Together,38590.0,1,0,2013-07-02,65,3,1,8,4,3,3,1,1,0,2,8,0,0,0,0,0,0,0,22,4,1,1,43,523,0.25,0.5,0.0,0.25,5.5,0.13636363636363635,0.36363636363636365,0.13636363636363635,0,0,1,-2.6492116923078615,-0.8035710456950952,Occasional / Low-Engagement
9617,1951,Graduation,Single,15033.0,0,0,2013-07-02,37,0,4,5,6,0,4,1,1,0,3,3,0,0,0,0,0,0,0,19,5,0,0,63,523,0.2,0.6,0.0,0.2,3.8,0.0,0.2631578947368421,0.21052631578947367,0,0,1,-2.0297423732299595,-1.9507862075429652,Occasional / Low-Engagement
3233,1965,PhD,Married,62745.0,0,1,2013-07-02,89,562,21,464,28,10,32,3,7,8,11,5,0,0,0,0,0,0,0,1117,29,1,1,49,523,0.2413793103448276,0.3793103448275862,0.27586206896551724,0.10344827586206896,38.51724137931034,0.5031333930170099,0.41539838854073413,0.02864816472694718,0,0,0,2.926660103904962,1.1487797591103999,Digital Convenience Shoppers
89,1975,2n Cycle,Married,22212.0,1,0,2013-09-12,49,5,9,20,6,8,21,2,2,0,4,6,0,0,0,0,0,0,0,69,8,1,1,39,451,0.25,0.5,0.0,0.25,8.625,0.07246376811594203,0.2898550724637681,0.30434782608695654,0,0,1,-2.1615617787630463,-0.46881752019356593,Occasional / Low-Engagement
2936,1982,Master,Together,23661.0,1,0,2013-04-12,46,18,0,4,0,0,1,1,1,0,3,7,0,0,0,0,0,0,0,23,5,1,1,32,604,0.2,0.6,0.0,0.2,4.6,0.782608695652174,0.17391304347826086,0.043478260869565216,0,0,1,-2.6311911005842235,-0.7180189064373119,Occasional / Low-Engagement
9449,1958,PhD,Single,79761.0,0,1,2013-04-10,32,415,5,124,15,35,11,1,5,2,11,3,0,0,0,0,0,0,0,605,19,1,1,56,606,0.2631578947368421,0.5789473684210527,0.10526315789473684,0.05263157894736842,31.842105263157894,0.6859504132231405,0.2049586776859504,0.01818181818181818,0,0,0,1.6018157580234043,-0.3316699277963548,Digital Convenience Shoppers
7297,1973,Graduation,Single,7500.0,1,0,2013-07-02,54,5,3,10,12,7,20,4,3,1,3,7,0,0,0,0,0,0,0,57,11,1,1,41,523,0.2727272727272727,0.2727272727272727,0.09090909090909091,0.36363636363636365,5.181818181818182,0.08771929824561403,0.17543859649122806,0.3508771929824561,0,0,1,-2.2726924808495674,0.7066875770848261,Occasional / Low-Engagement
313,1968,Graduation,Widow,73455.0,0,0,2013-07-02,98,901,61,757,186,163,20,1,6,5,10,3,0,1,0,0,0,0,0,2088,22,0,0,46,523,0.2727272727272727,0.45454545454545453,0.22727272727272727,0.045454545454545456,94.9090909090909,0.4315134099616858,0.3625478927203065,0.009578544061302681,1,1,3,3.3718744757380334,-0.848018554903939,High-Value Elite
9940,1958,Graduation,Together,64961.0,0,1,2013-07-02,97,382,114,276,75,124,38,2,6,4,4,3,0,0,0,0,0,0,0,1009,16,1,1,56,523,0.375,0.25,0.25,0.125,63.0625,0.3785926660059465,0.27353815659068387,0.03766105054509415,0,0,0,1.0129374047536188,-0.34019541641906975,Digital Convenience Shoppers
10735,1971,Graduation,Single,22804.0,1,0,2013-07-02,75,14,1,7,2,1,1,1,2,0,2,9,0,0,0,0,0,0,0,26,5,1,1,43,523,0.4,0.4,0.0,0.2,5.2,0.5384615384615384,0.2692307692307692,0.038461538461538464,0,0,1,-2.8942907483628106,-0.4045143436330898,Occasional / Low-Engagement
9529,1990,Graduation,Married,73687.0,0,0,2013-07-02,8,559,153,503,218,13,181,1,3,9,9,2,0,0,0,1,0,0,1,1627,22,0,0,24,523,0.13636363636363635,0.4090909090909091,0.4090909090909091,0.045454545454545456,73.95454545454545,0.3435771358328211,0.3091579594345421,0.11124769514443761,1,1,3,3.2520829712632477,-1.441318469675548,High-Value Elite
6439,1958,Graduation,Married,61074.0,0,1,2013-07-02,37,789,0,133,0,28,152,7,11,5,8,7,0,0,0,0,0,0,0,1102,31,1,1,56,523,0.3548387096774194,0.25806451612903225,0.16129032258064516,0.22580645161290322,35.54838709677419,0.7159709618874773,0.1206896551724138,0.13793103448275862,0,0,2,2.4109560670324868,3.3341497164009866,Deal & Discount Hunters
7411,1964,PhD,Married,31686.0,1,1,2014-05-06,31,11,0,5,0,0,1,2,1,0,3,6,0,0,0,0,0,0,0,17,6,2,1,50,215,0.16666666666666666,0.5,0.0,0.3333333333333333,2.8333333333333335,0.6470588235294118,0.29411764705882354,0.058823529411764705,0,0,1,-2.704320235791072,-0.5394309633710183,Occasional / Low-Engagement
2176,1972,Graduation,Married,80134.0,1,0,2013-07-02,40,1218,16,272,104,0,80,2,5,3,6,6,0,1,1,1,0,0,1,1690,16,1,1,42,523,0.3125,0.375,0.1875,0.125,105.625,0.7207100591715976,0.16094674556213018,0.047337278106508875,3,1,0,1.3985404818472298,0.011861417987049167,Digital Convenience Shoppers
9265,1953,Graduation,Married,75027.0,0,1,2013-09-01,74,925,64,179,133,12,77,2,9,4,6,5,0,0,0,0,0,0,0,1390,21,1,1,61,462,0.42857142857142855,0.2857142857142857,0.19047619047619047,0.09523809523809523,66.19047619047619,0.6654676258992805,0.12877697841726618,0.05539568345323741,0,0,0,2.021308771204639,0.49899854358292195,Digital Convenience Shoppers
8867,1988,PhD,Married,67546.0,0,0,2013-07-02,90,864,134,768,150,38,172,1,4,10,5,3,0,0,0,0,0,0,0,2126,20,0,0,26,523,0.2,0.25,0.5,0.05,106.3,0.4063969896519285,0.36124176857949203,0.08090310442144873,0,0,3,3.0586929017053364,-1.3967479533992628,High-Value Elite
8932,1969,Master,Together,65176.0,0,1,2013-07-02,57,960,28,183,220,70,70,4,9,6,6,6,0,0,0,0,0,0,0,1531,25,1,1,45,523,0.36,0.24,0.24,0.16,61.24,0.6270411495754409,0.11952971913781842,0.045721750489875895,0,0,0,2.29400960288331,1.5669836037463258,Digital Convenience Shoppers
10236,1975,Master,Single,31160.0,1,0,2013-07-02,59,16,3,25,6,1,13,2,2,0,3,8,0,0,0,0,0,0,0,64,7,1,1,39,523,0.2857142857142857,0.42857142857142855,0.0,0.2857142857142857,9.142857142857142,0.25,0.390625,0.203125,0,0,1,-2.3853449901280284,-0.16322746691896883,Occasional / Low-Engagement
6340,1985,Graduation,Single,29938.0,1,0,2013-07-02,52,3,3,7,0,2,11,2,1,0,3,6,0,0,0,0,0,0,0,26,6,1,1,29,523,0.16666666666666666,0.5,0.0,0.3333333333333333,4.333333333333333,0.11538461538461539,0.2692307692307692,0.4230769230769231,0,0,1,-2.3607288107463678,-0.6494992707555505,Occasional / Low-Engagement
10089,1974,Graduation,Divorced,102692.0,0,0,2013-05-04,5,168,148,444,32,172,148,1,6,9,13,2,0,1,1,1,1,0,1,1112,29,0,0,40,582,0.20689655172413793,0.4482758620689655,0.3103448275862069,0.034482758620689655,38.3448275862069,0.1510791366906475,0.39928057553956836,0.13309352517985612,4,1,3,4.578082989964477,-0.6643909919728418,High-Value Elite
2227,1958,2n Cycle,Together,26490.0,0,0,2013-07-02,92,45,47,52,21,20,25,2,3,1,5,6,0,0,0,0,0,0,0,210,11,0,0,56,523,0.2727272727272727,0.45454545454545453,0.09090909090909091,0.18181818181818182,19.09090909090909,0.21428571428571427,0.24761904761904763,0.11904761904761904,0,0,1,-1.141005774967191,-0.6563323953605126,Occasional / Low-Engagement
10992,1967,Graduation,Together,75702.0,1,1,2013-07-02,77,650,28,353,45,42,30,5,4,6,11,8,0,0,0,0,0,0,0,1148,26,2,1,47,523,0.15384615384615385,0.4230769230769231,0.23076923076923078,0.19230769230769232,44.15384615384615,0.5662020905923345,0.3074912891986063,0.02613240418118467,0,0,0,1.7802683385839027,2.2733834062319795,Digital Convenience Shoppers
5304,1974,PhD,Single,30899.0,1,0,2013-07-02,35,24,0,8,0,0,1,2,1,0,3,6,0,0,0,0,0,0,0,33,6,1,1,40,523,0.16666666666666666,0.5,0.0,0.3333333333333333,5.5,0.7272727272727273,0.24242424242424243,0.030303030303030304,0,0,1,-2.3417484724722053,-0.6504831193111824,Occasional / Low-Engagement
309,1961,PhD,Together,63342.0,0,1,2013-07-02,48,918,21,118,13,10,21,3,8,3,5,6,0,1,0,0,0,0,0,1101,19,1,1,53,523,0.42105263157894735,0.2631578947368421,0.15789473684210525,0.15789473684210525,57.94736842105263,0.8337874659400545,0.10717529518619437,0.01907356948228883,1,1,0,1.0343642286403025,0.9136659588177796,Digital Convenience Shoppers
3406,1964,Graduation,Single,45989.0,0,1,2013-07-02,97,138,33,87,28,24,12,4,3,2,7,3,0,0,0,0,0,0,0,322,16,1,1,50,523,0.1875,0.4375,0.125,0.25,20.125,0.42857142857142855,0.2701863354037267,0.037267080745341616,0,0,2,-0.05339373384834626,0.17982063049119665,Deal & Discount Hunters
2661,1964,Graduation,Single,18701.0,1,1,2013-04-06,95,12,4,2,10,6,10,4,2,0,4,5,0,0,0,0,0,0,0,44,10,2,1,50,610,0.2,0.4,0.0,0.4,4.4,0.2727272727272727,0.045454545454545456,0.22727272727272727,0,0,1,-2.3089550352437875,0.8279103797286793,Occasional / Low-Engagement
3153,1957,PhD,Single,40737.0,2,1,2013-08-12,24,11,0,4,0,0,2,1,1,0,2,8,0,0,0,0,0,0,0,17,4,3,1,57,482,0.25,0.5,0.0,0.25,4.25,0.6470588235294118,0.23529411764705882,0.11764705882352941,0,0,1,-3.257702566785702,0.16925308499328856,Occasional / Low-Engagement
10264,1979,Graduation,Divorced,15287.0,1,0,2012-10-10,60,1,2,8,4,3,13,2,1,1,2,7,1,0,0,0,0,0,1,31,6,1,1,35,788,0.16666666666666666,0.3333333333333333,0.16666666666666666,0.3333333333333333,5.166666666666667,0.03225806451612903,0.25806451612903225,0.41935483870967744,1,1,1,-2.681095387619096,-0.1262302256638509,Occasional / Low-Engagement
1184,1968,PhD,Divorced,69674.0,0,2,2013-07-02,46,554,41,215,11,0,24,3,10,2,10,5,0,0,0,0,0,0,0,845,25,2,1,46,523,0.4,0.4,0.08,0.12,33.8,0.6556213017751479,0.25443786982248523,0.028402366863905324,0,0,0,1.7401862494309959,1.9289430366704043,Digital Convenience Shoppers
4200,1970,Master,Married,44159.0,1,0,2013-07-02,85,167,2,62,24,13,7,4,4,1,6,5,0,0,0,0,0,0,0,275,15,1,1,44,523,0.26666666666666666,0.4,0.06666666666666667,0.26666666666666666,18.333333333333332,0.6072727272727273,0.22545454545454546,0.025454545454545455,0,0,2,-0.5487037237647306,0.5883391054876058,Deal & Discount Hunters
9396,1978,PhD,Married,37717.0,1,0,2013-07-02,31,9,0,6,4,1,5,1,1,0,2,9,0,0,0,0,0,0,0,25,4,1,1,36,523,0.25,0.5,0.0,0.25,6.25,0.36,0.24,0.2,0,0,1,-2.7863508699371438,-0.6289661919331807,Occasional / Low-Engagement
2387,1952,Master,Together,43776.0,1,1,2013-03-02,9,177,2,71,3,2,20,6,5,2,4,8,0,0,0,0,0,0,1,275,17,2,1,62,645,0.29411764705882354,0.23529411764705882,0.11764705882352941,0.35294117647058826,16.176470588235293,0.6436363636363637,0.2581818181818182,0.07272727272727272,0,0,2,-1.1100710181956226,2.5489157201908053,Deal & Discount Hunters
6690,1966,Master,Married,38179.0,1,1,2013-07-02,30,38,4,22,4,2,20,4,3,1,3,7,0,0,0,0,0,0,0,90,11,2,1,48,523,0.2727272727272727,0.2727272727272727,0.09090909090909091,0.36363636363636365,8.181818181818182,0.4222222222222222,0.24444444444444444,0.2222222222222222,0,0,1,-2.004048501242685,1.08770109343695,Occasional / Low-Engagement
1225,1963,Graduation,Married,80124.0,0,0,2013-07-02,47,483,84,398,205,84,241,1,3,7,8,1,1,0,0,0,0,0,0,1495,19,0,0,51,523,0.15789473684210525,0.42105263157894735,0.3684210526315789,0.05263157894736842,78.6842105263158,0.3230769230769231,0.2662207357859532,0.16120401337792642,1,1,3,2.8676397103568463,-1.76064699755317,High-Value Elite
9703,1970,PhD,Married,38097.0,1,1,2013-07-02,70,77,2,35,0,1,69,4,3,2,2,7,1,0,0,0,0,0,1,184,11,2,1,44,523,0.2727272727272727,0.18181818181818182,0.18181818181818182,0.36363636363636365,16.727272727272727,0.41847826086956524,0.19021739130434784,0.375,1,1,1,-1.9149132271761806,1.0266306971870613,Occasional / Low-Engagement
291,1970,Graduation,Married,72940.0,0,0,2013-07-02,13,182,74,298,162,149,116,1,3,3,6,1,0,0,0,0,0,0,0,981,13,0,0,44,523,0.23076923076923078,0.46153846153846156,0.23076923076923078,0.07692307692307693,75.46153846153847,0.18552497451580022,0.3037716615698267,0.11824668705402651,0,0,3,1.3000638351736429,-1.9456404246136958,High-Value Elite
4557,1970,Graduation,Together,22070.0,1,0,2013-04-10,11,10,7,19,8,2,21,2,2,2,2,6,0,0,0,0,0,0,0,67,8,1,1,44,606,0.25,0.25,0.25,0.25,8.375,0.14925373134328357,0.2835820895522388,0.31343283582089554,0,0,1,-2.114201530967671,-0.3537439789634986,Occasional / Low-Engagement
2379,1953,Graduation,Single,69267.0,0,0,2013-07-02,31,778,44,499,95,73,146,2,3,4,5,7,0,0,0,0,0,0,1,1635,14,0,0,61,523,0.21428571428571427,0.35714285714285715,0.2857142857142857,0.14285714285714285,116.78571428571429,0.4758409785932722,0.3051987767584098,0.08929663608562691,0,0,3,1.0599728844163785,-0.6685656872373372,High-Value Elite
5726,1983,Master,Single,31788.0,1,0,2013-07-02,15,16,7,23,0,8,6,3,3,0,4,5,0,0,0,0,0,1,0,60,10,1,1,31,523,0.3,0.4,0.0,0.3,6.0,0.26666666666666666,0.38333333333333336,0.1,0,0,1,-1.6650419488330908,-0.038657805065304064,Occasional / Low-Engagement
3066,1975,PhD,Together,61905.0,0,1,2014-04-02,2,167,0,43,6,2,13,2,4,2,4,5,0,0,0,0,0,0,0,231,12,1,1,39,249,0.3333333333333333,0.3333333333333333,0.16666666666666666,0.16666666666666666,19.25,0.7229437229437229,0.18614718614718614,0.05627705627705628,0,0,1,-0.562418020385927,-0.6809595058690134,Occasional / Low-Engagement
6336,1960,Graduation,Married,29315.0,1,1,2014-06-04,55,13,2,14,8,7,4,4,2,0,4,6,0,0,0,0,0,0,0,48,10,2,1,54,186,0.2,0.4,0.0,0.4,4.8,0.2708333333333333,0.2916666666666667,0.08333333333333333,0,0,1,-2.3045127830513827,0.4016626564723221,Occasional / Low-Engagement
10967,1963,Graduation,Divorced,33378.0,1,1,2013-06-02,38,33,6,40,3,7,10,3,2,0,4,7,0,0,0,0,0,0,0,99,9,2,1,51,553,0.2222222222222222,0.4444444444444444,0.0,0.3333333333333333,11.0,0.3333333333333333,0.40404040404040403,0.10101010101010101,0,0,1,-2.302344864348702,0.6587101195322084,Occasional / Low-Engagement
2304,1963,PhD,Together,66313.0,0,1,2013-07-02,86,625,7,99,10,22,7,2,6,3,12,4,0,0,0,0,0,0,0,770,23,1,1,51,523,0.2608695652173913,0.5217391304347826,0.13043478260869565,0.08695652173913043,33.47826086956522,0.8116883116883117,0.12857142857142856,0.00909090909090909,0,0,0,1.90742779366822,0.3974821369083906,Digital Convenience Shoppers
3445,1956,Graduation,Single,60714.0,0,0,2013-07-02,56,216,162,224,101,92,162,2,7,4,10,5,0,0,0,0,0,0,1,957,23,0,0,58,523,0.30434782608695654,0.43478260869565216,0.17391304347826086,0.08695652173913043,41.608695652173914,0.22570532915360503,0.23406478578892373,0.16927899686520376,0,0,0,2.1329803077353424,0.11524489543883729,Digital Convenience Shoppers
7828,1981,Master,Together,77882.0,0,0,2013-07-02,29,68,129,396,188,22,15,1,3,3,5,1,0,0,0,0,0,0,0,818,12,0,0,33,523,0.25,0.4166666666666667,0.25,0.08333333333333333,68.16666666666667,0.08312958435207823,0.4841075794621027,0.018337408312958436,0,0,3,1.1141831195840157,-2.0357937273315456,High-Value Elite
3762,1986,PhD,Single,69867.0,0,0,2013-02-04,30,196,0,512,33,130,54,1,3,5,8,1,0,0,0,1,0,0,1,925,17,0,0,28,671,0.17647058823529413,0.47058823529411764,0.29411764705882354,0.058823529411764705,54.411764705882355,0.2118918918918919,0.5535135135135135,0.05837837837837838,1,1,3,1.9353481758593878,-1.540201425965382,High-Value Elite
4391,1968,Master,Divorced,63841.0,0,1,2013-07-02,64,635,15,100,20,7,131,1,9,3,9,6,0,0,0,0,0,0,0,908,22,1,1,46,523,0.4090909090909091,0.4090909090909091,0.13636363636363635,0.045454545454545456,41.27272727272727,0.6993392070484582,0.11013215859030837,0.14427312775330398,0,0,0,1.6413783080750923,0.648716446548561,Digital Convenience Shoppers
4669,1981,Basic,Married,24480.0,1,0,2013-11-02,46,4,19,9,28,25,17,3,3,0,4,7,0,0,0,0,0,0,0,102,10,1,1,33,400,0.3,0.4,0.0,0.3,10.2,0.0392156862745098,0.08823529411764706,0.16666666666666666,0,0,1,-2.0161304681400996,0.15197619649495503,Occasional / Low-Engagement
10144,1976,Graduation,Together,51369.0,0,1,2013-07-02,84,297,7,79,0,11,182,2,8,2,4,8,0,0,0,0,0,0,0,576,16,1,1,38,523,0.5,0.25,0.125,0.125,36.0,0.515625,0.1371527777777778,0.3159722222222222,0,0,0,-0.1751113849366258,0.8483036469798512,Digital Convenience Shoppers
8652,1946,Graduation,Together,37760.0,0,0,2013-07-02,20,84,5,38,150,12,28,2,4,1,6,7,0,0,0,0,0,0,0,317,13,0,0,68,523,0.3076923076923077,0.46153846153846156,0.07692307692307693,0.15384615384615385,24.384615384615383,0.26498422712933756,0.11987381703470032,0.08832807570977919,0,0,1,-0.6660400766737087,-0.2910874427845831,Occasional / Low-Engagement
1672,1974,PhD,Together,65640.0,0,1,2014-01-03,74,204,7,149,20,15,66,1,5,1,8,2,0,0,0,0,0,0,0,461,15,1,1,40,338,0.3333333333333333,0.5333333333333333,0.06666666666666667,0.06666666666666667,30.733333333333334,0.44251626898047725,0.3232104121475054,0.14316702819956617,0,0,0,0.636572083743033,-1.0301076010079335,Digital Convenience Shoppers
8962,1975,Master,Married,44319.0,1,1,2013-07-02,18,26,0,8,0,0,3,2,2,0,3,5,0,0,0,0,0,0,0,37,7,2,1,39,523,0.2857142857142857,0.42857142857142855,0.0,0.2857142857142857,5.285714285714286,0.7027027027027027,0.21621621621621623,0.08108108108108109,0,0,1,-2.136952031808134,-0.1886727555908896,Occasional / Low-Engagement
9974,1974,Graduation,Married,30631.0,1,0,2013-12-07,75,15,6,20,4,5,20,1,3,1,2,7,0,0,0,0,0,0,0,70,7,1,1,40,365,0.42857142857142855,0.2857142857142857,0.14285714285714285,0.14285714285714285,10.0,0.21428571428571427,0.2857142857142857,0.2857142857142857,0,0,1,-2.172370606264405,-0.7800062948492478,Occasional / Low-Engagement
10983,1952,Graduation,Together,75278.0,0,0,2013-07-02,17,304,98,230,150,74,74,1,6,3,13,3,0,0,0,0,0,0,0,930,23,0,0,62,523,0.2608695652173913,0.5652173913043478,0.13043478260869565,0.043478260869565216,40.43478260869565,0.32688172043010755,0.24731182795698925,0.07956989247311828,0,0,3,2.7181483107680338,-0.6058339757652361,High-Value Elite
8148,1956,Master,Together,50898.0,1,1,2013-08-01,88,285,28,242,55,114,135,13,6,2,12,5,0,0,0,0,0,0,0,859,33,2,1,58,493,0.18181818181818182,0.36363636363636365,0.06060606060606061,0.3939393939393939,26.03030303030303,0.3317811408614668,0.2817229336437718,0.15715948777648428,0,0,2,1.6021711483445462,5.105189714506543,Deal & Discount Hunters
10102,1966,Graduation,Widow,79946.0,0,0,2014-12-05,19,395,183,565,166,141,28,1,5,11,5,3,0,0,0,0,0,0,0,1478,22,0,0,48,2,0.22727272727272727,0.22727272727272727,0.5,0.045454545454545456,67.18181818181819,0.2672530446549391,0.38227334235453314,0.018944519621109608,0,0,3,3.0782907954581558,-1.8839413148374922,High-Value Elite
4697,1949,Master,Divorced,35416.0,0,0,2013-07-02,62,248,3,81,4,3,51,3,7,1,5,8,0,0,0,0,0,0,0,390,16,0,0,65,523,0.4375,0.3125,0.0625,0.1875,24.375,0.6358974358974359,0.2076923076923077,0.13076923076923078,0,0,2,-0.41337208050930546,0.666782619228918,Deal & Discount Hunters
9262,1984,2n Cycle,Together,32414.0,0,0,2013-04-07,11,20,6,5,0,9,12,1,1,0,3,7,1,0,0,0,0,0,0,52,5,0,0,30,609,0.2,0.6,0.0,0.2,10.4,0.38461538461538464,0.09615384615384616,0.23076923076923078,1,1,1,-2.1417112405075263,-1.2575628976663493,Occasional / Low-Engagement
7254,1969,Graduation,Together,38361.0,1,0,2013-07-02,74,39,0,56,20,8,14,3,3,1,3,7,0,0,0,0,0,0,0,137,10,1,1,45,523,0.3,0.3,0.1,0.3,13.7,0.2846715328467153,0.40875912408759124,0.10218978102189781,0,0,1,-1.6929499858778212,0.19494249788105086,Occasional / Low-Engagement
4543,1980,Graduation,Married,82497.0,0,0,2013-07-02,32,777,129,573,216,21,203,1,2,7,9,4,0,0,1,0,0,0,0,1919,19,0,0,34,523,0.10526315789473684,0.47368421052631576,0.3684210526315789,0.05263157894736842,101.0,0.40489838457529964,0.2985930171964565,0.10578426263679,1,1,3,2.864856117891412,-1.3945814996302737,High-Value Elite
4927,1971,Graduation,Together,16626.0,2,0,2013-07-02,76,8,3,22,21,1,13,3,3,0,3,9,0,0,0,0,0,0,0,68,9,2,1,43,523,0.3333333333333333,0.3333333333333333,0.0,0.3333333333333333,7.555555555555555,0.11764705882352941,0.3235294117647059,0.19117647058823528,0,0,1,-2.871717316769772,1.1087203923382414,Occasional / Low-Engagement
10451,1965,Graduation,Together,29672.0,1,1,2013-12-03,6,9,1,3,0,4,8,1,0,0,3,6,0,0,0,0,0,0,0,25,4,2,1,49,369,0.0,0.75,0.0,0.25,6.25,0.36,0.12,0.32,0,0,1,-2.9215902866610945,-0.8600501378598613,Occasional / Low-Engagement
2926,1952,Master,Together,55951.0,0,1,2013-07-02,62,1241,0,80,0,13,40,3,3,6,11,8,0,1,0,0,1,0,0,1374,23,1,1,62,523,0.13043478260869565,0.4782608695652174,0.2608695652173913,0.13043478260869565,59.73913043478261,0.9032023289665211,0.05822416302765648,0.02911208151382824,2,1,0,1.63006170498666,0.9368611085900015,Digital Convenience Shoppers
2874,1988,2n Cycle,Divorced,35388.0,1,0,2013-07-03,20,6,4,7,4,3,8,1,1,0,3,7,0,0,0,0,0,0,0,32,5,1,1,26,522,0.2,0.6,0.0,0.2,6.4,0.1875,0.21875,0.25,0,0,1,-2.4277552263346807,-0.8713879001875218,Occasional / Low-Engagement
9738,1986,Master,Together,42386.0,1,0,2013-07-02,43,65,4,16,0,4,11,1,3,0,3,8,0,0,0,0,0,0,0,100,7,1,1,28,523,0.42857142857142855,0.42857142857142855,0.0,0.14285714285714285,14.285714285714286,0.65,0.16,0.11,0,0,1,-2.048679007053059,-0.41000662790491565,Occasional / Low-Engagement
7119,1982,Graduation,Single,68627.0,0,0,2013-12-01,45,395,15,263,60,54,38,1,2,3,6,1,0,0,0,0,0,0,0,825,12,0,0,32,371,0.16666666666666666,0.5,0.25,0.08333333333333333,68.75,0.47878787878787876,0.3187878787878788,0.04606060606060606,0,0,3,0.9372227954512387,-2.290545867849433,High-Value Elite
3924,1965,PhD,Divorced,57912.0,0,1,2013-07-02,34,801,0,80,0,0,35,5,8,3,12,5,0,1,0,0,0,0,0,916,28,1,1,49,523,0.2857142857142857,0.42857142857142855,0.10714285714285714,0.17857142857142858,32.714285714285715,0.8744541484716157,0.08733624454148471,0.03820960698689956,1,1,0,2.1871085841038065,2.037389596246924,Digital Convenience Shoppers
5827,1958,Graduation,Divorced,35246.0,1,1,2013-07-02,53,36,0,12,2,2,10,4,3,1,3,5,0,0,0,0,0,0,0,62,11,2,1,56,523,0.2727272727272727,0.2727272727272727,0.09090909090909091,0.36363636363636365,5.636363636363637,0.5806451612903226,0.1935483870967742,0.16129032258064516,0,0,1,-1.8407678648672259,0.7700393735485511,Occasional / Low-Engagement
5596,1956,2n Cycle,Together,58821.0,0,1,2013-12-10,44,513,14,154,19,0,28,1,9,2,9,6,0,0,0,0,0,0,0,728,21,1,1,58,362,0.42857142857142855,0.42857142857142855,0.09523809523809523,0.047619047619047616,34.666666666666664,0.7046703296703297,0.21153846153846154,0.038461538461538464,0,0,0,1.2091124380915192,0.44959242670529187,Digital Convenience Shoppers
10812,1978,PhD,Married,46377.0,1,0,2014-01-03,89,37,0,46,4,3,0,1,2,1,3,4,0,0,0,0,0,0,0,90,7,1,1,36,338,0.2857142857142857,0.42857142857142855,0.14285714285714285,0.14285714285714285,12.857142857142858,0.4111111111111111,0.5111111111111111,0.0,0,0,1,-1.5115912264953375,-1.4738550391572642,Occasional / Low-Engagement
1717,1988,Graduation,Single,39747.0,1,0,2013-07-02,43,80,15,93,20,13,52,3,5,1,4,8,0,0,0,0,0,0,0,273,13,1,1,26,523,0.38461538461538464,0.3076923076923077,0.07692307692307693,0.23076923076923078,21.0,0.29304029304029305,0.34065934065934067,0.19047619047619047,0,0,1,-1.214443831744358,0.7615161536465677,Occasional / Low-Engagement
9491,1984,Graduation,Together,23976.0,1,0,2013-07-02,68,14,1,21,2,3,25,3,3,1,3,7,0,0,0,0,0,0,0,66,10,1,1,30,523,0.3,0.3,0.1,0.3,6.6,0.21212121212121213,0.3181818181818182,0.3787878787878788,0,0,1,-2.008598672874949,0.2637137614593566,Occasional / Low-Engagement
9274,1961,Master,Married,80950.0,0,0,2013-07-02,44,525,147,112,219,147,63,1,6,7,9,2,0,0,0,1,0,0,0,1213,23,0,0,53,523,0.2608695652173913,0.391304347826087,0.30434782608695654,0.043478260869565216,52.73913043478261,0.43281121187139326,0.09233305853256389,0.05193734542456719,1,1,3,3.2086230761953445,-1.0065924538227695,High-Value Elite
6609,1966,Graduation,Widow,27038.0,0,0,2013-07-02,64,1,26,25,17,23,15,1,3,0,3,9,0,0,0,0,0,0,1,107,7,0,0,48,523,0.42857142857142855,0.42857142857142855,0.0,0.14285714285714285,15.285714285714286,0.009345794392523364,0.2336448598130841,0.14018691588785046,0,0,1,-2.1236041691230563,-0.6967226981365705,Occasional / Low-Engagement
6963,1947,Graduation,Single,77457.0,0,0,2014-05-03,85,675,11,400,15,45,11,1,2,5,10,1,0,0,1,0,0,0,0,1157,18,0,0,67,218,0.1111111111111111,0.5555555555555556,0.2777777777777778,0.05555555555555555,64.27777777777777,0.5834053586862575,0.34572169403630076,0.00950734658599827,1,1,3,2.3510584217415036,-2.207689997942108,High-Value Elite
4440,1964,Master,Married,64100.0,0,1,2013-10-09,93,509,0,27,0,0,10,1,8,3,6,7,0,1,0,0,0,0,0,546,18,1,1,50,424,0.4444444444444444,0.3333333333333333,0.16666666666666666,0.05555555555555555,30.333333333333332,0.9322344322344323,0.04945054945054945,0.018315018315018316,1,1,0,0.610253789802329,0.30658912220526596,Digital Convenience Shoppers
1379,1992,Master,Together,42670.0,0,0,2013-07-02,12,154,2,46,20,4,15,1,4,2,4,4,0,0,0,0,0,0,0,241,11,0,0,22,523,0.36363636363636365,0.36363636363636365,0.18181818181818182,0.09090909090909091,21.90909090909091,0.6390041493775933,0.1908713692946058,0.06224066390041494,0,0,1,-0.4811247472223615,-1.2859063141903613,Occasional / Low-Engagement
10032,1976,Graduation,Divorced,12571.0,1,0,2013-07-02,86,3,5,14,2,12,17,4,3,1,3,6,0,0,0,0,0,0,0,53,11,1,1,38,523,0.2727272727272727,0.2727272727272727,0.09090909090909091,0.36363636363636365,4.818181818181818,0.05660377358490566,0.2641509433962264,0.32075471698113206,0,0,1,-2.0592996824274326,0.5140121521772095,Occasional / Low-Engagement
2826,1967,Graduation,Married,22574.0,2,1,2013-07-02,28,25,0,8,2,0,2,2,2,0,3,7,0,0,0,0,0,0,0,37,7,3,1,47,523,0.2857142857142857,0.42857142857142855,0.0,0.2857142857142857,5.285714285714286,0.6756756756756757,0.21621621621621623,0.05405405405405406,0,0,1,-3.082120186111,0.7457956207225558,Occasional / Low-Engagement
2437,1989,Graduation,Married,52028.5,0,0,2013-03-06,69,861,138,461,60,30,61,1,6,5,12,3,0,1,0,1,0,0,0,1611,24,0,0,25,641,0.25,0.5,0.20833333333333334,0.041666666666666664,67.125,0.5344506517690876,0.2861576660459342,0.03786468032278088,2,1,3,2.993715145129517,-0.41976317738391694,High-Value Elite
6320,1976,Master,Single,70893.0,0,0,2013-06-02,42,768,44,561,77,44,14,1,6,6,10,3,0,0,0,0,0,0,0,1508,23,0,0,38,553,0.2608695652173913,0.43478260869565216,0.2608695652173913,0.043478260869565216,65.56521739130434,0.5092838196286472,0.3720159151193634,0.009283819628647215,0,0,3,3.0995285718045933,-0.7276267262025989,High-Value Elite
3050,1966,Graduation,Married,54198.0,1,1,2013-07-02,13,185,0,28,3,2,17,6,3,1,6,4,0,0,0,0,0,0,0,235,16,2,1,48,523,0.1875,0.375,0.0625,0.375,14.6875,0.7872340425531915,0.11914893617021277,0.07234042553191489,0,0,2,-0.6646927742305097,1.4765481708519308,Deal & Discount Hunters
231,1956,Master,Together,28839.0,1,1,2014-11-03,86,24,0,7,0,0,1,2,2,0,3,5,0,0,0,0,0,0,0,32,7,2,1,58,34,0.2857142857142857,0.42857142857142855,0.0,0.2857142857142857,4.571428571428571,0.75,0.21875,0.03125,0,0,1,-2.49158247273625,-0.7704029494641748,Occasional / Low-Engagement
2392,1972,Graduation,Married,40321.0,1,1,2013-07-02,59,44,4,21,6,0,27,2,3,0,3,7,0,0,0,0,0,0,0,102,8,2,1,42,523,0.375,0.375,0.0,0.25,12.75,0.43137254901960786,0.20588235294117646,0.2647058823529412,0,0,1,-2.2318625664154834,0.31188967226551684,Occasional / Low-Engagement
9478,1985,Graduation,Single,66503.0,1,0,2013-07-02,30,91,64,128,65,3,50,2,4,3,6,3,0,0,0,0,0,0,0,401,15,1,1,29,523,0.26666666666666666,0.4,0.2,0.13333333333333333,26.733333333333334,0.22693266832917705,0.3192019950124688,0.12468827930174564,0,0,0,0.4417425360715793,-0.5137615520025296,Digital Convenience Shoppers
113,1951,Graduation,Married,30833.0,1,1,2013-07-02,33,11,0,7,3,1,6,2,1,0,3,5,0,0,0,0,0,0,0,28,6,2,1,63,523,0.16666666666666666,0.5,0.0,0.3333333333333333,4.666666666666667,0.39285714285714285,0.25,0.21428571428571427,0,0,1,-2.54550711553631,-0.2998262479235629,Occasional / Low-Engagement
2863,1970,Graduation,Single,52028.5,1,2,2013-07-02,67,738,20,172,52,50,20,6,2,3,10,7,0,1,0,1,0,0,0,1052,21,3,1,44,523,0.09523809523809523,0.47619047619047616,0.14285714285714285,0.2857142857142857,50.095238095238095,0.7015209125475285,0.1634980988593156,0.019011406844106463,2,1,2,0.09160411710839393,2.6133767654822067,Deal & Discount Hunters
1802,1971,Graduation,Married,64795.0,0,1,2013-07-02,23,412,5,119,38,29,77,3,3,3,12,2,0,0,0,0,0,0,0,680,21,1,1,43,523,0.14285714285714285,0.5714285714285714,0.14285714285714285,0.14285714285714285,32.38095238095238,0.6058823529411764,0.175,0.11323529411764706,0,0,0,1.6135927529533394,-0.0420239447841324,Digital Convenience Shoppers
520,1974,Graduation,Married,34421.0,1,0,2013-01-07,81,3,3,7,6,2,9,1,1,0,2,7,0,0,0,0,0,0,0,30,4,1,1,40,699,0.25,0.5,0.0,0.25,7.5,0.1,0.23333333333333334,0.3,0,0,1,-2.572292762209714,-0.7237850677157495,Occasional / Low-Engagement
8275,1965,PhD,Divorced,47025.0,1,1,2014-09-02,6,16,0,3,0,0,1,1,1,0,2,7,0,0,0,0,0,0,0,20,4,2,1,49,96,0.25,0.5,0.0,0.25,5.0,0.8,0.15,0.05,0,0,1,-2.776289971240951,-1.0336341458175877,Occasional / Low-Engagement
9750,1961,PhD,Divorced,64325.0,0,1,2013-07-02,41,731,60,353,78,12,73,5,10,3,5,7,0,0,0,0,0,0,0,1307,23,1,1,53,523,0.43478260869565216,0.21739130434782608,0.13043478260869565,0.21739130434782608,56.82608695652174,0.5592960979342004,0.2700841622035195,0.0558530986993114,0,0,0,1.489363078296187,2.1324887742030088,Digital Convenience Shoppers
2607,1953,Graduation,Single,40464.0,0,1,2013-11-01,78,424,17,118,7,23,41,6,8,2,8,8,0,0,0,0,0,0,0,630,24,1,1,61,401,0.3333333333333333,0.3333333333333333,0.08333333333333333,0.25,26.25,0.6730158730158731,0.1873015873015873,0.06507936507936508,0,0,2,0.5040921052241207,2.4981449608982627,Deal & Discount Hunters
7214,1957,Graduation,Married,62187.0,0,0,2013-05-07,49,792,0,275,45,45,126,1,4,8,5,3,0,0,0,0,0,0,0,1283,18,0,0,57,579,0.2222222222222222,0.2777777777777778,0.4444444444444444,0.05555555555555555,71.27777777777777,0.61730319563523,0.21434138737334374,0.09820732657833203,0,0,3,2.007087178081412,-1.2974170559945708,High-Value Elite
5835,1976,PhD,Divorced,14849.0,1,0,2013-02-07,39,21,2,28,3,2,9,3,2,0,4,8,0,0,0,0,0,0,0,65,9,1,1,38,668,0.2222222222222222,0.4444444444444444,0.0,0.3333333333333333,7.222222222222222,0.3230769230769231,0.4307692307692308,0.13846153846153847,0,0,1,-2.449701836528542,0.5421309410349145,Occasional / Low-Engagement
3896,1984,Graduation,Married,27255.0,1,0,2013-07-11,3,22,1,11,0,1,2,1,1,0,3,7,0,0,0,0,0,0,0,37,5,1,1,30,514,0.2,0.6,0.0,0.2,7.4,0.5945945945945946,0.2972972972972973,0.05405405405405406,0,0,1,-2.579078428661235,-0.8424692894383538,Occasional / Low-Engagement
10350,1950,PhD,Married,54432.0,2,1,2013-09-05,37,33,0,5,0,0,0,1,1,0,3,4,0,0,0,0,0,0,0,38,5,3,1,64,458,0.2,0.6,0.0,0.2,7.6,0.868421052631579,0.13157894736842105,0.0,0,0,1,-2.360865703475332,-0.507048271353997,Occasional / Low-Engagement
7786,1986,PhD,Single,29999.0,1,0,2013-07-02,22,68,7,59,10,5,11,4,3,1,4,8,0,0,0,0,0,0,0,160,12,1,1,28,523,0.25,0.3333333333333333,0.08333333333333333,0.3333333333333333,13.333333333333334,0.425,0.36875,0.06875,0,0,1,-1.7420355256416817,0.8459006542820694,Occasional / Low-Engagement
2861,1983,Graduation,Single,24072.0,1,0,2013-07-02,79,9,1,6,3,0,4,1,1,0,2,8,0,0,0,0,0,0,0,23,4,1,1,31,523,0.25,0.5,0.0,0.25,5.75,0.391304347826087,0.2608695652173913,0.17391304347826086,0,0,1,-2.9131313179931713,-0.7424624205049827,Occasional / Low-Engagement
663,1989,PhD,Single,33996.0,0,0,2013-11-09,46,40,2,15,8,0,6,1,1,1,3,4,0,0,0,0,0,0,0,71,6,0,0,25,393,0.16666666666666666,0.5,0.16666666666666666,0.16666666666666666,11.833333333333334,0.5633802816901409,0.2112676056338028,0.08450704225352113,0,0,1,-1.5953336124054025,-2.018655435995069,Occasional / Low-Engagement
10675,1956,PhD,Married,66334.0,0,1,2013-03-04,82,909,11,218,0,0,23,2,9,3,5,5,0,0,0,0,0,0,1,1161,19,1,1,58,643,0.47368421052631576,0.2631578947368421,0.15789473684210525,0.10526315789473684,61.10526315789474,0.7829457364341085,0.18776916451335057,0.019810508182601206,0,0,0,1.3821227362366175,0.6836480873034667,Digital Convenience Shoppers
2521,1971,Master,Married,35178.0,1,0,2013-10-01,10,23,1,13,2,2,18,1,1,1,2,7,1,0,0,0,0,0,1,59,5,1,1,43,432,0.2,0.4,0.2,0.2,11.8,0.3898305084745763,0.22033898305084745,0.3050847457627119,1,1,1,-2.412785448475248,-1.034502554588674,Occasional / Low-Engagement
9592,1983,Graduation,Together,22010.0,1,0,2013-07-02,51,11,2,9,3,0,8,2,2,0,3,8,0,0,0,0,0,0,0,33,7,1,1,31,523,0.2857142857142857,0.42857142857142855,0.0,0.2857142857142857,4.714285714285714,0.3333333333333333,0.2727272727272727,0.24242424242424243,0,0,1,-2.577179181961605,-0.11936415600610749,Occasional / Low-Engagement
10151,1960,Graduation,Divorced,62204.0,0,2,2012-12-09,38,317,46,247,151,46,139,1,4,5,12,3,0,0,0,0,0,0,0,946,22,2,1,54,728,0.18181818181818182,0.5454545454545454,0.22727272727272727,0.045454545454545456,43.0,0.33509513742071884,0.26109936575052856,0.14693446088794926,0,0,0,1.784485862537076,0.38207496005167046,Digital Convenience Shoppers
7381,1968,Graduation,Divorced,75693.0,0,0,2012-06-12,10,797,153,293,72,97,30,1,11,4,6,4,0,1,1,1,0,0,1,1442,22,0,0,46,908,0.5,0.2727272727272727,0.18181818181818182,0.045454545454545456,65.54545454545455,0.5527045769764216,0.2031900138696255,0.020804438280166437,3,1,0,2.8249737481534094,0.3793818755307358,Digital Convenience Shoppers
4099,1972,Graduation,Married,30675.0,1,0,2012-12-11,14,10,2,16,11,2,21,1,1,0,3,8,0,0,0,0,0,0,0,62,5,1,1,42,726,0.2,0.6,0.0,0.2,12.4,0.16129032258064516,0.25806451612903225,0.3387096774193548,0,0,1,-2.577557516662285,-0.4220494344424437,Occasional / Low-Engagement
9560,1965,Graduation,Together,83003.0,0,0,2013-03-03,18,856,61,570,40,25,122,1,7,6,8,3,0,0,1,0,0,0,1,1674,22,0,0,49,644,0.3181818181818182,0.36363636363636365,0.2727272727272727,0.045454545454545456,76.0909090909091,0.5113500597371565,0.34050179211469533,0.07287933094384708,1,1,3,3.2702142733449793,-0.6464403563705133,High-Value Elite
10172,1988,Graduation,Single,68655.0,0,0,2012-10-08,95,456,19,832,75,118,38,1,4,5,11,3,0,0,0,0,0,0,0,1538,21,0,0,26,790,0.19047619047619047,0.5238095238095238,0.23809523809523808,0.047619047619047616,73.23809523809524,0.2964889466840052,0.540962288686606,0.0247074122236671,0,0,3,2.798327040856861,-0.7109865481899819,High-Value Elite
11191,1986,Graduation,Divorced,41411.0,0,0,2013-07-12,11,37,32,38,11,3,18,1,2,1,4,6,0,0,0,0,0,0,0,139,8,0,0,28,513,0.25,0.5,0.125,0.125,17.375,0.26618705035971224,0.2733812949640288,0.12949640287769784,0,0,1,-1.3069379738745424,-1.3225222049465823,Occasional / Low-Engagement
9707,1969,PhD,Married,55212.0,0,1,2013-07-02,65,1103,0,45,0,0,34,3,4,2,11,8,0,1,0,0,1,0,0,1182,20,1,1,45,523,0.2,0.55,0.1,0.15,59.1,0.9331641285956007,0.03807106598984772,0.028764805414551606,2,1,0,0.9039083481675326,1.0134487420800369,Digital Convenience Shoppers
6245,1950,PhD,Together,59292.0,0,1,2013-07-02,71,378,14,68,19,14,14,2,3,5,8,3,0,0,0,0,0,0,0,507,18,1,1,64,523,0.16666666666666666,0.4444444444444444,0.2777777777777778,0.1111111111111111,28.166666666666668,0.7455621301775148,0.1341222879684418,0.027613412228796843,0,0,0,0.9370307471211644,-0.4645652058415921,Digital Convenience Shoppers
8234,1973,Basic,Together,27190.0,1,0,2013-07-02,13,1,6,7,0,1,3,1,1,0,2,8,1,0,0,0,0,0,1,18,4,1,1,41,523,0.25,0.5,0.0,0.25,4.5,0.05555555555555555,0.3888888888888889,0.16666666666666666,1,1,1,-2.873065947107389,-0.7418040529764472,Occasional / Low-Engagement
1411,1952,Graduation,Divorced,82623.0,0,0,2013-10-11,58,204,34,204,172,153,173,1,2,9,4,1,0,0,0,0,0,0,0,940,16,0,0,62,422,0.125,0.25,0.5625,0.0625,58.75,0.2170212765957447,0.2170212765957447,0.18404255319148935,0,0,3,2.0569060664581946,-2.2859406614214888,High-Value Elite
8553,1965,Graduation,Married,44300.0,1,1,2013-07-02,65,30,0,9,0,0,3,2,1,0,3,6,0,0,0,0,0,0,0,42,6,2,1,49,523,0.16666666666666666,0.5,0.0,0.3333333333333333,7.0,0.7142857142857143,0.21428571428571427,0.07142857142857142,0,0,1,-2.3967954526976603,-0.20337238891881973,Occasional / Low-Engagement
1826,1970,Graduation,Divorced,84835.0,0,0,2013-07-02,0,189,104,379,111,189,218,1,4,4,6,1,0,0,0,0,0,0,1,1190,15,0,0,44,523,0.26666666666666666,0.4,0.26666666666666666,0.06666666666666667,79.33333333333333,0.1588235294117647,0.31848739495798317,0.18319327731092436,0,0,3,2.002711211747623,-1.8127224641494017,High-Value Elite
8842,1971,Graduation,Widow,30372.0,1,1,2013-07-02,33,15,0,12,7,3,7,3,2,0,3,7,0,0,0,0,0,0,0,44,8,2,1,43,523,0.25,0.375,0.0,0.375,5.5,0.3409090909090909,0.2727272727272727,0.1590909090909091,0,0,1,-2.5691232990503625,0.5632479854374434,Occasional / Low-Engagement
11030,1976,Master,Married,33181.0,1,0,2014-03-01,90,9,0,3,0,0,4,1,1,0,2,6,1,0,0,0,0,0,0,16,4,1,1,38,281,0.25,0.5,0.0,0.25,4.0,0.5625,0.1875,0.25,1,1,1,-2.555574241345017,-1.4265926896539678,Occasional / Low-Engagement
2579,1957,Graduation,Married,71113.0,0,1,2013-07-02,95,495,33,255,11,33,8,4,6,7,9,4,0,0,0,0,0,0,0,835,26,1,1,57,523,0.23076923076923078,0.34615384615384615,0.2692307692307692,0.15384615384615385,32.11538461538461,0.592814371257485,0.30538922155688625,0.009580838323353293,0,0,0,2.3755717183776186,0.9871803953256394,Digital Convenience Shoppers
175,1986,Graduation,Married,71952.0,1,0,2013-10-01,93,656,80,455,52,107,93,2,8,4,8,4,1,0,1,0,0,0,0,1443,22,1,1,28,432,0.36363636363636365,0.36363636363636365,0.18181818181818182,0.09090909090909091,65.5909090909091,0.4546084546084546,0.3153153153153153,0.06444906444906445,2,1,0,2.294003776271161,0.28261425080395597,Digital Convenience Shoppers
9185,1966,PhD,Single,69759.0,0,0,2013-07-02,38,452,20,514,13,30,0,3,4,6,5,3,0,0,0,0,0,0,1,1029,18,0,0,48,523,0.2222222222222222,0.2777777777777778,0.3333333333333333,0.16666666666666666,57.166666666666664,0.4392614188532556,0.49951409135082603,0.0,0,0,3,1.6879739153598246,-0.7063843740145296,High-Value Elite
11056,1974,Graduation,Married,72099.0,0,0,2013-07-02,18,546,91,410,119,0,22,1,3,4,10,1,0,0,0,0,0,0,0,1188,18,0,0,40,523,0.16666666666666666,0.5555555555555556,0.2222222222222222,0.05555555555555555,66.0,0.4595959595959596,0.3451178451178451,0.018518518518518517,0,0,3,2.282420649278795,-1.632871597098629,High-Value Elite
9365,1976,PhD,Single,60000.0,0,1,2013-07-02,57,1048,0,217,0,0,12,5,11,3,5,6,0,0,0,0,0,0,0,1277,24,1,1,38,523,0.4583333333333333,0.20833333333333334,0.125,0.20833333333333334,53.208333333333336,0.8206734534064213,0.16992952231793265,0.009397024275646046,0,0,0,1.6650963805201928,2.154241923573705,Digital Convenience Shoppers
6201,1978,Graduation,Single,38643.0,1,1,2013-07-02,45,22,2,14,0,1,10,2,2,0,3,7,0,0,0,0,0,1,0,49,7,2,1,36,523,0.2857142857142857,0.42857142857142855,0.0,0.2857142857142857,7.0,0.4489795918367347,0.2857142857142857,0.20408163265306123,0,0,1,-2.4594462223031353,0.157188660415673,Occasional / Low-Engagement
2061,1955,Graduation,Married,50737.0,0,1,2013-11-05,61,78,0,11,0,0,10,1,2,0,4,6,0,1,0,0,0,0,0,99,7,1,1,59,397,0.2857142857142857,0.5714285714285714,0.0,0.14285714285714285,14.142857142857142,0.7878787878787878,0.1111111111111111,0.10101010101010101,1,1,1,-1.670112414041101,-1.0359865407862423,Occasional / Low-Engagement
6184,1969,PhD,Married,68462.0,0,0,2012-12-12,6,561,64,785,84,128,48,1,3,3,8,1,0,0,0,0,0,0,0,1670,15,0,0,45,725,0.2,0.5333333333333333,0.2,0.06666666666666667,111.33333333333333,0.33592814371257484,0.47005988023952094,0.02874251497005988,0,0,3,2.0617474754471745,-1.5518946491583054,High-Value Elite
6142,1943,Master,Married,65073.0,0,0,2013-07-02,65,629,17,177,69,0,8,1,5,3,5,2,0,0,0,0,0,1,0,900,14,0,0,71,523,0.35714285714285715,0.35714285714285715,0.21428571428571427,0.07142857142857142,64.28571428571429,0.6988888888888889,0.19666666666666666,0.008888888888888889,0,0,3,1.1405080889504355,-1.4917272405802533,High-Value Elite
4107,1948,PhD,Together,46681.0,0,2,2013-08-10,52,269,15,69,15,19,38,2,4,6,4,5,0,0,0,0,0,0,0,425,16,2,1,66,484,0.25,0.25,0.375,0.125,26.5625,0.6329411764705882,0.1623529411764706,0.08941176470588236,0,0,1,-0.2370192039257902,0.2883973975901629,Occasional / Low-Engagement
7274,1957,Graduation,Married,78618.0,0,0,2013-07-02,87,736,163,818,212,163,61,1,4,7,10,2,0,1,0,0,0,0,0,2153,22,0,0,57,523,0.18181818181818182,0.45454545454545453,0.3181818181818182,0.045454545454545456,97.86363636363636,0.341848583372039,0.3799349744542499,0.02833255921969345,1,1,3,3.6803442573119063,-1.319424173373209,High-Value Elite
9336,1969,PhD,Widow,62187.0,0,1,2013-07-02,38,512,0,83,0,0,41,3,6,2,10,4,0,0,0,0,0,0,0,636,21,1,1,45,523,0.2857142857142857,0.47619047619047616,0.09523809523809523,0.14285714285714285,30.285714285714285,0.8050314465408805,0.13050314465408805,0.06446540880503145,0,0,0,1.2583419577397739,0.6262084124786924,Digital Convenience Shoppers
2958,1978,Graduation,Married,28442.0,2,0,2013-07-02,53,19,3,10,11,8,6,3,2,1,4,4,0,0,0,0,0,0,0,57,10,2,1,36,523,0.2,0.4,0.1,0.3,5.7,0.3333333333333333,0.17543859649122806,0.10526315789473684,0,0,1,-1.8921310167745253,0.17592224947715093,Occasional / Low-Engagement
933,1978,PhD,Married,37717.0,1,0,2013-07-02,31,9,0,6,4,1,5,1,1,0,2,9,0,0,0,0,0,0,0,25,4,1,1,36,523,0.25,0.5,0.0,0.25,6.25,0.36,0.24,0.2,0,0,1,-2.7863508699371438,-0.6289661919331807,Occasional / Low-Engagement
5837,1967,Graduation,Married,51479.0,1,1,2013-07-02,67,247,8,160,6,8,65,7,6,3,6,7,0,0,0,0,0,0,0,494,22,2,1,47,523,0.2727272727272727,0.2727272727272727,0.13636363636363635,0.3181818181818182,22.454545454545453,0.5,0.32388663967611336,0.13157894736842105,0,0,2,0.01642036123582772,2.876653351237601,Deal & Discount Hunters
10704,1969,Graduation,Single,54803.0,0,1,2013-07-02,65,404,0,92,28,27,142,2,6,2,9,4,0,0,0,0,0,0,0,693,19,1,1,45,523,0.3157894736842105,0.47368421052631576,0.10526315789473684,0.10526315789473684,36.473684210526315,0.5829725829725829,0.13275613275613277,0.2049062049062049,0,0,0,0.9515051153113625,0.20942786582900647,Digital Convenience Shoppers
5125,1960,Graduation,Married,79530.0,0,0,2013-07-02,64,333,0,815,129,42,29,1,4,10,11,2,0,0,0,0,0,0,0,1348,26,0,0,54,523,0.15384615384615385,0.4230769230769231,0.38461538461538464,0.038461538461538464,51.84615384615385,0.2470326409495549,0.6045994065281899,0.021513353115727003,0,0,3,3.8536200201721784,-1.1219585372560574,High-Value Elite
4432,1976,Graduation,Divorced,31615.0,1,0,2013-07-02,82,2,3,20,6,11,9,2,2,0,3,7,0,0,0,0,0,0,0,51,7,1,1,38,523,0.2857142857142857,0.42857142857142855,0.0,0.2857142857142857,7.285714285714286,0.0392156862745098,0.39215686274509803,0.17647058823529413,0,0,1,-2.265170070071103,-0.3330742621909559,Occasional / Low-Engagement
5955,1962,Graduation,Together,72025.0,0,0,2013-07-02,27,833,33,549,151,133,233,1,4,3,8,3,0,0,0,0,0,0,0,1932,16,0,0,52,523,0.25,0.5,0.1875,0.0625,120.75,0.4311594202898551,0.2841614906832298,0.12060041407867494,0,0,3,2.205522953807249,-1.353942905361636,High-Value Elite
2928,1975,PhD,Single,52614.0,0,1,2012-01-12,63,789,0,142,12,9,38,2,2,4,8,8,0,0,0,0,0,0,0,990,16,1,1,39,1060,0.125,0.5,0.25,0.125,61.875,0.796969696969697,0.14343434343434344,0.03838383838383838,0,0,0,0.3145758264472144,0.8622381942923203,Digital Convenience Shoppers
5680,1984,2n Cycle,Married,35684.0,1,0,2013-07-02,66,10,4,7,0,6,3,1,1,0,3,6,0,0,0,0,0,0,0,30,5,1,1,30,523,0.2,0.6,0.0,0.2,6.0,0.3333333333333333,0.23333333333333334,0.1,0,0,1,-2.297859519140864,-1.0447725854549048,Occasional / Low-Engagement
10313,1975,Graduation,Married,48178.0,1,1,2013-07-02,69,159,4,45,6,2,38,6,5,1,4,8,0,0,0,0,0,0,0,254,16,2,1,39,523,0.3125,0.25,0.0625,0.375,15.875,0.6259842519685039,0.17716535433070865,0.14960629921259844,0,0,2,-1.2350795009434226,2.332947483802996,Deal & Discount Hunters
2557,1970,Master,Single,29548.0,1,0,2013-07-02,52,7,1,6,3,1,11,1,1,1,2,4,1,0,0,0,0,0,0,29,5,1,1,44,523,0.2,0.4,0.2,0.2,5.8,0.2413793103448276,0.20689655172413793,0.3793103448275862,1,1,1,-2.165705661599685,-1.3895013318647134,Occasional / Low-Engagement
1245,1966,Graduation,Single,63810.0,0,1,2012-11-11,45,977,12,253,16,12,101,4,4,3,12,8,0,1,0,0,0,0,0,1371,23,1,1,48,756,0.17391304347826086,0.5217391304347826,0.13043478260869565,0.17391304347826086,59.608695652173914,0.712618526622903,0.18453683442742524,0.0736688548504741,1,1,0,1.6277287316534637,1.7389565562519007,Digital Convenience Shoppers
1519,1972,PhD,Single,38578.0,1,1,2013-07-02,2,38,4,22,3,3,3,3,3,0,3,8,0,0,0,0,0,0,1,73,9,2,1,42,523,0.3333333333333333,0.3333333333333333,0.0,0.3333333333333333,8.11111111111111,0.5205479452054794,0.3013698630136986,0.0410958904109589,0,0,1,-2.3633338631814644,0.8636871943067768,Occasional / Low-Engagement
10703,1975,Master,Single,46098.0,1,1,2013-07-02,86,57,0,27,0,0,36,4,3,2,2,8,0,0,0,0,0,0,0,120,11,2,1,39,523,0.2727272727272727,0.18181818181818182,0.18181818181818182,0.36363636363636365,10.909090909090908,0.475,0.225,0.3,0,0,1,-1.9244398266195113,1.1549656417508625,Occasional / Low-Engagement
1726,1970,Graduation,Single,22585.0,0,0,2013-07-02,23,3,9,15,13,2,39,1,1,1,2,9,1,0,0,0,0,0,1,81,5,0,0,44,523,0.2,0.4,0.2,0.2,16.2,0.037037037037037035,0.18518518518518517,0.48148148148148145,1,1,1,-2.529243515024376,-1.050564529207199,Occasional / Low-Engagement
4459,1989,Graduation,Single,30279.0,1,0,2013-07-02,13,10,4,14,4,4,1,1,1,0,3,8,0,0,0,0,0,0,0,37,5,1,1,25,523,0.2,0.6,0.0,0.2,7.4,0.2702702702702703,0.3783783783783784,0.02702702702702703,0,0,1,-2.6357138039133807,-0.6826646696839257,Occasional / Low-Engagement
1729,1961,PhD,Together,66426.0,0,1,2013-02-10,14,1043,24,97,32,24,157,2,3,5,10,6,0,0,0,0,0,0,0,1377,20,1,1,53,665,0.15,0.5,0.25,0.1,68.85,0.7574437182280319,0.07044299201161947,0.1140159767610748,0,0,0,1.67005526484331,0.29146363219297455,Digital Convenience Shoppers
1517,1969,Graduation,Single,30822.0,1,0,2013-07-02,92,3,9,13,2,12,12,1,1,0,3,7,0,0,0,0,0,0,0,51,5,1,1,45,523,0.2,0.6,0.0,0.2,10.2,0.058823529411764705,0.2549019607843137,0.23529411764705882,0,0,1,-2.483362729885918,-0.8664033133889086,Occasional / Low-Engagement
2098,1969,PhD,Married,33581.0,2,0,2013-08-01,38,11,0,5,0,0,1,1,1,0,2,8,0,0,0,0,0,0,0,17,4,2,1,45,493,0.25,0.5,0.0,0.25,4.25,0.6470588235294118,0.29411764705882354,0.058823529411764705,0,0,1,-3.0702233015733653,-0.30109497883706166,Occasional / Low-Engagement
9543,1985,Graduation,Married,19986.0,1,0,2013-07-02,74,3,6,5,0,2,6,1,0,0,3,7,0,0,0,0,0,0,0,22,4,1,1,29,523,0.0,0.75,0.0,0.25,5.5,0.13636363636363635,0.22727272727272727,0.2727272727272727,0,0,1,-2.863920670850554,-0.9810876979016561,Occasional / Low-Engagement
6878,1954,Graduation,Widow,27421.0,0,0,2012-12-12,14,43,12,96,78,40,55,3,4,1,6,7,0,0,0,0,0,0,0,324,14,0,0,60,725,0.2857142857142857,0.42857142857142855,0.07142857142857142,0.21428571428571427,23.142857142857142,0.13271604938271606,0.2962962962962963,0.1697530864197531,0,0,1,-0.7711017466023957,0.38481907980271957,Occasional / Low-Engagement
3310,1973,2n Cycle,Married,35688.0,2,1,2013-07-02,94,73,3,90,12,1,32,7,4,1,4,8,0,0,0,0,0,0,0,211,16,3,1,41,523,0.25,0.25,0.0625,0.4375,13.1875,0.3459715639810427,0.4265402843601896,0.15165876777251186,0,0,2,-1.9126044911173252,3.0970419090854957,Deal & Discount Hunters
2724,1981,Master,Single,36143.0,1,0,2013-07-02,33,12,0,1,0,0,6,1,0,1,2,3,0,0,0,0,0,0,0,19,4,1,1,33,523,0.0,0.5,0.25,0.25,4.75,0.631578947368421,0.05263157894736842,0.3157894736842105,0,0,1,-2.0960806420742446,-1.7456732396285568,Occasional / Low-Engagement
948,1971,Graduation,Single,10245.0,1,0,2013-07-02,32,4,7,7,6,4,13,3,1,2,2,5,0,0,0,0,0,0,0,41,8,1,1,43,523,0.125,0.25,0.25,0.375,5.125,0.0975609756097561,0.17073170731707318,0.3170731707317073,0,0,1,-2.3515733046119247,-0.37747658881555424,Occasional / Low-Engagement
6720,1968,Master,Together,43795.0,0,1,2013-07-02,11,314,11,53,4,3,107,3,7,3,4,7,0,1,0,0,0,0,1,492,17,1,1,46,523,0.4117647058823529,0.23529411764705882,0.17647058823529413,0.17647058823529413,28.941176470588236,0.6382113821138211,0.10772357723577236,0.21747967479674796,1,1,2,-0.19638873741829768,0.9632232809606002,Deal & Discount Hunters
6202,1960,Graduation,Together,63381.0,0,1,2012-05-10,78,571,50,142,33,50,159,4,4,5,13,2,0,0,0,0,0,0,0,1005,26,1,1,54,941,0.15384615384615385,0.5,0.19230769230769232,0.15384615384615385,38.65384615384615,0.5681592039800994,0.14129353233830846,0.1582089552238806,0,0,0,2.634580280232631,1.1389051840635493,Digital Convenience Shoppers
2066,1949,Graduation,Together,38823.0,0,1,2013-07-02,56,70,0,11,2,8,23,1,2,1,3,6,0,0,0,0,0,0,0,114,7,1,1,65,523,0.2857142857142857,0.42857142857142855,0.14285714285714285,0.14285714285714285,16.285714285714285,0.6140350877192983,0.09649122807017543,0.20175438596491227,0,0,1,-1.8426873210645096,-0.8669259957174313,Occasional / Low-Engagement
9799,1968,PhD,Divorced,83664.0,1,1,2013-08-05,57,866,21,151,28,21,86,3,2,2,12,5,0,0,0,0,0,0,0,1173,19,2,1,46,489,0.10526315789473684,0.631578947368421,0.10526315789473684,0.15789473684210525,61.73684210526316,0.7382779198635976,0.1287297527706735,0.0733162830349531,0,0,0,1.301413222215569,0.6058939327163805,Digital Convenience Shoppers
8318,1979,Graduation,Together,90300.0,0,0,2014-03-01,7,594,134,786,33,134,57,0,5,6,8,1,0,0,1,0,0,0,0,1738,19,0,0,35,281,0.2631578947368421,0.42105263157894735,0.3157894736842105,0.0,91.47368421052632,0.34177215189873417,0.4522439585730725,0.03279631760644419,1,1,3,3.2565329063034003,-2.181799546058842,High-Value Elite
5642,1979,Master,Together,62499.0,1,0,2013-09-12,0,140,4,61,0,13,4,2,3,1,6,4,0,0,0,0,0,0,0,222,12,1,1,35,451,0.25,0.5,0.08333333333333333,0.16666666666666666,18.5,0.6306306306306306,0.2747747747747748,0.018018018018018018,0,0,1,-0.4157159487544515,-0.6301392445990585,Occasional / Low-Engagement
2669,1993,Graduation,Single,74293.0,0,0,2014-04-05,66,375,152,335,93,91,81,1,5,4,6,2,0,0,0,0,0,0,0,1127,16,0,0,21,246,0.3125,0.375,0.25,0.0625,70.4375,0.33274179236912155,0.2972493345164153,0.07187222715173026,0,0,3,1.7741708393373063,-1.8053534566977403,High-Value Elite
455,1946,PhD,Married,51012.0,0,0,2013-07-02,86,102,9,63,2,9,24,1,4,1,4,6,0,0,0,0,0,0,0,209,10,0,0,68,523,0.4,0.4,0.1,0.1,20.9,0.4880382775119617,0.3014354066985646,0.11483253588516747,0,0,1,-0.7500935595577486,-1.0358278052355818,Occasional / Low-Engagement
7683,1968,Master,Married,70777.0,0,1,2013-07-02,80,554,35,113,0,7,78,3,5,3,12,3,0,0,0,0,0,0,0,787,23,1,1,46,523,0.21739130434782608,0.5217391304347826,0.13043478260869565,0.13043478260869565,34.21739130434783,0.7039390088945362,0.14358322744599747,0.09911054637865312,0,0,0,2.008017276190754,0.4131066944949396,Digital Convenience Shoppers
3428,1991,PhD,Together,68682.0,0,0,2013-06-10,56,919,0,505,99,30,45,1,4,9,10,2,0,0,0,0,0,0,0,1598,24,0,0,23,545,0.16666666666666666,0.4166666666666667,0.375,0.041666666666666664,66.58333333333333,0.5750938673341677,0.3160200250312891,0.028160200250312892,0,0,3,3.4776234948000484,-1.1574254408669356,High-Value Elite
7414,1971,Graduation,Married,43824.0,1,1,2013-07-02,18,96,1,42,12,3,32,4,3,1,4,8,0,0,0,0,0,0,0,186,12,2,1,43,523,0.25,0.3333333333333333,0.08333333333333333,0.3333333333333333,15.5,0.5161290322580645,0.22580645161290322,0.17204301075268819,0,0,1,-1.7846485204176237,1.2974997901648264,Occasional / Low-Engagement
6354,1984,Graduation,Together,15345.0,1,0,2013-07-02,51,5,2,16,3,2,19,2,1,1,2,8,0,0,0,0,0,0,1,47,6,1,1,30,523,0.16666666666666666,0.3333333333333333,0.16666666666666666,0.3333333333333333,7.833333333333333,0.10638297872340426,0.3404255319148936,0.40425531914893614,0,0,1,-2.830249605046144,-0.30639154521028095,Occasional / Low-Engagement
798,1987,Graduation,Single,23442.0,1,0,2013-07-02,71,2,0,6,8,6,5,1,1,0,3,7,0,0,0,0,0,0,0,27,5,1,1,27,523,0.2,0.6,0.0,0.2,5.4,0.07407407407407407,0.2222222222222222,0.18518518518518517,0,0,1,-2.6404623553411533,-0.8279580292133832,Occasional / Low-Engagement
8213,1980,2n Cycle,Together,14515.0,1,0,2012-09-11,71,6,4,9,6,36,35,4,2,2,3,7,0,0,0,0,0,0,1,96,11,1,1,34,817,0.18181818181818182,0.2727272727272727,0.18181818181818182,0.36363636363636365,8.727272727272727,0.0625,0.09375,0.3645833333333333,0,0,1,-2.037238390431129,0.910288874491756,Occasional / Low-Engagement
2488,1956,2n Cycle,Divorced,31395.0,1,1,2013-07-02,80,23,1,25,0,8,7,4,2,1,3,6,0,0,0,0,0,0,0,64,10,2,1,58,523,0.2,0.3,0.1,0.4,6.4,0.359375,0.390625,0.109375,0,0,1,-2.1775384342945787,0.7767341124560574,Occasional / Low-Engagement
9999,1965,Graduation,Together,75276.0,0,0,2013-07-02,2,610,105,125,137,42,21,1,9,4,9,5,0,0,0,0,0,0,0,1040,23,0,0,49,523,0.391304347826087,0.391304347826087,0.17391304347826086,0.043478260869565216,45.21739130434783,0.5865384615384616,0.1201923076923077,0.020192307692307693,0,0,0,2.545410494617241,-0.0465084842389513,Digital Convenience Shoppers
7617,1974,Graduation,Single,42373.0,1,1,2013-07-02,83,67,5,61,3,8,19,5,2,1,5,5,0,0,0,0,0,0,0,163,13,2,1,40,523,0.15384615384615385,0.38461538461538464,0.07692307692307693,0.38461538461538464,12.538461538461538,0.4110429447852761,0.37423312883435583,0.1165644171779141,0,0,2,-1.406694423710471,1.0728378225898345,Deal & Discount Hunters
615,1960,Graduation,Together,30507.0,0,0,2013-11-03,29,65,36,74,38,20,110,1,5,1,4,7,0,0,0,0,0,0,0,343,11,0,0,54,399,0.45454545454545453,0.36363636363636365,0.09090909090909091,0.09090909090909091,31.181818181818183,0.18950437317784258,0.21574344023323616,0.3206997084548105,0,0,1,-1.026423017774967,-0.7699140629660307,Occasional / Low-Engagement
2552,1955,PhD,Single,55521.0,1,2,2013-07-02,11,416,0,26,0,0,4,9,6,3,6,7,0,1,0,0,0,0,1,446,24,3,1,59,523,0.25,0.25,0.125,0.375,18.583333333333332,0.9327354260089686,0.05829596412556054,0.008968609865470852,1,1,2,-0.17129543393530422,4.12002460434702,Deal & Discount Hunters
194,1965,Graduation,Married,48006.0,1,1,2014-09-06,55,23,0,11,3,2,2,1,1,0,3,6,0,0,0,0,0,0,0,41,5,2,1,49,92,0.2,0.6,0.0,0.2,8.2,0.5609756097560976,0.2682926829268293,0.04878048780487805,0,0,1,-2.450759622681675,-1.144619076568953,Occasional / Low-Engagement
3645,1972,PhD,Single,27213.0,1,0,2013-07-02,19,19,3,26,10,9,3,3,2,0,4,8,0,0,0,0,0,0,1,70,9,1,1,42,523,0.2222222222222222,0.4444444444444444,0.0,0.3333333333333333,7.777777777777778,0.2714285714285714,0.37142857142857144,0.04285714285714286,0,0,1,-2.2463695739010454,0.3029617439816668,Occasional / Low-Engagement
8890,1971,PhD,Divorced,65808.0,1,1,2013-07-02,1,155,7,80,13,7,10,3,5,1,5,6,0,0,0,0,0,0,0,272,14,2,1,43,523,0.35714285714285715,0.35714285714285715,0.07142857142857142,0.21428571428571427,19.428571428571427,0.5698529411764706,0.29411764705882354,0.03676470588235294,0,0,2,-0.6591530109843261,0.9152816632871271,Deal & Discount Hunters
5049,1974,PhD,Together,30351.0,1,0,2013-06-06,19,14,0,24,3,3,2,1,3,0,2,9,0,0,0,0,0,0,0,46,6,1,1,40,549,0.5,0.3333333333333333,0.0,0.16666666666666666,7.666666666666667,0.30434782608695654,0.5217391304347826,0.043478260869565216,0,0,1,-2.5919481857899678,-0.2251094129328293,Occasional / Low-Engagement
9973,1963,Graduation,Married,50437.0,0,2,2013-07-02,28,370,9,92,6,9,4,3,7,1,8,7,0,0,0,0,0,0,0,490,19,2,1,51,523,0.3684210526315789,0.42105263157894735,0.05263157894736842,0.15789473684210525,25.789473684210527,0.7551020408163265,0.18775510204081633,0.00816326530612245,0,0,2,-0.0858649838862376,1.6866380234622629,Deal & Discount Hunters
7301,1982,2n Cycle,Single,23616.0,1,0,2013-07-02,76,4,22,11,3,7,32,2,3,0,3,8,0,0,0,0,0,0,1,79,8,1,1,32,523,0.375,0.375,0.0,0.25,9.875,0.05063291139240506,0.13924050632911392,0.4050632911392405,0,0,1,-2.353457887523173,0.03367911158645563,Occasional / Low-Engagement
10882,1976,Graduation,Married,53858.0,0,1,2012-09-11,50,407,53,221,58,150,26,4,4,3,6,4,0,0,0,0,0,0,0,915,17,1,1,38,817,0.23529411764705882,0.35294117647058826,0.17647058823529413,0.23529411764705882,53.8235294117647,0.4448087431693989,0.24153005464480876,0.02841530054644809,0,0,0,0.5993601352339908,0.7887762377074001,Digital Convenience Shoppers
7030,1955,PhD,Married,66465.0,0,1,2013-07-02,1,1200,0,204,38,29,14,3,11,9,12,6,0,0,0,1,0,0,0,1485,35,1,1,59,523,0.3142857142857143,0.34285714285714286,0.2571428571428571,0.08571428571428572,42.42857142857143,0.8080808080808081,0.13737373737373737,0.009427609427609427,1,1,0,4.0952031576830485,2.0667448060915654,Digital Convenience Shoppers
7422,1987,Graduation,Single,46923.0,1,0,2013-07-02,90,85,44,54,102,78,6,3,5,1,7,7,0,0,0,0,0,0,0,369,16,1,1,27,523,0.3125,0.4375,0.0625,0.1875,23.0625,0.23035230352303523,0.14634146341463414,0.016260162601626018,0,0,2,-0.3879885114756823,0.7723311212259748,Deal & Discount Hunters
3523,1962,Graduation,Together,75072.0,0,1,2013-07-02,83,583,34,309,0,22,125,2,5,4,8,3,0,0,0,0,0,0,0,1073,19,1,1,52,523,0.2631578947368421,0.42105263157894735,0.21052631578947367,0.10526315789473684,56.473684210526315,0.543336439888164,0.287977632805219,0.11649580615097857,0,0,0,1.7527612898791125,-0.2580867415046143,Digital Convenience Shoppers
7106,1943,PhD,Married,75865.0,0,0,2013-07-02,73,483,0,591,156,0,12,1,3,5,10,1,0,0,0,0,0,0,0,1242,19,0,0,71,523,0.15789473684210525,0.5263157894736842,0.2631578947368421,0.05263157894736842,65.36842105263158,0.3888888888888889,0.4758454106280193,0.00966183574879227,0,0,3,2.585123935021539,-1.6381331209987076,High-Value Elite
6504,1975,2n Cycle,Together,19789.0,1,0,2013-07-02,24,2,5,9,28,6,28,3,2,1,3,5,1,0,0,0,0,0,0,78,9,1,1,39,523,0.2222222222222222,0.3333333333333333,0.1111111111111111,0.3333333333333333,8.666666666666666,0.02564102564102564,0.11538461538461539,0.358974358974359,1,1,1,-2.0117435194076956,-0.20426085252318468,Occasional / Low-Engagement
5067,1994,Graduation,Together,80134.0,0,0,2013-07-02,11,966,26,282,52,26,26,1,2,7,11,5,0,1,1,1,1,0,0,1378,21,0,0,20,523,0.09523809523809523,0.5238095238095238,0.3333333333333333,0.047619047619047616,65.61904761904762,0.7010159651669086,0.204644412191582,0.018867924528301886,4,1,3,2.6600081451312545,-1.0386011586135726,High-Value Elite
4216,1981,Graduation,Single,91065.0,0,0,2013-07-02,33,822,114,108,179,137,114,1,7,9,9,3,0,0,1,1,0,0,1,1474,26,0,0,33,523,0.2692307692307692,0.34615384615384615,0.34615384615384615,0.038461538461538464,56.69230769230769,0.5576662143826323,0.07327001356852103,0.0773405698778833,2,1,3,3.983231002319296,-0.6793243169832306,High-Value Elite
8581,1971,Master,Married,49505.0,1,1,2013-05-03,4,604,0,100,19,0,28,9,10,2,8,8,0,0,0,0,0,0,0,751,29,2,1,43,583,0.3448275862068966,0.27586206896551724,0.06896551724137931,0.3103448275862069,25.896551724137932,0.8042609853528628,0.13315579227696406,0.037283621837549935,0,0,2,0.914445125753293,4.65336620127236,Deal & Discount Hunters
5929,1973,PhD,Married,37401.0,1,0,2014-06-05,14,19,3,19,3,1,3,2,2,0,3,7,0,0,0,0,0,0,0,48,7,1,1,41,185,0.2857142857142857,0.42857142857142855,0.0,0.2857142857142857,6.857142857142857,0.3958333333333333,0.3958333333333333,0.0625,0,0,1,-2.2304129185433523,-0.7833796499779677,Occasional / Low-Engagement
3129,1983,Graduation,Married,30096.0,1,0,2013-07-02,30,5,3,11,12,5,9,1,2,0,3,6,0,0,0,0,0,0,0,45,6,1,1,31,523,0.3333333333333333,0.5,0.0,0.16666666666666666,7.5,0.1111111111111111,0.24444444444444444,0.2,0,0,1,-2.241109610537495,-0.8451366061124547,Occasional / Low-Engagement
6528,1982,Master,Together,18492.0,1,0,2014-05-06,75,2,2,2,2,1,1,1,1,0,2,8,0,0,0,0,0,0,0,10,4,1,1,32,215,0.25,0.5,0.0,0.25,2.5,0.2,0.2,0.1,0,0,1,-3.076360192212618,-1.1167088623662351,Occasional / Low-Engagement
1361,1974,Master,Married,82584.0,0,0,2013-04-06,26,1076,68,103,29,91,68,1,3,4,8,1,0,1,1,0,0,0,1,1435,16,0,0,40,610,0.1875,0.5,0.25,0.0625,89.6875,0.7498257839721254,0.07177700348432056,0.047386759581881537,2,1,3,2.328531520057006,-1.7290605073288812,High-Value Elite
6932,1941,PhD,Married,93027.0,0,0,2013-07-02,77,1285,42,716,55,0,21,0,7,10,5,2,0,0,1,0,0,0,0,2119,22,0,0,73,523,0.3181818181818182,0.22727272727272727,0.45454545454545453,0.0,96.31818181818181,0.6064181217555451,0.3378952336007551,0.009910335063709298,1,1,3,4.058687180586076,-1.5323552995412872,High-Value Elite
7284,1953,Graduation,Married,48686.0,1,2,2013-04-12,8,10,0,7,2,0,1,1,1,0,2,8,0,0,0,0,0,0,0,20,4,3,1,61,604,0.25,0.5,0.0,0.25,5.0,0.5,0.35,0.05,0,0,1,-3.0924841771285765,0.29602093244084604,Occasional / Low-Engagement
1340,1986,Graduation,Married,92910.0,0,0,2013-07-02,42,551,137,792,179,103,33,1,6,7,13,1,0,1,1,1,0,0,0,1795,27,0,0,28,523,0.2222222222222222,0.48148148148148145,0.25925925925925924,0.037037037037037035,66.48148148148148,0.30696378830083565,0.44122562674094706,0.01838440111420613,3,1,3,4.617366621880719,-0.9592864484989385,High-Value Elite
8746,1989,Graduation,Married,75433.0,1,0,2014-05-04,28,800,0,297,0,34,57,2,2,5,10,6,0,1,0,1,0,0,0,1188,19,1,1,25,217,0.10526315789473684,0.5263157894736842,0.2631578947368421,0.10526315789473684,62.526315789473685,0.6734006734006734,0.25,0.047979797979797977,2,1,0,1.4774506096582256,-0.49151719475944033,Digital Convenience Shoppers
5987,1989,2n Cycle,Together,10404.0,1,0,2014-04-05,52,2,2,11,10,6,12,2,1,0,4,5,0,0,0,0,0,0,0,43,7,1,1,25,246,0.14285714285714285,0.5714285714285714,0.0,0.2857142857142857,6.142857142857143,0.046511627906976744,0.2558139534883721,0.27906976744186046,0,0,1,-2.4711928377883265,-1.014046862551184,Occasional / Low-Engagement
3767,1968,Graduation,Married,61314.0,0,1,2013-07-02,1,378,0,189,97,172,172,2,5,5,12,3,0,0,0,0,0,0,0,1008,24,1,1,46,523,0.20833333333333334,0.5,0.20833333333333334,0.08333333333333333,42.0,0.375,0.1875,0.17063492063492064,0,0,0,2.2899597535912455,0.14539874497798463,Digital Convenience Shoppers
3725,1961,PhD,Single,84865.0,0,0,2013-09-05,1,1248,16,349,43,16,16,1,2,4,9,4,0,1,1,1,1,0,1,1688,16,0,0,53,458,0.125,0.5625,0.25,0.0625,105.5,0.7393364928909952,0.20675355450236968,0.009478672985781991,4,1,3,2.178355181062708,-1.5486824395161911,High-Value Elite
4324,1989,Graduation,Married,42387.0,1,0,2013-07-02,42,235,0,235,19,4,191,5,8,1,7,8,0,0,0,0,0,0,0,684,21,1,1,25,523,0.38095238095238093,0.3333333333333333,0.047619047619047616,0.23809523809523808,32.57142857142857,0.3435672514619883,0.3435672514619883,0.27923976608187134,0,0,2,0.18920077351333014,2.1863904725296477,Deal & Discount Hunters
238,1967,2n Cycle,Together,67309.0,1,1,2013-07-02,76,515,47,181,149,95,95,15,9,6,9,7,0,0,0,0,0,0,0,1082,39,2,1,47,523,0.23076923076923078,0.23076923076923078,0.15384615384615385,0.38461538461538464,27.743589743589745,0.47597042513863214,0.16728280961182995,0.0878003696857671,0,0,2,2.6333009399034975,6.5097335893440835,Deal & Discount Hunters
6694,1964,Graduation,Married,75236.0,0,1,2013-07-02,27,438,66,400,12,38,114,1,8,3,13,4,0,0,0,0,0,0,0,1068,25,1,1,50,523,0.32,0.52,0.12,0.04,42.72,0.4101123595505618,0.37453183520599254,0.10674157303370786,0,0,0,2.698533996688399,0.3975802823448433,Digital Convenience Shoppers
498,1970,Graduation,Single,30015.0,1,0,2014-02-02,28,25,0,22,2,3,5,2,1,0,4,5,0,0,0,0,0,0,0,57,7,1,1,44,308,0.14285714285714285,0.5714285714285714,0.0,0.2857142857142857,8.142857142857142,0.43859649122807015,0.38596491228070173,0.08771929824561403,0,0,1,-2.0949407226870957,-1.0157278783351116,Occasional / Low-Engagement
9347,1956,Master,Together,50943.0,0,1,2013-07-02,49,31,0,7,2,0,6,1,1,0,3,5,0,0,0,0,0,0,0,46,5,1,1,58,523,0.2,0.6,0.0,0.2,9.2,0.6739130434782609,0.15217391304347827,0.13043478260869565,0,0,1,-1.8931654503315174,-1.2730612577831766,Occasional / Low-Engagement
9699,1966,Graduation,Divorced,67272.0,0,1,2013-07-02,12,357,35,271,28,28,14,3,6,2,12,5,0,0,0,0,0,0,0,733,23,1,1,48,523,0.2608695652173913,0.5217391304347826,0.08695652173913043,0.13043478260869565,31.869565217391305,0.4870395634379263,0.36971350613915416,0.019099590723055934,0,0,0,1.6323979271237092,0.9152689248143154,Digital Convenience Shoppers
10664,1949,Master,Widow,51529.0,0,1,2013-07-09,14,400,4,35,6,0,22,2,9,1,5,8,0,0,0,0,0,0,0,467,17,1,1,65,516,0.5294117647058824,0.29411764705882354,0.058823529411764705,0.11764705882352941,27.470588235294116,0.8565310492505354,0.07494646680942184,0.047109207708779445,0,0,0,-0.12376982111323039,1.0752264494585324,Digital Convenience Shoppers
5455,1971,PhD,Married,32011.0,1,0,2013-07-02,89,99,0,15,2,1,5,3,2,1,4,7,0,0,0,0,0,0,0,122,10,1,1,43,523,0.2,0.4,0.1,0.3,12.2,0.8114754098360656,0.12295081967213115,0.040983606557377046,0,0,1,-1.8069131029025385,0.12641536512365276,Occasional / Low-Engagement
456,1986,2n Cycle,Married,7500.0,1,0,2013-07-02,96,1,11,5,4,6,9,2,2,0,3,8,0,0,0,0,0,0,0,36,7,1,1,28,523,0.2857142857142857,0.42857142857142855,0.0,0.2857142857142857,5.142857142857143,0.027777777777777776,0.1388888888888889,0.25,0,0,1,-2.8330205704847296,-0.0650539903933318,Occasional / Low-Engagement
5012,1989,Graduation,Married,28691.0,1,0,2013-04-07,56,5,4,13,8,0,4,1,1,0,3,8,0,0,0,0,0,0,0,34,5,1,1,25,609,0.2,0.6,0.0,0.2,6.8,0.14705882352941177,0.38235294117647056,0.11764705882352941,0,0,1,-2.6438792047677477,-0.5728864134596213,Occasional / Low-Engagement
7495,1948,PhD,Married,56223.0,0,1,2013-07-02,72,77,28,31,16,0,4,2,2,1,5,4,0,0,0,0,0,0,0,156,10,1,1,66,523,0.2,0.5,0.1,0.2,15.6,0.4935897435897436,0.1987179487179487,0.02564102564102564,0,0,1,-0.8743370153232057,-0.7624776464492671,Occasional / Low-Engagement
5029,1946,Graduation,Married,18100.0,0,0,2013-06-08,14,3,1,2,4,3,1,1,0,0,3,5,0,0,0,0,0,0,0,14,4,0,0,68,547,0.0,0.75,0.0,0.25,3.5,0.21428571428571427,0.14285714285714285,0.07142857142857142,0,0,1,-2.3664419351019306,-1.7687320638777553,Occasional / Low-Engagement
10642,1989,Graduation,Single,30279.0,1,0,2013-07-02,13,10,4,14,4,4,1,1,1,0,3,8,0,0,0,0,0,0,0,37,5,1,1,25,523,0.2,0.6,0.0,0.2,7.4,0.2702702702702703,0.3783783783783784,0.02702702702702703,0,0,1,-2.6357138039133807,-0.6826646696839257,Occasional / Low-Engagement
2106,1974,2n Cycle,Married,20130.0,0,0,2013-07-02,99,0,6,3,7,6,12,1,1,0,3,8,0,0,0,0,0,0,0,34,5,0,0,40,523,0.2,0.6,0.0,0.2,6.8,0.0,0.08823529411764706,0.35294117647058826,0,0,1,-2.4920851783191083,-1.1693744569575273,Occasional / Low-Engagement
10364,1959,Graduation,Divorced,23295.0,0,0,2013-07-02,72,0,0,1,2,12,5,1,1,0,2,8,0,0,0,0,0,0,0,20,4,0,0,55,523,0.25,0.5,0.0,0.25,5.0,0.0,0.05,0.25,0,0,1,-2.6164047880734875,-1.2506361444992051,Occasional / Low-Engagement
5954,1972,Master,Divorced,42618.0,1,0,2013-09-10,92,76,14,74,13,5,10,2,5,0,4,8,0,0,0,0,0,0,0,192,11,1,1,42,453,0.45454545454545453,0.36363636363636365,0.0,0.18181818181818182,17.454545454545453,0.3958333333333333,0.3854166666666667,0.052083333333333336,0,0,1,-1.4518535211206158,0.25893602597670057,Occasional / Low-Engagement
1137,1964,Graduation,Single,81246.0,0,0,2013-07-02,87,398,190,537,61,156,37,1,4,5,7,1,1,0,0,1,0,0,0,1379,17,0,0,50,523,0.23529411764705882,0.4117647058823529,0.29411764705882354,0.058823529411764705,81.11764705882354,0.2886149383611313,0.38941261783901376,0.026831036983321246,2,1,3,2.437526034916011,-1.7259278255646857,High-Value Elite
2541,1976,Graduation,Married,24027.0,1,0,2013-09-06,7,14,7,11,11,0,5,2,2,0,3,8,0,0,0,0,0,0,0,48,7,1,1,38,457,0.2857142857142857,0.42857142857142855,0.0,0.2857142857142857,6.857142857142857,0.2916666666666667,0.22916666666666666,0.10416666666666667,0,0,1,-2.5497110444123265,-0.20547825573672415,Occasional / Low-Engagement
1142,1953,PhD,Married,55707.0,0,1,2013-07-02,91,208,7,82,30,66,35,2,3,2,9,3,0,0,0,0,0,0,0,428,16,1,1,61,523,0.1875,0.5625,0.125,0.125,26.75,0.48598130841121495,0.19158878504672897,0.08177570093457943,0,0,0,0.43494906174398107,-0.4533015466669239,Digital Convenience Shoppers
2276,1955,Graduation,Single,57959.0,0,1,2013-02-05,71,430,16,322,43,24,33,5,4,7,11,3,0,0,0,0,0,0,0,868,27,1,1,59,670,0.14814814814814814,0.4074074074074074,0.25925925925925924,0.18518518518518517,32.148148148148145,0.49539170506912444,0.3709677419354839,0.038018433179723504,0,0,0,2.3604241835486497,1.2544360029668327,Digital Convenience Shoppers
2807,1969,Graduation,Married,56796.0,0,1,2013-07-02,24,656,38,161,62,47,37,3,8,9,7,7,0,0,0,0,0,0,0,1001,27,1,1,45,523,0.2962962962962963,0.25925925925925924,0.3333333333333333,0.1111111111111111,37.074074074074076,0.6553446553446554,0.16083916083916083,0.03696303696303696,0,0,0,2.163094182705549,1.4214736882933212,Digital Convenience Shoppers
6471,1971,Master,Single,36230.0,1,0,2013-07-02,17,14,2,30,8,2,3,1,2,0,4,5,0,0,0,0,0,0,0,59,7,1,1,43,523,0.2857142857142857,0.5714285714285714,0.0,0.14285714285714285,8.428571428571429,0.23728813559322035,0.5084745762711864,0.05084745762711865,0,0,1,-1.8378959308021463,-0.9600051350614753,Occasional / Low-Engagement
6131,1980,2n Cycle,Married,70829.0,1,1,2013-01-12,87,141,70,106,72,19,23,2,4,2,8,3,0,0,0,0,0,0,0,431,16,2,1,34,694,0.25,0.5,0.125,0.125,26.9375,0.3271461716937355,0.2459396751740139,0.05336426914153132,0,0,0,0.4180213490425966,0.3103741702032046,Digital Convenience Shoppers
6233,1976,Graduation,Married,65991.0,0,1,2012-07-09,21,507,19,364,25,47,9,3,9,5,10,7,0,0,0,0,0,0,0,971,27,1,1,38,881,0.3333333333333333,0.37037037037037035,0.18518518518518517,0.1111111111111111,35.96296296296296,0.5221421215242018,0.3748712667353244,0.009268795056642637,0,0,0,2.2916067195984064,2.1335429179060563,Digital Convenience Shoppers
4148,1972,Graduation,Married,38988.0,1,2,2013-07-02,90,164,24,103,12,3,42,7,5,1,6,8,0,0,0,0,0,0,0,348,19,3,1,42,523,0.2631578947368421,0.3157894736842105,0.05263157894736842,0.3684210526315789,18.31578947368421,0.47126436781609193,0.2959770114942529,0.1206896551724138,0,0,2,-1.2661651312908433,3.3914931113078697,Deal & Discount Hunters
4947,1966,2n Cycle,Single,89572.0,0,0,2013-07-02,44,606,24,974,197,194,64,1,7,7,9,4,0,1,0,1,0,0,1,2059,24,0,0,48,523,0.2916666666666667,0.375,0.2916666666666667,0.041666666666666664,85.79166666666667,0.29431762991743565,0.47304516755706655,0.03108305002428363,2,1,3,3.879562682878345,-0.5959446723079567,High-Value Elite
3225,1984,Master,Married,42207.0,1,0,2013-01-04,71,116,11,72,3,17,46,4,4,1,5,6,1,0,0,0,0,0,1,265,14,1,1,30,702,0.2857142857142857,0.35714285714285715,0.07142857142857142,0.2857142857142857,18.928571428571427,0.4377358490566038,0.27169811320754716,0.17358490566037735,1,1,2,-0.8484028560617839,0.9230464031359579,Deal & Discount Hunters
7540,1952,Graduation,Married,50300.0,0,1,2013-07-02,52,143,15,60,24,23,5,2,2,1,8,2,0,0,0,0,0,0,0,270,13,1,1,62,523,0.15384615384615385,0.6153846153846154,0.07692307692307693,0.15384615384615385,20.76923076923077,0.5296296296296297,0.2222222222222222,0.018518518518518517,0,0,1,-0.17499441132749752,-0.8439906100636241,Occasional / Low-Engagement
10648,1982,2n Cycle,Together,66664.0,0,0,2013-07-02,78,398,96,447,220,96,32,1,5,7,6,3,0,0,0,0,0,0,0,1289,19,0,0,32,523,0.2631578947368421,0.3157894736842105,0.3684210526315789,0.05263157894736842,67.84210526315789,0.30876648564778897,0.3467804499612102,0.02482544608223429,0,0,3,2.230644690100122,-1.1808573327973366,High-Value Elite
1992,1964,Graduation,Married,60597.0,0,1,2014-01-01,2,522,0,257,32,16,66,4,2,2,8,7,0,0,0,1,0,0,1,893,16,1,1,50,340,0.125,0.5,0.125,0.25,55.8125,0.5845464725643897,0.2877939529675252,0.07390817469204927,1,1,2,0.10845506271384027,0.42656184573730643,Deal & Discount Hunters
7851,1949,Graduation,Widow,70165.0,0,0,2013-07-02,60,161,0,253,199,191,122,1,3,7,11,1,0,0,0,0,0,0,0,926,22,0,0,65,523,0.13636363636363635,0.5,0.3181818181818182,0.045454545454545456,42.09090909090909,0.17386609071274298,0.2732181425485961,0.13174946004319654,0,0,3,2.793737310422683,-1.466627953739502,High-Value Elite
8594,1958,PhD,Widow,50520.0,0,1,2013-07-02,25,112,0,6,2,1,14,2,3,1,3,6,0,0,0,0,0,0,0,135,9,1,1,56,523,0.3333333333333333,0.3333333333333333,0.1111111111111111,0.2222222222222222,15.0,0.8296296296296296,0.044444444444444446,0.1037037037037037,0,0,1,-1.4133937039551203,-0.3784391200934898,Occasional / Low-Engagement
7059,1963,Graduation,Married,80124.0,0,0,2013-07-02,47,483,84,398,205,84,241,1,3,7,8,1,1,0,0,0,0,0,0,1495,19,0,0,51,523,0.15789473684210525,0.42105263157894735,0.3684210526315789,0.05263157894736842,78.6842105263158,0.3230769230769231,0.2662207357859532,0.16120401337792642,1,1,3,2.8676397103568463,-1.76064699755317,High-Value Elite
2815,1975,Graduation,Married,33183.0,1,0,2013-07-02,46,7,5,39,17,15,37,2,4,0,3,7,0,0,0,0,0,0,0,120,9,1,1,39,523,0.4444444444444444,0.3333333333333333,0.0,0.2222222222222222,13.333333333333334,0.058333333333333334,0.325,0.30833333333333335,0,0,1,-1.882137380437499,1.3918844702313194e-07,Occasional / Low-Engagement
2416,1969,PhD,Single,66582.0,0,0,2014-03-03,83,789,25,420,16,38,0,1,2,8,9,1,0,0,0,0,0,0,0,1288,20,0,0,45,279,0.1,0.45,0.4,0.05,64.4,0.6125776397515528,0.32608695652173914,0.0,0,0,3,2.6365276945671514,-2.0824471601799046,High-Value Elite
7999,1955,PhD,Together,75261.0,0,0,2013-07-02,17,1239,17,413,23,34,17,1,5,6,5,2,0,1,1,0,0,0,1,1743,17,0,0,59,523,0.29411764705882354,0.29411764705882354,0.35294117647058826,0.058823529411764705,102.52941176470588,0.7108433734939759,0.23694779116465864,0.009753298909925417,2,1,3,2.4557318080423687,-1.4943294318709655,High-Value Elite
9213,1970,Graduation,Widow,31880.0,1,0,2013-07-02,13,4,1,5,2,0,3,1,1,0,2,8,0,0,0,0,0,0,0,15,4,1,1,44,523,0.25,0.5,0.0,0.25,3.75,0.26666666666666666,0.3333333333333333,0.2,0,0,1,-2.7887103255981005,-0.7623685072512644,Occasional / Low-Engagement
9697,1951,Graduation,Married,53790.0,0,2,2014-06-03,86,335,42,127,28,5,5,3,7,2,8,6,0,0,0,0,0,0,0,542,20,2,1,63,187,0.35,0.4,0.1,0.15,27.1,0.6180811808118081,0.23431734317343172,0.00922509225092251,0,0,0,0.26930987061883915,1.0821636407981048,Digital Convenience Shoppers
3916,1971,PhD,Together,49269.0,1,0,2013-07-02,92,639,8,166,11,8,58,3,7,3,12,7,0,0,0,0,0,0,0,890,25,1,1,43,523,0.28,0.48,0.12,0.12,35.6,0.7179775280898877,0.18651685393258427,0.0651685393258427,0,0,0,1.5356592504513655,1.4904609154778208,Digital Convenience Shoppers
2021,1975,Graduation,Married,61456.0,0,1,2013-07-02,47,563,76,384,84,192,89,4,6,10,13,4,0,0,0,0,0,0,0,1388,33,1,1,39,523,0.18181818181818182,0.3939393939393939,0.30303030303030304,0.12121212121212122,42.06060606060606,0.40561959654178675,0.276657060518732,0.06412103746397695,0,0,0,3.7927778699634067,1.3835817431758946,Digital Convenience Shoppers
1581,1980,Graduation,Married,37406.0,1,0,2013-10-10,18,2,0,8,2,2,3,1,1,0,2,8,0,0,0,0,0,0,1,17,4,1,1,34,423,0.25,0.5,0.0,0.25,4.25,0.11764705882352941,0.47058823529411764,0.17647058823529413,0,0,1,-2.7008263857309416,-0.918002806613202,Occasional / Low-Engagement
564,1981,PhD,Together,56937.0,1,0,2012-04-08,81,746,8,125,11,8,8,7,8,6,9,6,0,1,0,0,0,0,1,906,30,1,1,33,973,0.26666666666666666,0.3,0.2,0.23333333333333334,30.2,0.8233995584988962,0.13796909492273732,0.008830022075055188,1,1,2,2.278443661606053,3.371158950231761,Deal & Discount Hunters
6619,1978,Graduation,Married,38415.0,1,1,2013-02-01,91,22,1,13,4,0,4,2,1,0,3,7,0,0,0,0,0,0,0,44,6,2,1,36,674,0.16666666666666666,0.5,0.0,0.3333333333333333,7.333333333333333,0.5,0.29545454545454547,0.09090909090909091,0,0,1,-2.589566302964208,0.17690348778428217,Occasional / Low-Engagement
9081,1988,Graduation,Single,20518.0,1,0,2013-07-02,58,4,1,6,4,1,9,1,1,1,2,5,0,0,0,0,0,0,0,25,5,1,1,26,523,0.2,0.4,0.2,0.2,5.0,0.16,0.24,0.36,0,0,1,-2.4495937732570843,-1.1870431692750267,Occasional / Low-Engagement
178,1956,Graduation,Married,62503.0,0,1,2013-07-02,40,478,0,193,110,75,117,4,8,3,11,5,0,0,0,0,0,0,0,973,26,1,1,58,523,0.3076923076923077,0.4230769230769231,0.11538461538461539,0.15384615384615385,37.42307692307692,0.49126413155190135,0.19835560123329907,0.12024665981500514,0,0,0,2.096539994113215,1.5721876053738968,Digital Convenience Shoppers
916,1972,PhD,Single,41644.0,1,1,2014-09-05,67,20,3,4,2,0,2,2,1,0,3,3,0,0,0,0,0,0,0,31,6,2,1,42,93,0.16666666666666666,0.5,0.0,0.3333333333333333,5.166666666666667,0.6451612903225806,0.12903225806451613,0.06451612903225806,0,0,1,-2.175628164740471,-1.2414156151560811,Occasional / Low-Engagement
5512,1977,Master,Married,55842.0,0,1,2013-07-02,19,451,0,39,0,4,24,1,7,1,8,5,0,0,0,0,0,0,0,518,17,1,1,37,523,0.4117647058823529,0.47058823529411764,0.058823529411764705,0.058823529411764705,30.470588235294116,0.8706563706563707,0.07528957528957529,0.04633204633204633,0,0,0,0.4802734652834098,0.0893331441468797,Digital Convenience Shoppers
8970,1972,PhD,Married,62010.0,0,1,2013-07-02,93,371,22,39,6,0,92,4,6,2,7,5,0,0,0,0,0,0,0,530,19,1,1,42,523,0.3157894736842105,0.3684210526315789,0.10526315789473684,0.21052631578947367,27.894736842105264,0.7,0.07358490566037736,0.17358490566037735,0,0,0,0.6242295918975439,0.9297691885489476,Digital Convenience Shoppers
10581,1977,Graduation,Married,41124.0,1,0,2013-07-02,41,281,7,84,15,0,119,7,7,3,4,8,0,0,0,0,0,0,0,506,21,1,1,37,523,0.3333333333333333,0.19047619047619047,0.14285714285714285,0.3333333333333333,24.095238095238095,0.5553359683794467,0.16600790513833993,0.23517786561264822,0,0,2,-0.15048211161446073,2.5980427507138373,Deal & Discount Hunters
5300,1973,Master,Married,38961.0,1,0,2013-07-02,60,19,7,19,0,1,24,1,2,1,2,7,0,0,0,0,0,0,0,70,6,1,1,41,523,0.3333333333333333,0.3333333333333333,0.16666666666666666,0.16666666666666666,11.666666666666666,0.2714285714285714,0.2714285714285714,0.34285714285714286,0,0,1,-2.15302313482394,-0.7761983590325499,Occasional / Low-Engagement
5154,1972,Master,Divorced,37760.0,1,0,2013-11-08,54,26,3,13,2,10,0,1,2,0,3,6,0,0,0,0,0,0,0,54,6,1,1,42,394,0.3333333333333333,0.5,0.0,0.16666666666666666,9.0,0.48148148148148145,0.24074074074074073,0.0,0,0,1,-2.1097118562335893,-1.0523910130288399,Occasional / Low-Engagement
8346,1974,Graduation,Single,32233.0,1,0,2013-07-02,26,138,15,35,25,11,72,2,6,2,2,9,1,0,0,0,0,0,1,296,12,1,1,40,523,0.5,0.16666666666666666,0.16666666666666666,0.16666666666666666,24.666666666666668,0.46621621621621623,0.11824324324324324,0.24324324324324326,1,1,1,-1.4986028994635576,0.6405920207610988,Occasional / Low-Engagement
1676,1975,Graduation,Married,43057.0,0,1,2013-07-02,30,213,2,44,0,2,5,4,4,2,5,5,0,0,0,0,0,0,0,266,15,1,1,39,523,0.26666666666666666,0.3333333333333333,0.13333333333333333,0.26666666666666666,17.733333333333334,0.8007518796992481,0.16541353383458646,0.018796992481203006,0,0,2,-0.5698874906148239,0.5578280344465668,Deal & Discount Hunters
9286,1960,Master,Together,83151.0,0,0,2012-10-10,93,407,28,100,120,74,18,1,5,9,4,3,0,0,0,0,0,0,0,747,19,0,0,54,788,0.2631578947368421,0.21052631578947367,0.47368421052631576,0.05263157894736842,39.31578947368421,0.5448460508701473,0.13386880856760375,0.024096385542168676,0,0,3,2.2390181025872358,-0.9779417124648051,High-Value Elite
2426,1964,PhD,Divorced,78825.0,0,0,2013-07-02,35,483,74,114,169,37,18,1,5,10,13,3,0,0,0,0,0,0,1,895,29,0,0,50,523,0.1724137931034483,0.4482758620689655,0.3448275862068966,0.034482758620689655,30.862068965517242,0.5396648044692738,0.12737430167597766,0.02011173184357542,0,0,3,3.8956292463062154,-0.6083912852981633,High-Value Elite
5172,1976,Master,Together,65104.0,0,1,2013-07-02,4,738,0,232,13,20,50,2,3,5,7,7,0,0,0,0,0,0,0,1053,17,1,1,38,523,0.17647058823529413,0.4117647058823529,0.29411764705882354,0.11764705882352941,61.94117647058823,0.7008547008547008,0.22032288698955366,0.04748338081671415,0,0,0,0.7778023367510726,0.07472961811604197,Digital Convenience Shoppers
5562,1974,Graduation,Married,60093.0,0,1,2013-07-02,92,502,12,109,16,6,90,2,7,2,10,6,0,0,0,0,0,0,0,735,21,1,1,40,523,0.3333333333333333,0.47619047619047616,0.09523809523809523,0.09523809523809523,35.0,0.6829931972789116,0.14829931972789115,0.12244897959183673,0,0,0,1.1760973701847228,0.7470442155393758,Digital Convenience Shoppers
3436,1969,Graduation,Married,14045.0,1,0,2013-07-02,24,11,0,5,2,1,1,1,1,0,3,7,0,0,0,0,0,0,0,20,5,1,1,45,523,0.2,0.6,0.0,0.2,4.0,0.55,0.25,0.05,0,0,1,-2.8284273801586073,-0.7759522825520524,Occasional / Low-Engagement
3921,1952,2n Cycle,Widow,28457.0,0,0,2013-07-02,96,24,1,108,29,29,14,1,4,1,4,8,0,0,0,0,0,0,0,205,10,0,0,62,523,0.4,0.4,0.1,0.1,20.5,0.11707317073170732,0.526829268292683,0.06829268292682927,0,0,1,-1.398359789621194,-0.6108346465679492,Occasional / Low-Engagement
3403,1958,PhD,Together,78952.0,0,1,2013-07-02,11,1170,19,594,99,76,134,2,2,5,12,6,0,0,0,0,0,0,0,2092,21,1,1,56,523,0.09523809523809523,0.5714285714285714,0.23809523809523808,0.09523809523809523,99.61904761904762,0.5592734225621415,0.28393881453154873,0.06405353728489484,0,0,3,2.55065230854953,-0.007562760007882456,High-Value Elite
22,1976,Graduation,Divorced,46310.0,1,0,2012-03-12,99,185,2,88,15,5,14,2,6,1,5,8,0,0,0,0,0,0,0,309,14,1,1,38,1000,0.42857142857142855,0.35714285714285715,0.07142857142857142,0.14285714285714285,22.071428571428573,0.598705501618123,0.284789644012945,0.045307443365695796,0,0,2,-0.7030359296817507,1.2139595730618453,Deal & Discount Hunters
10965,1955,Graduation,Together,76005.0,0,0,2013-07-02,72,983,20,389,240,50,40,1,3,5,13,6,0,0,0,1,0,0,0,1722,22,0,0,59,523,0.13636363636363635,0.5909090909090909,0.22727272727272727,0.045454545454545456,78.27272727272727,0.5708478513356562,0.2259001161440186,0.023228803716608595,1,1,3,2.842491119215959,-0.6253429069027847,High-Value Elite
9426,1964,Master,Single,58308.0,0,1,2013-12-01,77,691,0,69,10,0,130,4,2,6,3,8,0,0,0,0,0,0,0,900,15,1,1,50,371,0.13333333333333333,0.2,0.4,0.26666666666666666,60.0,0.7677777777777778,0.07666666666666666,0.14444444444444443,0,0,2,-0.12323324924882466,0.3595611535539252,Deal & Discount Hunters
6605,1944,PhD,Divorced,55614.0,0,0,2013-07-02,85,504,13,131,8,0,26,1,9,4,6,7,0,1,0,0,0,0,0,682,20,0,0,70,523,0.45,0.3,0.2,0.05,34.1,0.7390029325513197,0.19208211143695014,0.03812316715542522,1,1,0,1.2185252174838288,0.14798060911747765,Digital Convenience Shoppers
3136,1962,Master,Divorced,59432.0,0,1,2013-07-02,88,317,25,265,25,19,12,3,5,3,11,5,0,0,0,0,0,0,0,663,22,1,1,52,523,0.22727272727272727,0.5,0.13636363636363635,0.13636363636363635,30.136363636363637,0.4781297134238311,0.3996983408748115,0.01809954751131222,0,0,0,1.315427701407891,0.721741794029085,Digital Convenience Shoppers
8737,1978,Graduation,Divorced,55563.0,0,1,2014-05-04,22,29,1,9,2,0,2,1,2,0,3,3,0,0,0,0,0,0,0,43,6,1,1,36,217,0.3333333333333333,0.5,0.0,0.16666666666666666,7.166666666666667,0.6744186046511628,0.20930232558139536,0.046511627906976744,0,0,1,-1.4771570508548282,-1.8445962568578957,Occasional / Low-Engagement
11088,1971,PhD,Together,78642.0,0,1,2013-07-02,83,1396,0,322,46,35,17,1,4,9,4,6,0,0,0,0,0,0,0,1816,18,1,1,43,523,0.2222222222222222,0.2222222222222222,0.5,0.05555555555555555,100.88888888888889,0.7687224669603524,0.17731277533039647,0.009361233480176211,0,0,3,2.032688455917973,-0.523122613862938,High-Value Elite
716,1949,PhD,Together,67911.0,0,1,2013-07-02,63,529,0,356,63,28,0,3,6,7,11,3,0,0,0,0,0,0,0,976,27,1,1,65,523,0.2222222222222222,0.4074074074074074,0.25925925925925924,0.1111111111111111,36.148148148148145,0.5420081967213115,0.36475409836065575,0.0,0,0,0,2.8093109358826154,0.61785720247278,Digital Convenience Shoppers
466,1944,Graduation,Married,65275.0,0,0,2013-03-04,9,388,14,218,91,14,21,1,4,3,13,2,0,0,0,0,0,0,0,746,21,0,0,70,643,0.19047619047619047,0.6190476190476191,0.14285714285714285,0.047619047619047616,35.523809523809526,0.5201072386058981,0.29222520107238603,0.028150134048257374,0,0,3,2.2262149630248884,-0.893443221255081,High-Value Elite
9135,1950,Graduation,Together,27203.0,1,1,2012-06-08,92,13,2,21,4,0,24,2,1,1,2,8,0,0,0,0,0,0,0,64,6,2,1,64,912,0.16666666666666666,0.3333333333333333,0.16666666666666666,0.3333333333333333,10.666666666666666,0.203125,0.328125,0.375,0,0,1,-2.8420501287298,0.6505429306043847,Occasional / Low-Engagement
10623,1961,Master,Together,48330.0,0,1,2013-07-02,2,28,0,4,0,0,0,1,1,0,3,5,0,0,0,0,0,0,0,32,5,1,1,53,523,0.2,0.6,0.0,0.2,6.4,0.875,0.125,0.0,0,0,1,-1.9609576876237391,-1.2506553601338377,Occasional / Low-Engagement
8151,1990,Basic,Married,24279.0,0,0,2013-07-02,6,16,36,21,20,62,108,1,4,1,3,8,0,0,0,0,0,0,0,263,9,0,0,24,523,0.4444444444444444,0.3333333333333333,0.1111111111111111,0.1111111111111111,29.22222222222222,0.060836501901140684,0.07984790874524715,0.41064638783269963,0,0,1,-1.621349957407001,-0.6500781451791907,Occasional / Low-Engagement
5140,1985,PhD,Married,64355.0,1,0,2013-07-02,66,1047,0,140,67,38,153,2,4,3,12,8,0,0,0,0,0,0,0,1445,21,1,1,29,523,0.19047619047619047,0.5714285714285714,0.14285714285714285,0.09523809523809523,68.80952380952381,0.7245674740484429,0.09688581314878893,0.10588235294117647,0,0,0,1.5578098451241587,0.6917061763906347,Digital Convenience Shoppers
10160,1956,Master,Together,50943.0,0,1,2013-07-02,49,31,0,7,2,0,6,1,1,0,3,5,0,0,0,0,0,0,0,46,5,1,1,58,523,0.2,0.6,0.0,0.2,9.2,0.6739130434782609,0.15217391304347827,0.13043478260869565,0,0,1,-1.8931654503315174,-1.2730612577831766,Occasional / Low-Engagement
4945,1953,Graduation,Widow,53653.0,0,0,2012-07-11,29,815,10,239,28,10,108,2,10,4,12,6,0,0,0,0,0,0,0,1210,28,0,0,61,879,0.35714285714285715,0.42857142857142855,0.14285714285714285,0.07142857142857142,43.214285714285715,0.6735537190082644,0.1975206611570248,0.08925619834710743,0,0,0,2.920398486170487,1.4166315349200178,Digital Convenience Shoppers
10584,1976,Graduation,Married,65665.0,0,1,2013-02-12,77,225,162,387,106,36,29,1,5,10,8,3,0,0,0,0,0,0,0,945,24,1,1,38,663,0.20833333333333334,0.3333333333333333,0.4166666666666667,0.041666666666666664,39.375,0.23809523809523808,0.4095238095238095,0.030687830687830688,0,0,3,2.5688176143534087,-0.23586005923294037,High-Value Elite
6071,1989,Graduation,Single,81217.0,0,0,2013-07-02,77,493,70,324,146,40,84,1,3,7,11,1,0,0,0,0,0,0,0,1157,22,0,0,25,523,0.13636363636363635,0.5,0.3181818181818182,0.045454545454545456,52.59090909090909,0.4261019878997407,0.28003457216940364,0.07260155574762317,0,0,3,3.1613000264221403,-1.5318242989809574,High-Value Elite
3386,1992,Graduation,Married,34935.0,0,0,2013-07-02,71,34,4,66,3,10,20,1,2,1,4,7,0,0,0,0,0,0,0,137,8,0,0,22,523,0.25,0.5,0.125,0.125,17.125,0.24817518248175183,0.48175182481751827,0.145985401459854,0,0,1,-1.5293298576131447,-1.130049117548637,Occasional / Low-Engagement
8939,1959,Graduation,Divorced,61250.0,0,1,2013-07-02,49,382,138,65,60,26,59,6,5,2,12,5,0,0,0,0,0,0,0,730,25,1,1,55,523,0.2,0.48,0.08,0.24,29.2,0.5232876712328767,0.08904109589041095,0.08082191780821918,0,0,0,1.5164936590890121,1.8660296952262003,Digital Convenience Shoppers
9925,1981,PhD,Together,39665.0,1,0,2013-07-02,97,127,1,56,0,1,31,3,4,2,3,7,1,0,0,0,0,0,0,216,12,1,1,33,523,0.3333333333333333,0.25,0.16666666666666666,0.25,18.0,0.5879629629629629,0.25925925925925924,0.14351851851851852,1,1,1,-1.2681012421077666,0.3740921041413928,Occasional / Low-Engagement
4320,1979,Graduation,Single,60152.0,0,1,2013-07-02,6,325,83,300,86,58,91,1,6,4,12,3,0,0,0,0,0,0,0,943,23,1,1,35,523,0.2608695652173913,0.5217391304347826,0.17391304347826086,0.043478260869565216,41.0,0.344644750795334,0.3181336161187699,0.09650053022269353,0,0,0,2.1484469211719373,-0.0717376054349947,Digital Convenience Shoppers
5389,1964,Graduation,Married,48920.0,0,2,2013-07-02,93,238,17,68,8,10,6,3,6,2,5,7,0,1,0,0,0,0,0,347,16,2,1,50,523,0.375,0.3125,0.125,0.1875,21.6875,0.6858789625360231,0.19596541786743515,0.01729106628242075,1,1,2,-0.6737519405160907,1.323863722254312,Deal & Discount Hunters
6036,1959,Master,Together,89120.0,0,0,2013-07-02,78,1168,92,408,72,129,55,1,5,6,7,1,0,0,1,0,0,0,0,1924,19,0,0,55,523,0.2631578947368421,0.3684210526315789,0.3157894736842105,0.05263157894736842,101.26315789473684,0.6070686070686071,0.21205821205821207,0.028586278586278588,1,1,3,3.3000519253321206,-1.59456715331697,High-Value Elite
182,1946,PhD,Together,44124.0,0,1,2013-11-05,62,284,0,55,0,6,52,4,6,2,5,8,0,0,0,0,0,0,0,397,17,1,1,68,397,0.35294117647058826,0.29411764705882354,0.11764705882352941,0.23529411764705882,23.352941176470587,0.7153652392947103,0.1385390428211587,0.1309823677581864,0,0,2,-0.5072497733535836,1.2021231563198267,Deal & Discount Hunters
203,1975,Master,Single,81169.0,0,0,2013-07-02,47,1288,20,613,80,61,27,1,5,7,9,2,0,0,0,0,0,0,0,2089,22,0,0,39,523,0.22727272727272727,0.4090909090909091,0.3181818181818182,0.045454545454545456,94.95454545454545,0.6165629487793203,0.29344183820009573,0.01292484442316898,0,0,3,3.664198646747801,-1.2243974101227277,High-Value Elite
11025,1961,Graduation,Married,36443.0,1,1,2013-03-02,9,65,0,46,4,3,20,4,3,1,3,8,0,0,0,0,0,0,0,138,11,2,1,53,645,0.2727272727272727,0.2727272727272727,0.09090909090909091,0.36363636363636365,12.545454545454545,0.47101449275362317,0.3333333333333333,0.14492753623188406,0,0,1,-2.103111837878843,1.4194892128441947,Occasional / Low-Engagement
10203,1990,Graduation,Single,26095.0,1,0,2013-07-02,77,11,7,9,3,1,11,1,1,0,3,7,0,0,0,0,0,0,0,42,5,1,1,24,523,0.2,0.6,0.0,0.2,8.4,0.2619047619047619,0.21428571428571427,0.2619047619047619,0,0,1,-2.5798927474695663,-0.8417963668941495,Occasional / Low-Engagement
4607,1959,Graduation,Together,71367.0,0,0,2013-07-02,24,227,23,389,42,21,75,1,4,5,7,2,0,0,0,0,0,0,0,777,17,0,0,55,523,0.23529411764705882,0.4117647058823529,0.29411764705882354,0.058823529411764705,45.705882352941174,0.29214929214929214,0.5006435006435006,0.09652509652509653,0,0,3,1.70849039850976,-1.4720340611256368,High-Value Elite
3711,1944,Master,Married,80184.0,0,0,2014-01-03,19,1035,134,670,25,38,0,1,6,3,10,3,0,0,1,1,0,0,0,1902,20,0,0,70,338,0.3,0.5,0.15,0.05,95.1,0.5441640378548895,0.352260778128286,0.0,2,1,3,2.9513733195082437,-1.1434426734771994,High-Value Elite
3696,1965,Graduation,Divorced,30630.0,1,1,2013-07-02,67,27,1,12,2,0,10,2,2,0,3,7,0,0,0,0,0,0,0,52,7,2,1,49,523,0.2857142857142857,0.42857142857142855,0.0,0.2857142857142857,7.428571428571429,0.5192307692307693,0.23076923076923078,0.19230769230769232,0,0,1,-2.6004016661866296,0.18771888261706612,Occasional / Low-Engagement
2532,1987,Master,Single,73454.0,0,0,2014-01-03,95,982,73,351,56,14,175,1,2,4,6,5,1,0,0,0,0,0,0,1651,13,0,0,27,338,0.15384615384615385,0.46153846153846156,0.3076923076923077,0.07692307692307693,127.0,0.5947910357359176,0.2125984251968504,0.10599636583888553,1,1,3,1.3248624615319715,-1.7303158788186188,High-Value Elite
9214,1991,Graduation,Married,42691.0,0,0,2013-07-02,48,179,2,64,38,17,58,1,5,1,6,5,0,0,0,0,0,0,0,358,13,0,0,23,523,0.38461538461538464,0.46153846153846156,0.07692307692307693,0.07692307692307693,27.53846153846154,0.5,0.1787709497206704,0.16201117318435754,0,0,1,-0.20072527010353294,-0.8469897043985593,Occasional / Low-Engagement
4943,1953,Graduation,Married,70503.0,0,0,2013-07-02,73,1379,33,216,0,33,66,1,2,4,9,6,0,1,1,0,0,0,0,1727,16,0,0,61,523,0.125,0.5625,0.25,0.0625,107.9375,0.7984944991314418,0.1250723798494499,0.03821656050955414,2,1,3,1.734672153858225,-1.091054341623121,High-Value Elite
35,1987,Graduation,Married,25545.0,1,0,2012-08-09,35,32,1,64,16,12,85,3,2,2,3,6,0,0,0,0,0,0,1,210,10,1,1,27,850,0.2,0.3,0.2,0.3,21.0,0.1523809523809524,0.3047619047619048,0.40476190476190477,0,0,1,-1.6898431315492353,0.3756391732422907,Occasional / Low-Engagement
2258,1986,Graduation,Married,32880.0,1,0,2012-04-12,76,8,4,15,7,6,2,1,1,0,3,8,0,0,0,0,0,0,0,42,5,1,1,28,969,0.2,0.6,0.0,0.2,8.4,0.19047619047619047,0.35714285714285715,0.047619047619047616,0,0,1,-2.497848877005065,-0.12803693460738874,Occasional / Low-Engagement
4322,1958,PhD,Together,77863.0,0,0,2013-07-02,20,881,38,319,16,25,12,1,4,5,10,2,0,0,0,0,0,0,0,1291,20,0,0,56,523,0.2,0.5,0.25,0.05,64.55,0.6824167312161116,0.24709527498063516,0.009295120061967466,0,0,3,2.6857332421496602,-1.3066330015521224,High-Value Elite
713,1977,Master,Married,50353.0,0,0,2014-08-06,72,141,15,153,67,31,35,1,4,4,6,3,0,0,0,0,0,0,0,442,15,0,0,37,123,0.26666666666666666,0.4,0.26666666666666666,0.06666666666666667,29.466666666666665,0.3190045248868778,0.34615384615384615,0.07918552036199095,0,0,3,0.5658568044108919,-1.8275260352556741,High-Value Elite
4702,1964,Graduation,Single,61839.0,0,0,2012-12-08,20,1000,155,379,224,17,120,1,4,8,4,8,0,0,0,0,0,0,0,1895,17,0,0,50,729,0.23529411764705882,0.23529411764705882,0.47058823529411764,0.058823529411764705,111.47058823529412,0.5277044854881267,0.2,0.0633245382585752,0,0,3,1.696796340268874,-0.3840249002162408,High-Value Elite
3281,1960,PhD,Married,49154.0,1,1,2013-03-11,69,206,10,67,30,27,71,6,4,1,8,6,0,0,0,0,0,0,0,411,19,2,1,54,636,0.21052631578947367,0.42105263157894735,0.05263157894736842,0.3157894736842105,21.63157894736842,0.5012165450121655,0.1630170316301703,0.17274939172749393,0,0,2,-0.3456828950581845,2.2670167521968483,Deal & Discount Hunters
702,1975,2n Cycle,Widow,47682.0,0,1,2013-07-02,80,162,61,83,97,57,61,4,4,3,8,5,0,0,0,0,0,0,0,521,19,1,1,39,523,0.21052631578947367,0.42105263157894735,0.15789473684210525,0.21052631578947367,27.42105263157895,0.31094049904030713,0.15930902111324377,0.11708253358925144,0,0,2,0.38877436997618486,0.7603040898389306,Deal & Discount Hunters
2004,1969,Graduation,Single,72679.0,0,1,2013-07-02,65,619,54,260,127,54,54,1,4,7,5,1,0,0,0,0,0,0,0,1168,17,1,1,45,523,0.23529411764705882,0.29411764705882354,0.4117647058823529,0.058823529411764705,68.70588235294117,0.5299657534246576,0.2226027397260274,0.046232876712328765,0,0,3,1.8479379413382773,-1.2538272218608641,High-Value Elite
4769,1977,Master,Together,57954.0,1,1,2013-07-02,52,456,4,24,0,0,9,7,8,2,6,7,0,1,0,0,0,0,0,493,23,2,1,37,523,0.34782608695652173,0.2608695652173913,0.08695652173913043,0.30434782608695654,21.434782608695652,0.9249492900608519,0.0486815415821501,0.018255578093306288,1,1,2,0.2615331939319141,3.1612240305123693,Deal & Discount Hunters
4437,1962,Graduation,Married,65316.0,1,1,2013-07-02,65,112,6,92,3,9,38,2,3,2,5,4,0,0,0,0,0,0,0,260,12,2,1,52,523,0.25,0.4166666666666667,0.16666666666666666,0.16666666666666666,21.666666666666668,0.4307692307692308,0.35384615384615387,0.14615384615384616,0,0,1,-0.609527038474709,-0.09941529232605818,Occasional / Low-Engagement
8724,1982,Graduation,Single,28567.0,1,0,2013-07-02,57,11,3,22,2,2,6,2,2,0,3,6,0,0,0,0,0,0,0,46,7,1,1,32,523,0.2857142857142857,0.42857142857142855,0.0,0.2857142857142857,6.571428571428571,0.2391304347826087,0.4782608695652174,0.13043478260869565,0,0,1,-2.2141360232573373,-0.47757625102967893,Occasional / Low-Engagement
10741,1951,Master,Together,47352.0,0,1,2013-11-04,70,172,12,112,8,0,15,4,6,1,5,7,0,0,0,0,0,0,0,319,16,1,1,63,398,0.375,0.3125,0.0625,0.25,19.9375,0.5391849529780565,0.3510971786833856,0.047021943573667714,0,0,2,-0.568289545071279,1.0019563657652877,Deal & Discount Hunters
1991,1967,Graduation,Together,44931.0,0,1,2013-07-02,0,78,0,11,0,0,7,1,2,1,3,5,0,0,0,0,0,0,0,96,7,1,1,47,523,0.2857142857142857,0.42857142857142855,0.14285714285714285,0.14285714285714285,13.714285714285714,0.8125,0.11458333333333333,0.07291666666666667,0,0,1,-1.6384705446833459,-1.044528862894189,Occasional / Low-Engagement
6931,1967,Graduation,Divorced,76982.0,0,0,2013-07-02,19,464,151,292,65,60,30,1,8,3,4,4,0,0,1,0,0,0,1,1062,16,0,0,47,523,0.5,0.25,0.1875,0.0625,66.375,0.4369114877589454,0.2749529190207156,0.02824858757062147,1,1,0,1.534325883819006,-0.7858982512382451,Digital Convenience Shoppers
11096,1952,2n Cycle,Together,57247.0,0,1,2013-08-08,50,99,4,32,37,54,6,2,2,1,7,2,0,0,0,0,0,0,0,232,12,1,1,62,486,0.16666666666666666,0.5833333333333334,0.08333333333333333,0.16666666666666666,19.333333333333332,0.4267241379310345,0.13793103448275862,0.02586206896551724,0,0,1,-0.2470571179313997,-0.9941243959572822,Occasional / Low-Engagement
304,1981,Master,Single,22944.0,1,0,2013-07-02,67,19,3,19,4,5,26,3,3,0,3,7,0,0,0,0,0,0,0,76,9,1,1,33,523,0.3333333333333333,0.3333333333333333,0.0,0.3333333333333333,8.444444444444445,0.25,0.25,0.34210526315789475,0,0,1,-2.2051085026540944,0.24178355248897346,Occasional / Low-Engagement
3665,1977,2n Cycle,Together,25315.0,1,0,2013-07-11,46,1,9,8,11,3,22,3,3,0,3,8,0,0,0,0,0,0,0,54,9,1,1,37,514,0.3333333333333333,0.3333333333333333,0.0,0.3333333333333333,6.0,0.018518518518518517,0.14814814814814814,0.4074074074074074,0,0,1,-2.298539737639588,0.3889321226903281,Occasional / Low-Engagement
10591,1969,Graduation,Widow,43638.0,0,1,2012-06-08,37,63,10,83,7,19,19,2,4,1,4,7,0,0,0,0,0,0,0,201,11,1,1,45,912,0.36363636363636365,0.36363636363636365,0.09090909090909091,0.18181818181818182,18.272727272727273,0.31343283582089554,0.4129353233830846,0.0945273631840796,0,0,1,-1.2198793623681286,0.5570664846290402,Occasional / Low-Engagement
5036,1984,PhD,Single,42710.0,1,0,2013-07-02,38,252,3,42,4,3,102,2,4,5,3,6,0,0,0,0,0,0,0,406,14,1,1,30,523,0.2857142857142857,0.21428571428571427,0.35714285714285715,0.14285714285714285,29.0,0.6206896551724138,0.10344827586206896,0.2512315270935961,0,0,1,-0.4727509641399681,-0.0889459926835591,Occasional / Low-Engagement
5547,1982,PhD,Married,84169.0,0,0,2013-07-08,9,1478,19,403,0,19,0,1,7,6,6,3,0,1,1,0,0,0,1,1919,20,0,0,32,517,0.35,0.3,0.3,0.05,95.95,0.7701928087545596,0.21000521104742054,0.0,2,1,3,3.104494546527801,-0.9759391180303355,High-Value Elite
7822,1976,Graduation,Together,54058.0,0,1,2013-04-06,56,198,18,252,32,108,54,2,4,6,8,3,0,0,0,0,0,0,0,662,20,1,1,38,610,0.2,0.4,0.3,0.1,33.1,0.2990936555891239,0.3806646525679758,0.08157099697885196,0,0,0,1.3003687699990325,-0.13941742740440133,Digital Convenience Shoppers
8541,1990,2n Cycle,Married,24683.0,1,0,2014-08-03,98,8,4,10,6,7,6,2,2,0,4,5,0,0,0,0,0,0,0,41,8,1,1,24,126,0.25,0.5,0.0,0.25,5.125,0.1951219512195122,0.24390243902439024,0.14634146341463414,0,0,1,-2.0624650114884613,-1.0749175406006972,Occasional / Low-Engagement
10955,1964,Graduation,Widow,85620.0,0,0,2014-07-01,68,416,46,925,60,107,46,1,3,6,4,1,0,0,0,0,0,0,1,1600,14,0,0,50,159,0.21428571428571427,0.2857142857142857,0.42857142857142855,0.07142857142857142,114.28571428571429,0.26,0.578125,0.02875,0,0,3,2.133341153270649,-2.590020167457672,High-Value Elite
4368,1980,Graduation,Married,47850.0,1,0,2013-03-12,72,42,7,43,20,12,10,1,3,0,4,6,0,0,0,0,0,0,0,134,8,1,1,34,635,0.375,0.5,0.0,0.125,16.75,0.31343283582089554,0.3208955223880597,0.07462686567164178,0,0,1,-1.5007437472860354,-0.550011372822298,Occasional / Low-Engagement
9671,1968,Graduation,Married,19514.0,1,1,2013-07-02,47,14,3,21,2,1,28,4,3,1,2,8,1,0,0,0,0,0,1,69,10,2,1,46,523,0.3,0.2,0.1,0.4,6.9,0.2028985507246377,0.30434782608695654,0.4057971014492754,1,1,1,-2.6422228206056473,1.2574818574324529,Occasional / Low-Engagement
2256,1973,Master,Married,27159.0,1,1,2013-07-02,33,17,0,3,0,0,1,2,1,0,3,6,0,0,0,0,0,0,0,21,6,2,1,41,523,0.16666666666666666,0.5,0.0,0.3333333333333333,3.5,0.8095238095238095,0.14285714285714285,0.047619047619047616,0,0,1,-2.734031544737152,-0.1195884925647407,Occasional / Low-Engagement
4279,1963,2n Cycle,Single,39548.0,1,1,2013-07-02,87,15,4,10,3,4,18,2,1,1,3,3,0,0,0,0,0,0,0,54,7,2,1,51,523,0.14285714285714285,0.42857142857142855,0.14285714285714285,0.2857142857142857,7.714285714285714,0.2777777777777778,0.18518518518518517,0.3333333333333333,0,0,1,-1.9393226041146625,-0.652436392204946,Occasional / Low-Engagement
5371,1989,Graduation,Single,21474.0,1,0,2014-08-04,0,6,16,24,11,0,34,2,3,1,2,7,1,0,0,0,0,0,1,91,8,1,1,25,125,0.375,0.25,0.125,0.25,11.375,0.06593406593406594,0.26373626373626374,0.37362637362637363,1,1,1,-2.333002701390773,-0.6700037516382752,Occasional / Low-Engagement
9240,1971,PhD,Single,60504.0,0,1,2014-07-02,73,458,0,24,6,4,34,2,6,2,8,6,0,0,0,0,0,0,0,526,18,1,1,43,158,0.3333333333333333,0.4444444444444444,0.1111111111111111,0.1111111111111111,29.22222222222222,0.870722433460076,0.045627376425855515,0.06463878326996197,0,0,0,0.4833642514991185,-0.02951290271354091,Digital Convenience Shoppers
9460,1963,Graduation,Married,22419.0,0,0,2013-07-02,74,30,3,47,19,21,42,1,3,2,2,8,0,0,0,0,0,0,0,162,8,0,0,51,523,0.375,0.25,0.25,0.125,20.25,0.18518518518518517,0.29012345679012347,0.25925925925925924,0,0,1,-1.8513067192200228,-0.8666151983895591,Occasional / Low-Engagement
9504,1949,Master,Married,81698.0,0,0,2013-06-11,4,179,28,520,111,123,47,1,3,8,13,1,0,0,0,0,0,0,1,1008,25,0,0,65,544,0.12,0.52,0.32,0.04,40.32,0.1775793650793651,0.5158730158730159,0.04662698412698413,0,0,3,3.5735080938865615,-1.3089559931600196,High-Value Elite
8692,1952,Graduation,Together,43462.0,1,1,2012-12-09,50,90,17,97,15,6,15,6,4,1,5,8,0,0,0,0,0,0,0,240,16,2,1,62,728,0.25,0.3125,0.0625,0.375,15.0,0.375,0.4041666666666667,0.0625,0,0,2,-1.2917820616950129,2.5309952751362204,Deal & Discount Hunters
448,1978,PhD,Single,54880.0,1,0,2013-01-03,57,308,85,137,102,45,118,2,6,2,11,5,0,0,0,0,0,0,0,795,21,1,1,36,703,0.2857142857142857,0.5238095238095238,0.09523809523809523,0.09523809523809523,37.857142857142854,0.38742138364779877,0.17232704402515722,0.14842767295597484,0,0,0,1.2700587520734066,0.7505336094933617,Digital Convenience Shoppers
8314,1982,Graduation,Married,79908.0,0,0,2013-05-04,30,557,129,761,29,185,111,1,5,6,7,2,0,0,1,0,0,0,0,1772,19,0,0,32,582,0.2631578947368421,0.3684210526315789,0.3157894736842105,0.05263157894736842,93.26315789473684,0.314334085778781,0.42945823927765236,0.0626410835214447,1,1,3,2.908396913790993,-1.2948632124850648,High-Value Elite
8420,1970,2n Cycle,Married,15315.0,0,0,2013-03-08,27,7,4,13,15,8,17,2,2,0,4,5,0,0,0,0,0,0,0,64,8,0,0,44,639,0.25,0.5,0.0,0.25,8.0,0.109375,0.203125,0.265625,0,0,1,-1.835386790118364,-0.865775908939975,Occasional / Low-Engagement
3174,1959,Graduation,Together,87771.0,0,1,2013-07-02,61,1492,38,287,50,57,33,1,5,10,4,6,0,1,1,1,1,0,1,1957,20,1,1,55,523,0.25,0.2,0.5,0.05,97.85,0.7623914154317833,0.14665304036791008,0.016862544711292796,4,1,3,2.635275088368245,-0.37230938894409216,High-Value Elite
7685,1978,Graduation,Married,33039.0,1,0,2013-09-09,4,30,8,12,8,8,12,1,2,0,4,5,0,0,0,0,0,0,0,78,7,1,1,36,454,0.2857142857142857,0.5714285714285714,0.0,0.14285714285714285,11.142857142857142,0.38461538461538464,0.15384615384615385,0.15384615384615385,0,0,1,-1.897585411688296,-1.0338741988196445,Occasional / Low-Engagement
3179,1980,Graduation,Single,81741.0,0,0,2013-07-02,75,249,153,940,58,134,38,0,6,6,7,2,0,0,0,0,0,0,0,1572,19,0,0,34,523,0.3157894736842105,0.3684210526315789,0.3157894736842105,0.0,82.73684210526316,0.15839694656488548,0.5979643765903307,0.024173027989821884,0,0,3,2.9113911880539303,-1.5769598141593986,High-Value Elite
9780,1971,Master,Together,71499.0,0,1,2013-07-02,12,465,25,132,136,0,37,2,8,3,13,4,0,0,0,0,0,0,0,795,26,1,1,43,523,0.3076923076923077,0.5,0.11538461538461539,0.07692307692307693,30.576923076923077,0.5849056603773585,0.1660377358490566,0.04654088050314465,0,0,0,2.4858275703268458,0.7989766301337952,Digital Convenience Shoppers
10681,1970,2n Cycle,Married,62466.0,0,1,2013-07-02,13,129,129,259,168,121,83,5,6,3,12,4,0,0,0,0,0,0,0,889,26,1,1,44,523,0.23076923076923078,0.46153846153846156,0.11538461538461539,0.19230769230769232,34.19230769230769,0.14510686164229472,0.29133858267716534,0.09336332958380203,0,0,0,2.0499720811031823,1.5235666250283892,Digital Convenience Shoppers
10232,1963,PhD,Divorced,48799.0,0,1,2013-05-11,9,174,18,81,28,6,24,3,3,2,7,3,0,0,0,0,0,0,0,331,15,1,1,51,575,0.2,0.4666666666666667,0.13333333333333333,0.2,22.066666666666666,0.525679758308157,0.24471299093655588,0.07250755287009064,0,0,1,-0.05416457017931697,-0.11324572498192947,Occasional / Low-Engagement
4184,1950,PhD,Together,52157.0,0,1,2014-07-06,48,189,2,29,3,2,40,2,3,2,5,4,0,0,0,0,0,0,0,265,12,1,1,64,154,0.25,0.4166666666666667,0.16666666666666666,0.16666666666666666,22.083333333333332,0.7132075471698113,0.10943396226415095,0.1509433962264151,0,0,1,-0.5980924849971815,-1.0309543535609933,Occasional / Low-Engagement
9120,1962,Graduation,Single,66565.0,0,1,2012-05-12,80,747,10,161,65,40,42,4,4,2,9,8,0,0,0,0,0,0,0,1065,19,1,1,52,939,0.21052631578947367,0.47368421052631576,0.10526315789473684,0.21052631578947367,56.05263157894737,0.7014084507042253,0.1511737089201878,0.03943661971830986,0,0,0,0.8176534028563136,1.7263718484825799,Digital Convenience Shoppers
891,1951,Master,Together,29298.0,1,1,2013-07-09,60,6,0,2,2,0,1,1,1,0,2,5,0,0,0,0,0,0,0,11,4,2,1,63,516,0.25,0.5,0.0,0.25,2.75,0.5454545454545454,0.18181818181818182,0.09090909090909091,0,0,1,-2.79704118054776,-0.747492646994462,Occasional / Low-Engagement
10381,1979,Graduation,Single,47691.0,0,1,2013-05-07,43,14,0,3,0,0,4,1,1,0,2,6,0,0,0,0,0,0,0,21,4,1,1,35,579,0.25,0.5,0.0,0.25,5.25,0.6666666666666666,0.14285714285714285,0.19047619047619047,0,0,1,-2.2457201897017023,-1.093433424543352,Occasional / Low-Engagement
3525,1970,Graduation,Together,38200.0,1,1,2012-07-12,19,12,0,4,0,0,1,1,1,0,2,7,0,0,0,0,0,0,0,17,4,2,1,44,878,0.25,0.5,0.0,0.25,4.25,0.7058823529411765,0.23529411764705882,0.058823529411764705,0,0,1,-2.8099945408801523,0.019556347169951166,Occasional / Low-Engagement
6818,1974,Graduation,Married,44989.0,0,1,2012-12-09,26,98,0,106,49,10,106,5,5,1,5,6,0,0,0,0,0,0,0,369,16,1,1,40,728,0.3125,0.3125,0.0625,0.3125,23.0625,0.26558265582655827,0.2872628726287263,0.2872628726287263,0,0,2,-0.5245120563133514,1.4831855572371215,Deal & Discount Hunters
3526,1968,PhD,Married,38443.0,1,1,2013-07-02,58,32,0,5,0,0,1,2,1,0,3,7,0,0,0,0,0,0,0,38,6,2,1,46,523,0.16666666666666666,0.5,0.0,0.3333333333333333,6.333333333333333,0.8421052631578947,0.13157894736842105,0.02631578947368421,0,0,1,-2.624948664880926,-0.012148568133201997,Occasional / Low-Engagement
8181,1978,2n Cycle,Single,38593.0,1,0,2013-07-02,42,51,12,49,17,24,24,3,4,1,3,8,0,0,0,0,0,0,0,177,11,1,1,36,523,0.36363636363636365,0.2727272727272727,0.09090909090909091,0.2727272727272727,16.09090909090909,0.288135593220339,0.2768361581920904,0.13559322033898305,0,0,1,-1.6267007447031518,0.5302359699702808,Occasional / Low-Engagement
1029,1970,PhD,Together,64413.0,0,1,2013-01-08,27,200,5,44,0,10,20,1,5,1,5,5,0,0,0,0,0,0,0,279,12,1,1,44,698,0.4166666666666667,0.4166666666666667,0.08333333333333333,0.08333333333333333,23.25,0.7168458781362007,0.15770609318996415,0.07168458781362007,0,0,1,-0.3127715309449035,-0.26716383770368746,Occasional / Low-Engagement
7369,1981,Master,Married,36959.0,1,0,2013-02-10,56,25,6,25,6,0,0,2,2,0,3,8,0,0,0,0,0,0,0,62,7,1,1,33,665,0.2857142857142857,0.42857142857142855,0.0,0.2857142857142857,8.857142857142858,0.4032258064516129,0.4032258064516129,0.0,0,0,1,-2.2571960704244054,-0.0034666068397572023,Occasional / Low-Engagement
2574,1977,PhD,Married,61996.0,0,1,2013-07-02,27,1050,12,144,0,0,24,3,6,4,8,5,0,1,0,1,1,0,1,1230,21,1,1,37,523,0.2857142857142857,0.38095238095238093,0.19047619047619047,0.14285714285714285,58.57142857142857,0.8536585365853658,0.11707317073170732,0.01951219512195122,3,1,0,1.5826657618328166,0.6650119118756421,Digital Convenience Shoppers
8159,1968,Graduation,Married,51287.0,1,1,2014-01-04,10,117,0,22,13,0,30,3,4,1,3,7,0,0,0,0,0,0,0,182,11,2,1,46,337,0.36363636363636365,0.2727272727272727,0.09090909090909091,0.2727272727272727,16.545454545454547,0.6428571428571429,0.12087912087912088,0.16483516483516483,0,0,1,-1.6251957121910063,0.5885336631041623,Occasional / Low-Engagement
1160,1970,Graduation,Married,13260.0,1,1,2013-07-02,48,9,4,17,10,2,7,4,3,0,3,8,0,0,0,0,0,0,0,49,10,2,1,44,523,0.3,0.3,0.0,0.4,4.9,0.1836734693877551,0.3469387755102041,0.14285714285714285,0,0,1,-2.7881309075063014,1.3336893928324205,Occasional / Low-Engagement
10242,1966,PhD,Together,47472.0,1,1,2013-07-02,39,56,0,11,0,0,8,2,2,0,4,5,0,0,0,0,0,0,0,75,8,2,1,48,523,0.25,0.5,0.0,0.25,9.375,0.7466666666666667,0.14666666666666667,0.10666666666666667,0,0,1,-1.8808043633558982,-0.13536772716813064,Occasional / Low-Engagement
5253,1956,Master,Together,54603.0,1,1,2013-09-07,85,145,13,46,17,2,4,6,4,2,4,7,0,0,0,0,0,0,0,227,16,2,1,58,456,0.25,0.25,0.125,0.375,14.1875,0.6387665198237885,0.2026431718061674,0.01762114537444934,0,0,2,-0.9997691782296347,1.9099883452258946,Deal & Discount Hunters
5966,1974,PhD,Married,45207.0,1,1,2012-10-11,64,203,0,10,0,0,2,5,3,1,6,6,0,1,0,0,0,0,0,215,15,2,1,40,787,0.2,0.4,0.06666666666666667,0.3333333333333333,14.333333333333334,0.9441860465116279,0.046511627906976744,0.009302325581395349,1,1,2,-1.0708753120157288,1.8102888218558644,Deal & Discount Hunters
5314,1951,Graduation,Together,40689.0,0,1,2013-07-02,69,270,3,27,39,6,99,7,7,1,5,8,0,0,0,0,0,0,0,444,20,1,1,63,523,0.35,0.25,0.05,0.35,22.2,0.6081081081081081,0.060810810810810814,0.22297297297297297,0,0,2,-0.39680691443115473,2.618888626690165,Deal & Discount Hunters
5081,1967,2n Cycle,Together,47821.0,1,1,2013-07-02,54,9,0,16,6,6,10,1,1,0,3,8,0,0,0,0,0,0,0,47,5,2,1,47,523,0.2,0.6,0.0,0.2,9.4,0.19148936170212766,0.3404255319148936,0.2127659574468085,0,0,1,-2.611426072739489,-0.25627255522932063,Occasional / Low-Engagement
5123,1951,Master,Married,27450.0,0,0,2013-07-02,57,37,12,23,8,11,52,1,2,1,3,7,0,0,0,0,0,0,0,143,7,0,0,63,523,0.2857142857142857,0.42857142857142855,0.14285714285714285,0.14285714285714285,20.428571428571427,0.25874125874125875,0.16083916083916083,0.36363636363636365,0,0,1,-1.8333088596035325,-1.1681282792487926,Occasional / Low-Engagement
5756,1983,Graduation,Together,39453.0,1,0,2014-03-04,64,46,0,7,0,0,2,2,2,0,3,6,0,0,0,0,0,0,0,55,7,1,1,31,278,0.2857142857142857,0.42857142857142855,0.0,0.2857142857142857,7.857142857142857,0.8363636363636363,0.12727272727272726,0.03636363636363636,0,0,1,-2.045973151803128,-0.8462542400735412,Occasional / Low-Engagement
8036,1971,2n Cycle,Together,26850.0,1,1,2013-07-02,10,31,1,13,7,2,9,4,2,1,4,4,0,0,0,0,0,0,0,63,11,2,1,43,523,0.18181818181818182,0.36363636363636365,0.09090909090909091,0.36363636363636365,5.7272727272727275,0.49206349206349204,0.20634920634920634,0.14285714285714285,0,0,1,-1.8776237795204205,0.558509435722047,Occasional / Low-Engagement
9058,1955,Graduation,Widow,79800.0,0,0,2013-07-02,65,1060,21,530,32,0,224,1,5,11,5,3,1,0,1,1,0,0,1,1867,22,0,0,59,523,0.22727272727272727,0.22727272727272727,0.5,0.045454545454545456,84.86363636363636,0.5677557579003749,0.28387787895018746,0.11997857525441885,3,1,3,3.440690750732501,-1.2371134811546416,High-Value Elite
5057,1961,Master,Married,61794.0,0,1,2013-07-02,74,264,47,188,54,47,11,2,4,4,10,2,0,0,0,0,0,0,0,611,20,1,1,53,523,0.2,0.5,0.2,0.1,30.55,0.4320785597381342,0.3076923076923077,0.01800327332242226,0,0,0,1.4790799233940395,-0.3560457197396245,Digital Convenience Shoppers
254,1955,Graduation,Together,53863.0,0,1,2013-07-02,4,399,4,30,6,4,30,3,7,1,7,7,0,1,0,0,0,0,0,473,18,1,1,59,523,0.3888888888888889,0.3888888888888889,0.05555555555555555,0.16666666666666666,26.27777777777778,0.8435517970401691,0.06342494714587738,0.06342494714587738,1,1,0,0.10778305729480457,1.0904685675442283,Digital Convenience Shoppers
4179,1959,Graduation,Together,24221.0,0,0,2013-07-02,94,8,9,9,2,5,22,1,1,1,3,4,0,0,0,0,0,0,0,55,6,0,0,55,523,0.16666666666666666,0.5,0.16666666666666666,0.16666666666666666,9.166666666666666,0.14545454545454545,0.16363636363636364,0.4,0,0,1,-1.7551336657368828,-1.8158379957704052,Occasional / Low-Engagement
3710,1984,PhD,Single,39684.0,1,0,2012-12-10,41,19,0,35,6,4,17,2,2,1,2,7,0,0,0,0,0,1,1,81,7,1,1,30,727,0.2857142857142857,0.2857142857142857,0.14285714285714285,0.2857142857142857,11.571428571428571,0.2345679012345679,0.43209876543209874,0.20987654320987653,0,0,1,-2.053851143630165,-0.14401420494044068,Occasional / Low-Engagement
7627,1975,Master,Married,92163.0,0,0,2012-12-12,25,817,183,797,106,163,20,0,5,11,5,2,0,0,1,1,0,0,1,2086,21,0,0,39,725,0.23809523809523808,0.23809523809523808,0.5238095238095238,0.0,99.33333333333333,0.3916586768935762,0.38207094918504314,0.009587727708533078,2,1,3,3.9123885784405723,-1.5628233618465501,High-Value Elite
4501,1965,Master,Single,69882.0,0,0,2013-10-11,94,292,127,635,132,127,165,1,3,7,9,1,0,0,0,0,0,0,0,1478,20,0,0,49,422,0.15,0.45,0.35,0.05,73.9,0.1975642760487145,0.42963464140730717,0.11163734776725305,0,0,3,2.827672608650189,-1.7820208804466908,High-Value Elite
6424,1977,Graduation,Together,33178.0,1,0,2013-07-02,9,12,6,2,11,2,16,1,1,0,3,4,0,0,0,0,0,0,0,49,5,1,1,37,523,0.2,0.6,0.0,0.2,9.8,0.24489795918367346,0.04081632653061224,0.32653061224489793,0,0,1,-2.110982418214469,-1.3497359609967843,Occasional / Low-Engagement
3075,1972,PhD,Married,59973.0,0,0,2013-11-09,47,130,30,168,20,34,0,1,3,4,7,1,0,0,0,0,0,0,0,382,15,0,0,42,393,0.2,0.4666666666666667,0.26666666666666666,0.06666666666666667,25.466666666666665,0.3403141361256545,0.4397905759162304,0.0,0,0,3,0.9827564760546305,-1.9317364879013776,High-Value Elite
4992,1975,Master,Together,17459.0,1,0,2013-07-02,12,6,4,16,3,10,30,3,3,1,2,7,0,0,0,0,0,0,1,69,9,1,1,39,523,0.3333333333333333,0.2222222222222222,0.1111111111111111,0.3333333333333333,7.666666666666667,0.08695652173913043,0.2318840579710145,0.43478260869565216,0,0,1,-2.3056837196328828,0.230534997482455,Occasional / Low-Engagement
5252,1969,Graduation,Divorced,23910.0,1,0,2013-07-02,80,16,12,18,7,1,13,1,2,0,3,7,0,0,0,0,0,0,0,67,6,1,1,45,523,0.3333333333333333,0.5,0.0,0.16666666666666666,11.166666666666666,0.23880597014925373,0.26865671641791045,0.19402985074626866,0,0,1,-2.4452548353287678,-0.6661211752118263,Occasional / Low-Engagement
7444,1969,Master,Married,42169.0,1,1,2013-07-02,20,19,0,9,0,0,2,2,1,0,3,8,0,0,0,0,0,0,0,30,6,2,1,45,523,0.16666666666666666,0.5,0.0,0.3333333333333333,5.0,0.6333333333333333,0.3,0.06666666666666667,0,0,1,-2.685804619743747,0.14359230662323577,Occasional / Low-Engagement
6919,1978,2n Cycle,Married,26224.0,1,0,2013-04-06,39,4,7,15,13,9,15,3,2,1,3,6,0,0,0,0,0,0,0,63,9,1,1,36,610,0.2222222222222222,0.3333333333333333,0.1111111111111111,0.3333333333333333,7.0,0.06349206349206349,0.23809523809523808,0.23809523809523808,0,0,1,-2.00207146330107,0.04163991298416793,Occasional / Low-Engagement
3537,1981,Graduation,Together,31089.0,1,0,2013-07-02,57,31,3,31,2,8,4,3,3,0,4,8,0,0,0,0,0,0,0,79,10,1,1,33,523,0.3,0.4,0.0,0.3,7.9,0.3924050632911392,0.3924050632911392,0.05063291139240506,0,0,1,-2.0037414043674304,0.44521582410712596,Occasional / Low-Engagement
10277,1961,Graduation,Single,30081.0,0,1,2013-07-02,27,36,0,2,0,0,4,1,1,0,3,7,0,0,0,0,0,0,0,42,5,1,1,53,523,0.2,0.6,0.0,0.2,8.4,0.8571428571428571,0.047619047619047616,0.09523809523809523,0,0,1,-2.5169836077341756,-0.8486832361341361,Occasional / Low-Engagement
2453,1960,Graduation,Together,62807.0,0,1,2013-07-02,83,526,28,135,10,21,99,3,5,3,12,5,0,0,0,0,0,0,0,819,23,1,1,54,523,0.21739130434782608,0.5217391304347826,0.13043478260869565,0.13043478260869565,35.608695652173914,0.6422466422466423,0.16483516483516483,0.12087912087912088,0,0,0,1.6520562990362322,0.7731587302508915,Digital Convenience Shoppers
7972,1955,Graduation,Single,72906.0,0,0,2013-07-02,79,400,32,519,71,75,54,1,3,4,9,1,0,0,0,0,0,0,0,1151,17,0,0,59,523,0.17647058823529413,0.5294117647058824,0.23529411764705882,0.058823529411764705,67.70588235294117,0.3475238922675934,0.45091225021720244,0.04691572545612511,0,0,3,2.1172575312172675,-1.7213331026206447,High-Value Elite
895,1948,PhD,Married,61467.0,0,2,2012-09-12,69,410,16,114,0,5,49,3,5,2,10,5,0,0,0,0,0,0,0,594,20,2,1,66,816,0.25,0.5,0.1,0.15,29.7,0.6902356902356902,0.1919191919191919,0.08249158249158249,0,0,0,0.6830476671549526,1.514878686076954,Digital Convenience Shoppers
1177,1966,Master,Together,49618.0,1,1,2013-07-02,77,80,3,26,4,2,14,4,3,1,3,7,0,0,0,0,0,0,0,129,11,2,1,48,523,0.2727272727272727,0.2727272727272727,0.09090909090909091,0.36363636363636365,11.727272727272727,0.6201550387596899,0.20155038759689922,0.10852713178294573,0,0,1,-1.7562452036334557,1.0249107222966576,Occasional / Low-Engagement
7141,1986,Master,Single,21888.0,1,0,2013-07-02,15,88,10,46,2,3,64,4,5,1,2,10,0,0,0,0,0,0,1,213,12,1,1,28,523,0.4166666666666667,0.16666666666666666,0.08333333333333333,0.3333333333333333,17.75,0.4131455399061033,0.215962441314554,0.3004694835680751,0,0,1,-2.10875493593695,1.3959654256275855,Occasional / Low-Engagement
7232,1973,Graduation,Widow,42429.0,0,1,2014-11-02,99,55,0,6,2,0,4,2,1,1,3,5,0,0,0,0,0,0,0,67,7,1,1,41,35,0.14285714285714285,0.42857142857142855,0.14285714285714285,0.2857142857142857,9.571428571428571,0.8208955223880597,0.08955223880597014,0.05970149253731343,0,0,1,-1.8720279185900606,-1.4890380766318652,Occasional / Low-Engagement
8477,1956,Graduation,Divorced,26150.0,2,1,2013-11-03,61,5,1,13,3,5,1,1,1,0,3,7,0,0,0,0,0,0,0,28,5,3,1,58,399,0.2,0.6,0.0,0.2,5.6,0.17857142857142858,0.4642857142857143,0.03571428571428571,0,0,1,-3.2415229284381994,0.027481257383464523,Occasional / Low-Engagement
2457,1975,Basic,Married,30801.0,0,1,2013-07-02,23,8,4,5,15,2,11,2,1,0,3,7,0,0,0,0,0,0,0,45,6,1,1,39,523,0.16666666666666666,0.5,0.0,0.3333333333333333,7.5,0.17777777777777778,0.1111111111111111,0.24444444444444444,0,0,1,-2.453715988727391,-0.4845200537199045,Occasional / Low-Engagement
988,1965,Graduation,Married,81168.0,0,0,2014-07-05,84,410,0,592,147,22,22,1,6,4,7,3,0,0,0,1,0,0,0,1193,18,0,0,49,155,0.3333333333333333,0.3888888888888889,0.2222222222222222,0.05555555555555555,66.27777777777777,0.34367141659681477,0.49622799664710815,0.018440905280804692,1,1,3,2.143755674905737,-1.556069094866615,High-Value Elite
7930,1969,Master,Single,26877.0,0,0,2013-07-02,74,101,13,76,20,18,40,2,3,1,6,6,0,0,0,0,0,0,0,268,12,0,0,45,523,0.25,0.5,0.08333333333333333,0.16666666666666666,22.333333333333332,0.376865671641791,0.2835820895522388,0.14925373134328357,0,0,1,-0.9301898987910105,-0.5835312826093282,Occasional / Low-Engagement
4587,1944,Master,Widow,45006.0,0,0,2013-07-02,90,162,25,53,16,0,10,1,3,1,7,3,0,0,0,0,0,0,0,266,12,0,0,70,523,0.25,0.5833333333333334,0.08333333333333333,0.08333333333333333,22.166666666666668,0.6090225563909775,0.19924812030075187,0.03759398496240601,0,0,1,-0.12773850005672996,-1.4506413064729131,Occasional / Low-Engagement
6682,1973,Basic,Married,18978.0,1,0,2012-11-12,41,2,8,1,4,7,15,1,1,0,3,8,0,0,0,0,0,0,0,37,5,1,1,41,755,0.2,0.6,0.0,0.2,7.4,0.05405405405405406,0.02702702702702703,0.40540540540540543,0,0,1,-2.800025508174319,-0.3370622972663296,Occasional / Low-Engagement
6222,1967,Graduation,Married,22574.0,2,1,2013-07-02,28,25,0,8,2,0,2,2,2,0,3,7,0,0,0,0,0,0,0,37,7,3,1,47,523,0.2857142857142857,0.42857142857142855,0.0,0.2857142857142857,5.285714285714286,0.6756756756756757,0.21621621621621623,0.05405405405405406,0,0,1,-3.082120186111,0.7457956207225558,Occasional / Low-Engagement
10299,1969,PhD,Single,48240.0,0,0,2012-09-11,73,389,91,248,64,49,41,3,6,3,13,5,0,0,0,0,0,0,1,882,25,0,0,45,817,0.24,0.52,0.12,0.12,35.28,0.4410430839002268,0.2811791383219955,0.046485260770975055,0,0,0,2.112187239064143,0.9471029258712347,Digital Convenience Shoppers
3083,1974,Graduation,Married,45837.0,1,1,2013-07-02,88,215,13,87,17,17,24,5,6,2,5,7,0,0,0,0,0,0,0,373,18,2,1,40,523,0.3333333333333333,0.2777777777777778,0.1111111111111111,0.2777777777777778,20.72222222222222,0.5764075067024129,0.23324396782841822,0.064343163538874,0,0,2,-0.6160654343034346,2.070438004506249,Deal & Discount Hunters
8953,1965,Master,Single,35791.0,2,1,2013-06-05,94,27,0,5,0,0,3,2,1,0,3,8,0,0,0,0,0,0,0,35,6,3,1,49,550,0.16666666666666666,0.5,0.0,0.3333333333333333,5.833333333333333,0.7714285714285715,0.14285714285714285,0.08571428571428572,0,0,1,-3.09444038645122,0.7040083898816895,Occasional / Low-Engagement
1503,1976,PhD,Together,162397.0,1,1,2013-03-06,31,85,1,16,2,1,2,0,0,0,1,1,0,0,0,0,0,0,0,107,1,2,1,38,641,0.0,1.0,0.0,0.0,107.0,0.794392523364486,0.14953271028037382,0.018691588785046728,0,0,1,-0.17212109309250972,-2.4352798512035774,Occasional / Low-Engagement
8650,1978,Graduation,Widow,54162.0,1,1,2013-07-02,31,5,6,10,6,5,10,1,1,0,3,4,0,0,0,0,0,0,0,42,5,2,1,36,523,0.2,0.6,0.0,0.2,8.4,0.11904761904761904,0.23809523809523808,0.23809523809523808,0,0,1,-2.039064344848717,-0.9335448786691486,Occasional / Low-Engagement
10862,1960,Master,Married,30522.0,0,1,2013-07-02,6,179,8,83,19,11,26,5,1,2,9,2,0,0,0,0,0,0,0,326,17,1,1,54,523,0.058823529411764705,0.5294117647058824,0.11764705882352941,0.29411764705882354,19.176470588235293,0.549079754601227,0.254601226993865,0.07975460122699386,0,0,2,-0.16954772738708304,0.2821336727647073,Deal & Discount Hunters
2782,1961,PhD,Married,54456.0,0,1,2013-11-07,23,352,0,27,10,0,15,3,6,1,7,6,0,0,0,0,0,0,0,404,17,1,1,53,395,0.35294117647058826,0.4117647058823529,0.058823529411764705,0.17647058823529413,23.764705882352942,0.8712871287128713,0.06683168316831684,0.03712871287128713,0,0,0,0.012875381023394004,0.5894785914297851,Digital Convenience Shoppers
6941,1971,Graduation,Single,31632.0,0,0,2013-07-02,92,17,8,12,11,15,32,1,2,1,2,7,0,0,0,0,0,0,0,95,6,0,0,43,523,0.3333333333333333,0.3333333333333333,0.16666666666666666,0.16666666666666666,15.833333333333334,0.17894736842105263,0.12631578947368421,0.3368421052631579,0,0,1,-1.9493906701736528,-1.2653222024240849,Occasional / Low-Engagement
10972,1949,Graduation,Widow,72298.0,0,0,2014-10-03,52,625,35,169,58,17,35,1,4,3,6,1,0,1,1,0,0,0,0,939,14,0,0,65,65,0.2857142857142857,0.42857142857142855,0.21428571428571427,0.07142857142857142,67.07142857142857,0.6656017039403621,0.1799787007454739,0.03727369542066028,2,1,3,1.3491180824686384,-2.3763510684670726,High-Value Elite
10708,1978,2n Cycle,Single,36975.0,1,0,2013-07-02,50,10,6,11,0,4,2,1,1,0,3,7,0,0,0,0,0,0,0,33,5,1,1,36,523,0.2,0.6,0.0,0.2,6.6,0.30303030303030304,0.3333333333333333,0.06060606060606061,0,0,1,-2.3913167366393964,-0.8835955368798882,Occasional / Low-Engagement
6583,1955,2n Cycle,Married,72635.0,0,0,2013-03-06,54,390,22,323,104,35,107,1,6,8,6,3,0,0,0,1,0,0,0,981,21,0,0,59,641,0.2857142857142857,0.2857142857142857,0.38095238095238093,0.047619047619047616,46.714285714285715,0.39755351681957185,0.3292558613659531,0.109072375127421,1,1,3,2.4824140210795393,-0.8375417856413339,High-Value Elite
3641,1976,Graduation,Married,13624.0,1,0,2013-07-02,93,10,2,15,2,1,6,2,2,0,3,6,0,0,0,0,0,0,0,36,7,1,1,38,523,0.2857142857142857,0.42857142857142855,0.0,0.2857142857142857,5.142857142857143,0.2777777777777778,0.4166666666666667,0.16666666666666666,0,0,1,-2.4888776117151026,-0.41870604182334503,Occasional / Low-Engagement
10156,1975,Graduation,Single,84196.0,0,1,2013-03-06,56,215,63,507,231,31,190,1,8,4,7,3,0,0,0,0,0,0,0,1237,20,1,1,39,641,0.4,0.35,0.2,0.05,61.85,0.17380759902991108,0.40986257073565074,0.15359741309620048,0,0,0,2.3031554374558243,-0.08458466366999896,Digital Convenience Shoppers
4299,1960,Graduation,Together,70971.0,0,1,2013-07-02,28,1001,17,572,93,125,17,7,11,11,5,7,0,0,0,0,0,0,1,1825,34,1,1,54,523,0.3235294117647059,0.14705882352941177,0.3235294117647059,0.20588235294117646,53.6764705882353,0.5484931506849315,0.3134246575342466,0.009315068493150684,0,0,0,3.696722456164748,3.1880188349167256,Digital Convenience Shoppers
3469,1977,PhD,Divorced,34487.0,1,1,2012-06-09,94,19,18,33,24,1,8,3,3,0,3,9,0,0,0,0,0,0,0,103,9,2,1,37,911,0.3333333333333333,0.3333333333333333,0.0,0.3333333333333333,11.444444444444445,0.18446601941747573,0.32038834951456313,0.07766990291262135,0,0,1,-2.450804861122318,1.5284933185870493,Occasional / Low-Engagement
5063,1977,Graduation,Single,28769.0,1,0,2013-07-02,76,41,5,129,10,3,3,3,4,1,4,9,0,0,0,0,0,0,0,191,12,1,1,37,523,0.3333333333333333,0.3333333333333333,0.08333333333333333,0.25,15.916666666666666,0.21465968586387435,0.675392670157068,0.015706806282722512,0,0,1,-1.7395848784321446,0.803041700338896,Occasional / Low-Engagement
10727,1970,PhD,Married,69084.0,1,0,2013-07-02,43,1181,107,199,39,30,30,2,7,3,13,8,0,0,0,0,0,0,0,1586,25,1,1,44,523,0.28,0.52,0.12,0.08,63.44,0.744640605296343,0.12547288776796975,0.018915510718789406,0,0,0,2.375968501417481,1.2459339656599584,Digital Convenience Shoppers
9624,1958,PhD,Together,65488.0,0,0,2013-07-02,46,603,45,207,36,18,54,1,3,4,6,1,0,0,0,0,0,0,0,963,14,0,0,56,523,0.21428571428571427,0.42857142857142855,0.2857142857142857,0.07142857142857142,68.78571428571429,0.6261682242990654,0.21495327102803738,0.056074766355140186,0,0,3,1.341415680283596,-1.8926396798097185,High-Value Elite
5156,1970,2n Cycle,Married,62466.0,0,1,2013-07-02,13,129,129,259,168,121,83,5,6,3,12,4,0,0,0,0,0,0,0,889,26,1,1,44,523,0.23076923076923078,0.46153846153846156,0.11538461538461539,0.19230769230769232,34.19230769230769,0.14510686164229472,0.29133858267716534,0.09336332958380203,0,0,0,2.0499720811031823,1.5235666250283892,Digital Convenience Shoppers
4376,1960,2n Cycle,Single,32218.0,0,0,2013-07-02,27,10,24,15,13,1,30,1,2,1,3,7,1,0,0,0,0,0,1,93,7,0,0,54,523,0.2857142857142857,0.42857142857142855,0.14285714285714285,0.14285714285714285,13.285714285714286,0.10752688172043011,0.16129032258064516,0.3225806451612903,1,1,1,-1.7864597602330377,-1.180015172686408,Occasional / Low-Engagement
8923,1973,Graduation,Single,83917.0,0,0,2013-07-02,12,514,22,732,42,198,79,1,6,7,7,3,0,0,0,0,0,0,1,1587,21,0,0,41,523,0.2857142857142857,0.3333333333333333,0.3333333333333333,0.047619047619047616,75.57142857142857,0.3238815374921235,0.4612476370510397,0.04977945809703844,0,0,3,3.0656292129055775,-1.0174586352382522,High-Value Elite
8461,1962,Graduation,Divorced,46102.0,2,1,2014-10-03,3,14,0,1,0,0,1,1,1,0,2,7,0,0,0,0,0,0,0,16,4,3,1,52,65,0.25,0.5,0.0,0.25,4.0,0.875,0.0625,0.0625,0,0,1,-3.116400706359569,-0.5557238998645196,Occasional / Low-Engagement
6945,1952,Graduation,Single,84574.0,0,0,2013-04-06,72,387,20,713,38,54,163,1,9,11,11,5,0,0,0,0,0,0,0,1375,32,0,0,62,610,0.28125,0.34375,0.34375,0.03125,42.96875,0.28145454545454546,0.5185454545454545,0.11854545454545455,0,0,3,4.6022668479148905,0.32284801548914577,High-Value Elite
944,1962,Graduation,Married,56181.0,0,1,2013-08-01,6,121,103,69,8,44,48,1,4,2,7,4,0,0,0,0,0,0,0,393,14,1,1,52,493,0.2857142857142857,0.5,0.14285714285714285,0.07142857142857142,28.071428571428573,0.30788804071246817,0.17557251908396945,0.12213740458015267,0,0,0,0.054273748497723734,-0.6569138986515705,Digital Convenience Shoppers
1907,1950,Master,Divorced,63120.0,0,1,2013-07-02,53,965,69,279,54,41,69,5,8,4,9,7,0,0,0,0,0,0,1,1477,26,1,1,64,523,0.3076923076923077,0.34615384615384615,0.15384615384615385,0.19230769230769232,56.80769230769231,0.6533513879485443,0.1888964116452268,0.046716316858496955,0,0,0,2.126960122683308,2.1113263767782917,Digital Convenience Shoppers
701,1971,Graduation,Married,73691.0,0,1,2013-06-11,58,707,21,250,85,43,73,2,6,2,8,2,1,0,0,0,0,0,0,1179,18,1,1,43,544,0.3333333333333333,0.4444444444444444,0.1111111111111111,0.1111111111111111,65.5,0.5996607294317218,0.21204410517387617,0.06191687871077184,1,1,0,1.7034756215170606,-0.2730301736318381,Digital Convenience Shoppers
3856,1960,Graduation,Together,63381.0,0,1,2012-05-10,78,571,50,142,33,50,159,4,4,5,13,2,0,0,0,0,0,0,0,1005,26,1,1,54,941,0.15384615384615385,0.5,0.19230769230769232,0.15384615384615385,38.65384615384615,0.5681592039800994,0.14129353233830846,0.1582089552238806,0,0,0,2.634580280232631,1.1389051840635493,Digital Convenience Shoppers
4149,1948,PhD,Together,76140.0,0,0,2013-07-02,57,586,66,653,17,0,26,1,5,9,6,2,0,0,0,0,0,0,0,1348,21,0,0,66,523,0.23809523809523808,0.2857142857142857,0.42857142857142855,0.047619047619047616,64.19047619047619,0.43471810089020774,0.4844213649851632,0.019287833827893175,0,0,3,2.9261849789553698,-1.3327782129310757,High-Value Elite
2131,1959,PhD,Divorced,62859.0,0,1,2013-07-02,37,1063,89,102,16,12,25,4,9,4,6,6,0,0,0,0,0,0,0,1307,23,1,1,55,523,0.391304347826087,0.2608695652173913,0.17391304347826086,0.17391304347826086,56.82608695652174,0.8133129303749044,0.07804131599081866,0.019127773527161437,0,0,0,1.723222619240354,1.5415182066901507,Digital Convenience Shoppers
2942,1964,Graduation,Single,45906.0,0,1,2013-07-05,20,305,3,27,4,3,144,2,5,4,4,5,1,0,0,0,0,0,0,486,15,1,1,50,520,0.3333333333333333,0.26666666666666666,0.26666666666666666,0.13333333333333333,32.4,0.6275720164609053,0.05555555555555555,0.2962962962962963,1,1,1,-0.10672667927907317,-0.05540536916052948,Occasional / Low-Engagement
1173,1947,Master,Together,77632.0,0,0,2013-10-03,73,1200,105,758,0,42,147,1,4,2,6,2,0,1,1,0,0,0,1,2252,13,0,0,67,430,0.3076923076923077,0.46153846153846156,0.15384615384615385,0.07692307692307693,173.23076923076923,0.5328596802841918,0.33658969804618116,0.0652753108348135,2,1,3,2.1226153569731845,-1.8645590140612838,High-Value Elite
4381,1971,PhD,Married,46463.0,1,1,2013-07-02,56,163,2,40,8,11,11,7,3,1,6,6,0,0,0,0,0,0,0,235,17,2,1,43,523,0.17647058823529413,0.35294117647058826,0.058823529411764705,0.4117647058823529,13.823529411764707,0.6936170212765957,0.1702127659574468,0.04680851063829787,0,0,2,-0.9813234307487436,2.195387952401526,Deal & Discount Hunters
4611,1970,Graduation,Together,105471.0,0,0,2013-07-02,36,1009,181,104,202,21,207,0,9,8,13,3,0,0,1,1,0,0,1,1724,30,0,0,44,523,0.3,0.43333333333333335,0.26666666666666666,0.0,57.46666666666667,0.5852668213457076,0.060324825986078884,0.12006960556844548,2,1,3,5.172665749192678,-0.5187735481828907,High-Value Elite
3376,1970,Master,Divorced,55282.0,1,0,2013-07-02,9,125,6,73,8,4,19,1,3,1,6,4,0,0,0,0,0,0,0,235,11,1,1,44,523,0.2727272727272727,0.5454545454545454,0.09090909090909091,0.09090909090909091,21.363636363636363,0.5319148936170213,0.31063829787234043,0.08085106382978724,0,0,1,-0.5747558621833934,-0.8739196216124967,Occasional / Low-Engagement
4679,1977,Master,Married,78710.0,0,1,2013-07-02,42,721,0,152,119,50,50,3,7,6,12,4,0,0,0,0,0,0,0,1092,28,1,1,37,523,0.25,0.42857142857142855,0.21428571428571427,0.10714285714285714,39.0,0.6602564102564102,0.1391941391941392,0.045787545787545784,0,0,0,3.108387660178636,0.9475872244400464,Digital Convenience Shoppers
10928,1958,Graduation,Together,66886.0,0,1,2013-07-02,28,315,4,62,41,31,146,2,7,1,7,5,0,0,0,0,0,0,0,599,17,1,1,56,523,0.4117647058823529,0.4117647058823529,0.058823529411764705,0.11764705882352941,35.23529411764706,0.5258764607679466,0.10350584307178631,0.24373956594323873,0,0,0,0.6234417480558819,0.3269501824371918,Digital Convenience Shoppers
4248,1960,Master,Single,98777.0,0,0,2013-07-02,23,1000,19,711,125,115,38,0,4,6,9,1,0,1,0,0,0,0,0,2008,19,0,0,54,523,0.21052631578947367,0.47368421052631576,0.3157894736842105,0.0,105.6842105263158,0.49800796812749004,0.35408366533864544,0.018924302788844622,1,1,3,3.6534959292423963,-2.0170779394571747,High-Value Elite
6728,1985,Graduation,Together,29103.0,1,0,2013-07-02,38,16,0,17,6,3,6,2,1,0,3,9,0,0,0,0,0,0,0,48,6,1,1,29,523,0.16666666666666666,0.5,0.0,0.3333333333333333,8.0,0.3333333333333333,0.3541666666666667,0.125,0,0,1,-2.711672838479587,-0.1531708583564771,Occasional / Low-Engagement
6661,1974,Graduation,Married,67445.0,0,1,2012-12-08,63,757,80,217,29,80,11,5,9,6,12,6,0,0,0,0,0,0,0,1174,32,1,1,40,729,0.28125,0.375,0.1875,0.15625,36.6875,0.6448040885860307,0.1848381601362862,0.009369676320272573,0,0,0,3.175360986548821,2.6528220565613387,Digital Convenience Shoppers
4725,1950,PhD,Together,50616.0,0,1,2013-07-02,71,30,2,25,0,1,9,1,1,1,4,2,0,0,0,0,0,0,0,67,7,1,1,64,523,0.14285714285714285,0.5714285714285714,0.14285714285714285,0.14285714285714285,9.571428571428571,0.44776119402985076,0.373134328358209,0.13432835820895522,0,0,1,-1.1806565659677997,-1.6683411368084262,Occasional / Low-Engagement
3277,1955,Graduation,Divorced,49431.0,0,1,2012-03-08,9,219,3,100,26,0,17,2,7,1,5,8,0,0,0,0,0,0,0,365,15,1,1,59,1004,0.4666666666666667,0.3333333333333333,0.06666666666666667,0.13333333333333333,24.333333333333332,0.6,0.273972602739726,0.04657534246575343,0,0,2,-0.4680707050550926,1.3896390595058372,Deal & Discount Hunters
5555,1975,Graduation,Divorced,153924.0,0,0,2014-07-02,81,1,1,1,1,1,1,0,0,0,0,0,0,0,0,0,0,0,0,6,0,0,0,39,158,0.0,0.0,0.0,0.0,0.0,0.16666666666666666,0.16666666666666666,0.16666666666666666,0,0,3,0.11089019968354903,-4.295039775257155,High-Value Elite
2564,1953,Graduation,Together,61278.0,0,1,2014-04-01,87,111,3,28,2,6,15,2,3,1,4,6,0,0,0,0,0,0,0,165,10,1,1,61,250,0.3,0.4,0.1,0.2,16.5,0.6727272727272727,0.1696969696969697,0.09090909090909091,0,0,1,-1.0587650998787552,-0.7220803198597386,Occasional / Low-Engagement
946,1958,2n Cycle,Together,26490.0,0,0,2013-07-02,92,45,47,52,21,20,25,2,3,1,5,6,0,0,0,0,0,0,0,210,11,0,0,56,523,0.2727272727272727,0.45454545454545453,0.09090909090909091,0.18181818181818182,19.09090909090909,0.21428571428571427,0.24761904761904763,0.11904761904761904,0,0,1,-1.141005774967191,-0.6563323953605126,Occasional / Low-Engagement
3867,1947,PhD,Together,73059.0,0,1,2013-07-02,36,410,112,420,0,82,71,1,9,3,13,4,0,0,0,0,0,0,0,1095,26,1,1,67,523,0.34615384615384615,0.5,0.11538461538461539,0.038461538461538464,42.11538461538461,0.3744292237442922,0.3835616438356164,0.06484018264840183,0,0,0,2.8359734945846182,0.5718224598062168,Digital Convenience Shoppers
6940,1966,PhD,Single,46734.0,1,2,2013-07-02,86,100,1,39,6,1,76,4,3,2,3,6,1,0,0,0,0,0,0,223,12,3,1,48,523,0.25,0.25,0.16666666666666666,0.3333333333333333,18.583333333333332,0.4484304932735426,0.17488789237668162,0.34080717488789236,1,1,2,-1.7567070104477418,1.4063761075862498,Deal & Discount Hunters
55,1963,Graduation,Together,56253.0,0,1,2012-07-12,83,509,0,65,7,11,5,4,7,2,9,6,0,0,0,0,0,0,0,597,22,1,1,51,878,0.3181818181818182,0.4090909090909091,0.09090909090909091,0.18181818181818182,27.136363636363637,0.8525963149078727,0.10887772194304858,0.008375209380234505,0,0,0,0.9961887926721565,1.8945968775250062,Digital Convenience Shoppers
7093,1985,Graduation,Married,19986.0,1,0,2013-07-02,74,3,6,5,0,2,6,1,0,0,3,7,0,0,0,0,0,0,0,22,4,1,1,29,523,0.0,0.75,0.0,0.25,5.5,0.13636363636363635,0.22727272727272727,0.2727272727272727,0,0,1,-2.863920670850554,-0.9810876979016561,Occasional / Low-Engagement
5084,1975,Graduation,Widow,58330.0,0,1,2013-07-02,87,445,53,213,104,98,151,1,6,4,13,4,0,0,0,0,0,0,0,1064,24,1,1,39,523,0.25,0.5416666666666666,0.16666666666666666,0.041666666666666664,44.333333333333336,0.4182330827067669,0.20018796992481203,0.14191729323308272,0,0,0,2.267205224852347,0.14973074936275307,Digital Convenience Shoppers
1777,1980,Basic,Married,25965.0,0,0,2012-07-09,29,2,2,11,41,7,11,1,2,0,3,8,0,0,0,0,0,0,0,74,6,0,0,34,881,0.3333333333333333,0.5,0.0,0.16666666666666666,12.333333333333334,0.02702702702702703,0.14864864864864866,0.14864864864864866,0,0,1,-2.15591126657671,-0.5488083586816471,Occasional / Low-Engagement
8162,1956,Master,Together,14661.0,0,0,2013-01-01,88,4,1,11,6,2,2,1,1,0,3,6,0,0,0,0,0,0,0,26,5,0,0,58,705,0.2,0.6,0.0,0.2,5.2,0.15384615384615385,0.4230769230769231,0.07692307692307693,0,0,1,-2.3389868697583136,-1.2329809094928048,Occasional / Low-Engagement
10826,1959,Graduation,Married,18690.0,0,0,2013-07-02,77,6,1,7,23,4,19,1,1,1,2,8,0,0,0,0,0,0,0,60,5,0,0,55,523,0.2,0.4,0.2,0.2,12.0,0.1,0.11666666666666667,0.31666666666666665,0,0,1,-2.4882475459695717,-1.207398077415559,Occasional / Low-Engagement
8754,1974,PhD,Together,45068.0,0,1,2013-07-02,25,14,0,3,0,0,3,1,1,0,2,7,0,0,0,0,0,0,0,20,4,1,1,40,523,0.25,0.5,0.0,0.25,5.0,0.7,0.15,0.15,0,0,1,-2.423696728174722,-0.9871227489429215,Occasional / Low-Engagement
1987,1987,Basic,Single,21063.0,1,0,2013-07-02,34,1,10,11,19,3,15,2,2,0,3,6,0,0,0,0,0,0,0,59,7,1,1,27,523,0.2857142857142857,0.42857142857142855,0.0,0.2857142857142857,8.428571428571429,0.01694915254237288,0.1864406779661017,0.2542372881355932,0,0,1,-2.348269768159681,-0.4401877015000625,Occasional / Low-Engagement
11007,1968,PhD,Married,29187.0,1,0,2013-09-05,43,26,0,6,0,0,2,1,1,0,3,8,0,0,0,0,0,0,0,34,5,1,1,46,458,0.2,0.6,0.0,0.2,6.8,0.7647058823529411,0.17647058823529413,0.058823529411764705,0,0,1,-2.6622517057824027,-0.7686291875628528,Occasional / Low-Engagement
7426,1971,2n Cycle,Married,54690.0,1,1,2013-07-11,76,111,16,37,7,9,18,3,3,1,5,3,0,0,0,0,0,0,0,198,12,2,1,43,514,0.25,0.4166666666666667,0.08333333333333333,0.25,16.5,0.5606060606060606,0.18686868686868688,0.09090909090909091,0,0,1,-0.8670422708424949,0.11377719187843444,Occasional / Low-Engagement
9153,1964,PhD,Married,59304.0,0,1,2013-07-02,81,418,61,428,80,51,10,3,7,8,10,5,0,0,0,0,0,0,0,1048,28,1,1,50,523,0.25,0.35714285714285715,0.2857142857142857,0.10714285714285714,37.42857142857143,0.3988549618320611,0.4083969465648855,0.009541984732824428,0,0,0,2.6464383191772853,1.0956618279874988,Digital Convenience Shoppers
10379,1962,Master,Single,59247.0,0,2,2013-08-11,87,327,9,122,19,14,83,5,5,2,9,6,0,0,0,0,0,0,0,574,21,2,1,52,483,0.23809523809523808,0.42857142857142855,0.09523809523809523,0.23809523809523808,27.333333333333332,0.5696864111498258,0.21254355400696864,0.1445993031358885,0,0,2,0.3917575129886076,1.912018998276966,Deal & Discount Hunters
9204,1970,Graduation,Widow,66731.0,0,1,2012-12-09,33,371,159,194,58,106,141,4,4,3,6,3,0,0,0,0,0,0,0,1029,17,1,1,44,728,0.23529411764705882,0.35294117647058826,0.17647058823529413,0.23529411764705882,60.529411764705884,0.36054421768707484,0.18853255587949466,0.13702623906705538,0,0,0,1.013480098605002,0.4499221261800533,Digital Convenience Shoppers
3197,1980,Graduation,Married,77353.0,0,1,2013-07-02,38,275,59,107,69,101,59,2,6,4,8,4,0,0,0,0,0,0,0,670,20,1,1,34,523,0.3,0.4,0.2,0.1,33.5,0.41044776119402987,0.15970149253731344,0.0880597014925373,0,0,0,1.5466436896821285,0.09529386210793828,Digital Convenience Shoppers
2920,1975,PhD,Single,52614.0,0,1,2012-01-12,63,789,0,142,12,9,38,2,2,4,8,8,0,0,0,0,0,0,0,990,16,1,1,39,1060,0.125,0.5,0.25,0.125,61.875,0.796969696969697,0.14343434343434344,0.03838383838383838,0,0,0,0.3145758264472144,0.8622381942923203,Digital Convenience Shoppers
6961,1974,Graduation,Married,26751.0,2,0,2013-07-02,26,1,1,5,0,3,1,1,1,0,2,8,0,0,0,0,0,0,0,11,4,2,1,40,523,0.25,0.5,0.0,0.25,2.75,0.09090909090909091,0.45454545454545453,0.09090909090909091,0,0,1,-3.197875844245449,-0.22899368541635104,Occasional / Low-Engagement
4673,1963,PhD,Married,81300.0,0,1,2013-07-02,17,1004,12,145,32,12,36,3,10,3,5,5,0,0,0,1,0,0,1,1241,21,1,1,51,523,0.47619047619047616,0.23809523809523808,0.14285714285714285,0.14285714285714285,59.095238095238095,0.8090249798549557,0.1168412570507655,0.029008863819500404,1,1,0,1.885741985026129,1.0057076065200912,Digital Convenience Shoppers
9937,1979,Graduation,Single,70337.0,0,0,2014-02-01,75,187,81,149,25,43,91,1,2,2,12,1,0,0,0,0,0,0,0,576,17,0,0,35,309,0.11764705882352941,0.7058823529411765,0.11764705882352941,0.058823529411764705,33.88235294117647,0.3246527777777778,0.2586805555555556,0.1579861111111111,0,0,3,1.6113349314423269,-1.9546050445997711,High-Value Elite
8779,1985,2n Cycle,Married,36145.0,1,0,2013-07-02,13,56,4,76,17,1,18,4,4,1,3,9,1,0,0,0,0,0,1,172,12,1,1,29,523,0.3333333333333333,0.25,0.08333333333333333,0.3333333333333333,14.333333333333334,0.32558139534883723,0.4418604651162791,0.10465116279069768,1,1,1,-1.7486024418307482,1.0778208528346886,Occasional / Low-Engagement
9596,1980,PhD,Single,65295.0,0,0,2013-07-02,19,365,32,117,34,110,6,1,3,3,13,2,0,0,0,0,0,0,0,664,20,0,0,34,523,0.15,0.65,0.15,0.05,33.2,0.5496987951807228,0.17620481927710843,0.009036144578313253,0,0,3,1.9951841242411303,-1.2152380300904906,High-Value Elite
2891,1963,Graduation,Divorced,68118.0,0,1,2013-07-02,51,595,23,123,10,23,154,2,8,9,4,6,0,0,0,0,0,0,0,928,23,1,1,51,523,0.34782608695652173,0.17391304347826086,0.391304347826087,0.08695652173913043,40.34782608695652,0.6411637931034483,0.13254310344827586,0.16594827586206898,0,0,0,1.892286694142359,0.6178727644287687,Digital Convenience Shoppers
4910,1967,Graduation,Divorced,68743.0,0,0,2013-07-02,81,1132,134,384,175,134,115,1,11,5,13,7,0,0,0,0,0,0,0,2074,30,0,0,47,523,0.36666666666666664,0.43333333333333335,0.16666666666666666,0.03333333333333333,69.13333333333334,0.5458052073288332,0.18514946962391515,0.05544840887174542,0,0,0,4.094261173283338,0.8933733933502089,Digital Convenience Shoppers
75,1982,2n Cycle,Together,41039.0,0,0,2013-07-02,32,34,11,137,179,61,45,1,8,1,5,8,0,0,0,0,0,0,0,467,15,0,0,32,523,0.5333333333333333,0.3333333333333333,0.06666666666666667,0.06666666666666667,31.133333333333333,0.0728051391862955,0.29336188436830835,0.09635974304068523,0,0,0,-0.20323669532594082,0.07886695813702502,Digital Convenience Shoppers
10120,1955,Graduation,Together,38946.0,0,1,2013-07-02,84,116,6,82,6,6,41,2,3,1,6,5,0,0,0,0,0,0,0,257,12,1,1,59,523,0.25,0.5,0.08333333333333333,0.16666666666666666,21.416666666666668,0.45136186770428016,0.31906614785992216,0.15953307392996108,0,0,1,-0.9119295364617728,-0.28875558468888507,Occasional / Low-Engagement
6327,1967,Graduation,Together,65777.0,0,0,2013-07-02,87,565,32,435,28,32,54,1,2,8,6,1,0,0,0,0,0,0,0,1146,17,0,0,47,523,0.11764705882352941,0.35294117647058826,0.47058823529411764,0.058823529411764705,67.41176470588235,0.4930191972076789,0.3795811518324607,0.04712041884816754,0,0,3,2.062317523156586,-1.9761867715133927,High-Value Elite
10142,1976,PhD,Divorced,66476.0,0,1,2013-07-03,99,372,18,126,47,48,78,2,5,2,11,4,0,0,0,0,0,0,0,689,20,1,1,38,522,0.25,0.55,0.1,0.1,34.45,0.5399129172714079,0.18287373004354138,0.11320754716981132,0,0,0,1.348424715982274,0.1290949706693104,Digital Convenience Shoppers
9826,1972,PhD,Single,86857.0,0,0,2012-12-09,96,899,102,838,133,102,40,1,5,6,10,2,0,0,0,0,0,0,1,2114,22,0,0,42,728,0.22727272727272727,0.45454545454545453,0.2727272727272727,0.045454545454545456,96.0909090909091,0.4252601702932829,0.39640491958372753,0.01892147587511826,0,0,3,3.8133666356775318,-0.9471928975773941,High-Value Elite
1501,1982,PhD,Married,160803.0,0,0,2012-04-08,21,55,16,1622,17,3,4,15,0,28,1,0,0,0,0,0,0,0,0,1717,44,0,0,32,973,0.0,0.022727272727272728,0.6363636363636364,0.3409090909090909,39.02272727272727,0.0320326150262085,0.9446709376820035,0.0023296447291788003,0,0,3,7.602658210449463,2.959087574267905,High-Value Elite
10767,1989,PhD,Together,77845.0,0,0,2013-07-02,40,760,40,480,0,40,26,1,3,5,12,1,0,0,1,1,0,0,0,1346,21,0,0,25,523,0.14285714285714285,0.5714285714285714,0.23809523809523808,0.047619047619047616,64.0952380952381,0.5646359583952452,0.35661218424962854,0.019316493313521546,2,1,3,3.021289114554334,-1.4978454716553438,High-Value Elite
7279,1969,PhD,Together,69476.0,0,0,2013-07-02,3,260,86,559,63,9,67,1,4,6,4,2,0,0,0,0,0,0,0,1044,15,0,0,45,523,0.26666666666666666,0.26666666666666666,0.4,0.06666666666666667,69.6,0.24904214559386972,0.5354406130268199,0.06417624521072797,0,0,3,1.5369749993861823,-1.6692016427714313,High-Value Elite
7230,1960,PhD,Divorced,50611.0,0,1,2012-04-10,98,459,0,24,6,0,4,6,4,5,7,6,0,1,0,0,0,0,1,493,22,1,1,54,971,0.18181818181818182,0.3181818181818182,0.22727272727272727,0.2727272727272727,22.40909090909091,0.9310344827586207,0.0486815415821501,0.008113590263691683,1,1,2,0.6833800710308289,2.202948577137902,Deal & Discount Hunters
143,1970,Graduation,Single,61209.0,0,0,2013-07-02,73,466,0,224,119,49,99,1,5,3,4,2,0,0,0,0,0,0,0,957,13,0,0,44,523,0.38461538461538464,0.3076923076923077,0.23076923076923078,0.07692307692307693,73.61538461538461,0.48693834900731453,0.23406478578892373,0.10344827586206896,0,0,3,0.9432955768720456,-1.5533361625965327,High-Value Elite
450,1958,Master,Together,42315.0,0,1,2013-12-07,90,67,15,80,17,11,80,3,1,4,4,3,0,0,0,0,0,0,0,270,12,1,1,56,365,0.08333333333333333,0.3333333333333333,0.3333333333333333,0.25,22.5,0.24814814814814815,0.2962962962962963,0.2962962962962963,0,0,1,-0.6804775195588918,-0.8769439171061255,Occasional / Low-Engagement
9316,1952,Basic,Together,13084.0,0,0,2013-02-11,29,2,0,7,3,7,10,1,1,0,3,6,0,0,0,0,0,0,0,29,5,0,0,62,664,0.2,0.6,0.0,0.2,5.8,0.06896551724137931,0.2413793103448276,0.3448275862068966,0,0,1,-2.385148061009862,-1.266824187953797,Occasional / Low-Engagement
6379,1949,Master,Widow,47570.0,1,1,2013-07-02,3,67,1,20,0,2,31,3,2,2,2,7,0,0,0,0,0,0,1,121,9,2,1,65,523,0.2222222222222222,0.2222222222222222,0.2222222222222222,0.3333333333333333,13.444444444444445,0.5537190082644629,0.1652892561983471,0.256198347107438,0,0,1,-2.003868479440124,0.46791578882187657,Occasional / Low-Engagement
9239,1961,Master,Married,61923.0,0,2,2013-07-02,94,92,4,18,3,3,6,1,2,1,4,3,0,0,0,0,0,0,0,126,8,2,1,53,523,0.25,0.5,0.125,0.125,15.75,0.7301587301587301,0.14285714285714285,0.047619047619047616,0,0,1,-1.2001073610814803,-0.8815714100762536,Occasional / Low-Engagement
8315,1995,Graduation,Single,34824.0,0,0,2013-07-02,65,4,2,11,2,0,4,1,1,0,2,6,0,0,0,0,0,0,0,23,4,0,0,19,523,0.25,0.5,0.0,0.25,5.75,0.17391304347826086,0.4782608695652174,0.17391304347826086,0,0,1,-2.171409693580288,-1.6274842585366458,Occasional / Low-Engagement
2868,1949,PhD,Single,26518.0,1,1,2013-08-04,33,20,1,28,3,3,2,3,2,0,3,8,0,0,0,0,0,0,1,57,8,2,1,65,490,0.25,0.375,0.0,0.375,7.125,0.3508771929824561,0.49122807017543857,0.03508771929824561,0,0,1,-2.752500971097114,0.7002729862998044,Occasional / Low-Engagement
10888,1961,Graduation,Single,45938.0,0,0,2013-03-11,46,273,11,178,62,83,29,2,8,4,6,6,0,0,0,0,0,0,0,636,20,0,0,53,636,0.4,0.3,0.2,0.1,31.8,0.42924528301886794,0.279874213836478,0.04559748427672956,0,0,0,1.026370076858447,0.3835787719303699,Digital Convenience Shoppers
1277,1960,Graduation,Together,78468.0,0,0,2014-09-04,29,434,22,388,104,22,34,1,10,7,10,4,0,0,0,1,0,0,0,1004,28,0,0,54,94,0.35714285714285715,0.35714285714285715,0.25,0.03571428571428571,35.857142857142854,0.43227091633466136,0.38645418326693226,0.03386454183266932,1,1,3,3.507359254532551,-0.46551960654817126,High-Value Elite
9977,1973,Graduation,Divorced,78901.0,0,1,2013-07-02,99,321,11,309,33,26,34,3,9,3,5,4,0,0,0,0,0,0,0,734,20,1,1,41,523,0.45,0.25,0.15,0.15,36.7,0.4373297002724796,0.4209809264305177,0.04632152588555858,0,0,0,1.4660687129125631,0.6949340595299073,Digital Convenience Shoppers
10196,1978,Graduation,Married,71427.0,2,0,2014-12-03,26,212,123,177,15,64,23,2,8,2,8,4,0,0,0,0,0,0,0,614,20,2,1,36,4,0.4,0.4,0.1,0.1,30.7,0.34527687296416937,0.28827361563517917,0.03745928338762215,0,0,0,0.9417147731792259,0.2493350599116186,Digital Convenience Shoppers
6384,1978,Graduation,Divorced,71022.0,0,1,2014-11-02,30,909,12,278,0,12,242,3,5,2,11,8,1,0,0,0,0,0,0,1453,21,1,1,36,35,0.23809523809523808,0.5238095238095238,0.09523809523809523,0.14285714285714285,69.19047619047619,0.6256022023399862,0.1913282863041982,0.16655196145905024,1,1,0,1.4528174269952348,0.4696885390582818,Digital Convenience Shoppers
8029,1988,Master,Single,90247.0,0,0,2013-07-02,27,1184,32,352,21,16,16,1,3,4,7,1,0,1,1,1,0,0,1,1621,15,0,0,26,523,0.2,0.4666666666666667,0.26666666666666666,0.06666666666666667,108.06666666666666,0.7304133251079581,0.21714990746452806,0.00987045033929673,3,1,3,2.417523825447615,-1.9603304051835035,High-Value Elite
968,1968,Master,Divorced,41335.0,1,0,2013-07-02,24,112,19,21,16,14,5,3,4,1,4,7,0,0,0,0,0,0,0,187,12,1,1,46,523,0.3333333333333333,0.3333333333333333,0.08333333333333333,0.25,15.583333333333334,0.5989304812834224,0.11229946524064172,0.026737967914438502,0,0,1,-1.2898328458472073,0.43165275981618617,Occasional / Low-Engagement
6988,1986,Graduation,Married,71952.0,1,0,2013-10-01,93,656,80,455,52,107,93,2,8,4,8,4,1,0,1,0,0,0,0,1443,22,1,1,28,432,0.36363636363636365,0.36363636363636365,0.18181818181818182,0.09090909090909091,65.5909090909091,0.4546084546084546,0.3153153153153153,0.06444906444906445,2,1,0,2.294003776271161,0.28261425080395597,Digital Convenience Shoppers
4472,1970,PhD,Divorced,35682.0,1,0,2013-07-02,34,23,0,8,6,2,18,1,1,1,3,2,0,0,0,0,0,0,0,57,6,1,1,44,523,0.16666666666666666,0.5,0.16666666666666666,0.16666666666666666,9.5,0.40350877192982454,0.14035087719298245,0.3157894736842105,0,0,1,-1.6378780095751606,-1.6676805971693376,Occasional / Low-Engagement
6991,1951,Graduation,Divorced,43185.0,0,1,2013-10-04,88,537,6,42,16,6,30,2,9,3,6,8,0,0,0,0,0,0,0,637,20,1,1,63,429,0.45,0.3,0.15,0.1,31.85,0.8430141287284144,0.06593406593406594,0.04709576138147567,0,0,0,0.3774285119622851,1.0999053779416248,Digital Convenience Shoppers
3336,1948,PhD,Together,66375.0,0,1,2013-07-02,96,712,0,45,0,0,191,3,2,4,5,7,1,0,0,0,0,0,0,948,14,1,1,66,523,0.14285714285714285,0.35714285714285715,0.2857142857142857,0.21428571428571427,67.71428571428571,0.7510548523206751,0.04746835443037975,0.20147679324894516,1,1,0,0.12092777667499993,0.07992500713178848,Digital Convenience Shoppers
4301,1971,Master,Married,35178.0,1,0,2013-10-01,10,23,1,13,2,2,18,1,1,1,2,7,1,0,0,0,0,0,1,59,5,1,1,43,432,0.2,0.4,0.2,0.2,11.8,0.3898305084745763,0.22033898305084745,0.3050847457627119,1,1,1,-2.412785448475248,-1.034502554588674,Occasional / Low-Engagement
1940,1986,Graduation,Married,25252.0,1,0,2013-12-07,26,1,3,4,2,2,6,1,1,0,2,8,0,0,0,0,0,0,0,18,4,1,1,28,365,0.25,0.5,0.0,0.25,4.5,0.05555555555555555,0.2222222222222222,0.3333333333333333,0,0,1,-2.931957910319756,-0.9414707090055144,Occasional / Low-Engagement
1272,1965,Master,Single,55250.0,0,1,2013-07-02,49,664,58,83,32,0,66,4,7,5,10,5,0,0,0,0,0,0,0,903,26,1,1,49,523,0.2692307692307692,0.38461538461538464,0.19230769230769232,0.15384615384615385,34.73076923076923,0.7353266888150609,0.09191583610188261,0.07308970099667775,0,0,0,1.9604644471580819,1.4166018144422776,Digital Convenience Shoppers
1388,1975,Graduation,Single,33249.0,1,0,2013-07-02,11,6,10,21,19,14,42,2,2,1,3,6,0,0,0,0,0,0,0,112,8,1,1,39,523,0.25,0.375,0.125,0.25,14.0,0.05357142857142857,0.1875,0.375,0,0,1,-1.9075419319654912,-0.4658697012977894,Occasional / Low-Engagement
1044,1953,Graduation,Together,58398.0,0,0,2013-07-02,44,299,5,201,21,21,49,3,5,4,8,4,0,0,0,0,0,0,0,596,20,0,0,61,523,0.25,0.4,0.2,0.15,29.8,0.5016778523489933,0.337248322147651,0.08221476510067115,0,0,0,1.3536592730590742,-0.13280554440182082,Digital Convenience Shoppers
6969,1982,Graduation,Together,50272.0,1,0,2013-07-08,75,99,13,66,43,8,4,3,4,1,5,7,0,0,0,0,0,0,0,233,13,1,1,32,517,0.3076923076923077,0.38461538461538464,0.07692307692307693,0.23076923076923078,17.923076923076923,0.4248927038626609,0.2832618025751073,0.017167381974248927,0,0,1,-0.9161866481636953,0.44471309355293087,Occasional / Low-Engagement
10479,1975,PhD,Married,76618.0,0,0,2012-07-12,64,749,40,294,121,160,147,1,3,2,5,1,0,0,0,0,0,0,0,1511,11,0,0,39,878,0.2727272727272727,0.45454545454545453,0.18181818181818182,0.09090909090909091,137.36363636363637,0.4956982131039047,0.19457313037723362,0.09728656518861681,0,0,3,1.453146048621269,-1.640376733475668,High-Value Elite
3619,1960,2n Cycle,Divorced,87305.0,0,0,2013-07-02,19,345,25,501,63,138,80,1,5,3,8,2,0,0,1,0,0,0,1,1152,17,0,0,54,523,0.29411764705882354,0.47058823529411764,0.17647058823529413,0.058823529411764705,67.76470588235294,0.2994791666666667,0.4348958333333333,0.06944444444444445,1,1,3,2.2171074121677714,-1.3724607358039336,High-Value Elite
1715,1978,Graduation,Together,25851.0,1,0,2013-11-02,45,9,4,18,7,5,5,2,2,0,3,7,0,0,0,0,0,0,0,48,7,1,1,36,400,0.2857142857142857,0.42857142857142855,0.0,0.2857142857142857,6.857142857142857,0.1875,0.375,0.10416666666666667,0,0,1,-2.4014691967573745,-0.45942513653023476,Occasional / Low-Engagement
10159,1970,Graduation,Divorced,58710.0,0,1,2013-07-02,77,440,81,368,0,122,174,6,11,5,9,6,0,0,0,0,0,0,0,1185,31,1,1,44,523,0.3548387096774194,0.2903225806451613,0.16129032258064516,0.1935483870967742,38.225806451612904,0.37130801687763715,0.3105485232067511,0.1468354430379747,0,0,0,2.66785386755306,2.8750216594788958,Digital Convenience Shoppers
1463,1958,Graduation,Single,45160.0,1,1,2013-07-02,9,8,2,5,3,0,3,1,1,0,2,7,0,0,0,0,0,0,0,21,4,2,1,56,523,0.25,0.5,0.0,0.25,5.25,0.38095238095238093,0.23809523809523808,0.14285714285714285,0,0,1,-2.7392901553677964,-0.4708752290374338,Occasional / Low-Engagement
5114,1965,Master,Married,74806.0,0,1,2013-07-02,1,670,9,249,0,28,9,2,5,4,5,4,0,0,0,0,0,0,0,965,16,1,1,49,523,0.3125,0.3125,0.25,0.125,60.3125,0.694300518134715,0.25803108808290154,0.00932642487046632,0,0,0,1.037944268564041,-0.29127197307064767,Digital Convenience Shoppers
4990,1954,Graduation,Married,59111.0,0,0,2013-02-05,90,524,0,134,28,28,155,1,11,1,8,7,0,0,0,0,0,0,0,869,21,0,0,60,670,0.5238095238095238,0.38095238095238093,0.047619047619047616,0.047619047619047616,41.38095238095238,0.6029919447640967,0.15420023014959724,0.17836593785960875,0,0,0,1.5335772205164124,0.7175868775802036,Digital Convenience Shoppers
4329,1984,PhD,Married,18988.0,1,0,2013-07-02,43,6,0,6,2,1,1,2,1,0,3,7,0,0,0,0,0,0,0,16,6,1,1,30,523,0.16666666666666666,0.5,0.0,0.3333333333333333,2.6666666666666665,0.375,0.375,0.0625,0,0,1,-2.687331981519468,-0.43500577020758857,Occasional / Low-Engagement
10936,1965,Graduation,Married,72190.0,0,0,2013-07-02,79,597,166,597,172,166,249,1,5,6,4,3,0,0,0,0,0,0,0,1947,16,0,0,49,523,0.3125,0.25,0.375,0.0625,121.6875,0.3066255778120185,0.3066255778120185,0.12788906009244994,0,0,3,2.270576395855136,-1.4154996974723655,High-Value Elite
4692,1976,Graduation,Married,7500.0,1,0,2012-01-08,19,7,0,12,13,7,32,5,4,1,2,9,1,0,0,0,0,0,1,71,12,1,1,38,1064,0.3333333333333333,0.16666666666666666,0.08333333333333333,0.4166666666666667,5.916666666666667,0.09859154929577464,0.16901408450704225,0.4507042253521127,1,1,1,-2.375079920950561,2.2049540247155406,Occasional / Low-Engagement
7212,1966,Graduation,Married,44794.0,0,1,2014-08-06,99,54,0,7,0,0,4,1,2,0,3,6,0,0,0,0,0,0,0,65,6,1,1,48,123,0.3333333333333333,0.5,0.0,0.16666666666666666,10.833333333333334,0.8307692307692308,0.1076923076923077,0.06153846153846154,0,0,1,-2.007398562792193,-1.446115913775822,Occasional / Low-Engagement
6086,1955,Graduation,Married,80395.0,0,0,2013-07-02,62,445,25,706,80,76,48,1,6,5,12,2,0,0,0,1,0,0,0,1380,24,0,0,59,523,0.25,0.5,0.20833333333333334,0.041666666666666664,57.5,0.322463768115942,0.5115942028985507,0.034782608695652174,1,1,3,3.4513490091051495,-0.8479850815472089,High-Value Elite
437,1976,Master,Divorced,75012.0,0,0,2013-07-02,41,294,142,218,164,58,151,1,3,8,11,1,0,0,0,0,0,0,0,1027,23,0,0,38,523,0.13043478260869565,0.4782608695652174,0.34782608695652173,0.043478260869565216,44.65217391304348,0.2862706913339825,0.21226874391431352,0.14703018500486856,0,0,3,3.133356752946357,-1.4633694611041095,High-Value Elite
11171,1965,Master,Married,56962.0,2,1,2013-11-10,60,292,3,77,10,3,26,7,6,3,5,7,0,0,0,0,0,0,0,411,21,3,1,49,392,0.2857142857142857,0.23809523809523808,0.14285714285714285,0.3333333333333333,19.571428571428573,0.7104622871046229,0.1873479318734793,0.06326034063260341,0,0,2,-0.4449292443128205,3.127587243175436,Deal & Discount Hunters
11101,1991,Graduation,Together,89891.0,0,0,2013-07-02,17,412,22,132,59,28,183,1,11,6,8,4,0,0,1,0,0,0,0,836,26,0,0,23,523,0.4230769230769231,0.3076923076923077,0.23076923076923078,0.038461538461538464,32.15384615384615,0.49282296650717705,0.15789473684210525,0.21889952153110048,1,1,0,3.3073900202136755,0.04782344375536548,Digital Convenience Shoppers
5329,1949,PhD,Divorced,35946.0,1,1,2013-07-02,24,8,0,3,0,0,0,1,0,0,3,5,0,0,0,0,0,0,0,11,4,2,1,65,523,0.0,0.75,0.0,0.25,2.75,0.7272727272727273,0.2727272727272727,0.0,0,0,1,-2.6706576272283695,-0.8542469886803973,Occasional / Low-Engagement
610,1953,PhD,Together,53593.0,1,1,2012-07-08,60,349,4,78,6,0,43,8,7,2,6,8,0,0,0,0,0,0,0,480,23,2,1,61,882,0.30434782608695654,0.2608695652173913,0.08695652173913043,0.34782608695652173,20.869565217391305,0.7270833333333333,0.1625,0.08958333333333333,0,0,2,0.008595690501033934,4.008523601038759,Deal & Discount Hunters
9384,1978,Graduation,Married,66373.0,1,1,2013-12-06,57,328,9,124,12,24,109,7,4,2,10,3,0,0,0,0,0,0,0,606,23,2,1,36,366,0.17391304347826086,0.43478260869565216,0.08695652173913043,0.30434782608695654,26.347826086956523,0.5412541254125413,0.20462046204620463,0.17986798679867988,0,0,2,0.9754664666739887,1.8813331499908106,Deal & Discount Hunters
5956,1948,PhD,Divorced,45072.0,1,2,2013-07-02,74,144,2,99,7,2,30,5,6,1,4,8,0,0,0,0,0,0,0,284,16,3,1,66,523,0.375,0.25,0.0625,0.3125,17.75,0.5070422535211268,0.3485915492957746,0.1056338028169014,0,0,2,-1.476890614502332,2.6586125789077646,Deal & Discount Hunters
10430,1973,Graduation,Divorced,89694.0,1,1,2013-09-10,22,1126,28,211,37,28,42,3,4,3,4,5,0,1,1,1,0,0,0,1472,14,2,1,41,453,0.2857142857142857,0.2857142857142857,0.21428571428571427,0.21428571428571427,105.14285714285714,0.7649456521739131,0.14334239130434784,0.028532608695652172,3,1,0,0.7668922000438113,0.2950388964608348,Digital Convenience Shoppers
7875,1949,Graduation,Married,72025.0,0,0,2013-07-02,46,967,0,617,43,50,0,1,4,8,13,2,0,1,1,1,0,0,1,1677,26,0,0,65,523,0.15384615384615385,0.5,0.3076923076923077,0.038461538461538464,64.5,0.5766249254621347,0.36791890280262374,0.0,3,1,3,3.9058279921138994,-1.0076493349687496,High-Value Elite
7072,1973,Graduation,Married,67432.0,0,1,2013-07-02,69,432,79,341,177,136,170,2,8,5,4,4,0,0,0,0,0,0,0,1335,19,1,1,41,523,0.42105263157894735,0.21052631578947367,0.2631578947368421,0.10526315789473684,70.26315789473684,0.3235955056179775,0.2554307116104869,0.12734082397003746,0,0,0,1.6608892617877686,0.16281316085078412,Digital Convenience Shoppers
6255,1952,Master,Together,70545.0,0,1,2014-03-06,29,138,39,63,55,18,21,1,4,1,7,2,0,0,0,0,0,0,0,334,13,1,1,62,276,0.3076923076923077,0.5384615384615384,0.07692307692307693,0.07692307692307693,25.692307692307693,0.41317365269461076,0.18862275449101795,0.06287425149700598,0,0,0,0.295015780529909,-1.3576372803188992,Digital Convenience Shoppers
6516,1989,Basic,Married,17487.0,1,0,2013-07-02,37,0,0,1,7,4,6,1,1,0,2,7,0,0,0,0,0,0,0,18,4,1,1,25,523,0.25,0.5,0.0,0.25,4.5,0.0,0.05555555555555555,0.3333333333333333,0,0,1,-2.930872714581449,-0.8676826859913491,Occasional / Low-Engagement
5564,1969,Graduation,Together,62882.0,0,1,2012-09-08,26,509,133,497,78,24,97,2,7,5,6,4,0,0,0,0,0,0,0,1338,20,1,1,45,820,0.35,0.3,0.25,0.1,66.9,0.3804185351270553,0.37144992526158443,0.07249626307922272,0,0,0,1.7963059245420605,0.557805201122202,Digital Convenience Shoppers
5682,1953,PhD,Single,64108.0,0,1,2013-07-02,8,948,10,86,13,21,21,4,6,9,11,5,0,0,0,0,0,0,0,1099,30,1,1,61,523,0.2,0.36666666666666664,0.3,0.13333333333333333,36.63333333333333,0.8626023657870792,0.07825295723384895,0.01910828025477707,0,0,0,2.998244807060277,1.3859015059714042,Digital Convenience Shoppers
7458,1956,Master,Together,34941.0,1,1,2013-06-03,26,39,2,25,4,3,24,2,3,0,3,8,0,0,0,0,0,0,0,97,8,2,1,58,552,0.375,0.375,0.0,0.25,12.125,0.4020618556701031,0.25773195876288657,0.24742268041237114,0,0,1,-2.4526490565075982,0.5443480173388582,Occasional / Low-Engagement
5237,1950,PhD,Single,48767.0,1,2,2014-01-01,79,28,1,21,3,0,10,3,2,1,3,5,0,0,0,0,0,0,0,63,9,3,1,64,340,0.2222222222222222,0.3333333333333333,0.1111111111111111,0.3333333333333333,7.0,0.4444444444444444,0.3333333333333333,0.15873015873015872,0,0,1,-2.1357059747971268,0.4452809971097335,Occasional / Low-Engagement
7761,1978,2n Cycle,Together,38702.0,1,0,2013-01-08,71,13,11,24,13,8,40,2,3,0,4,6,0,0,0,0,0,0,0,109,9,1,1,36,698,0.3333333333333333,0.4444444444444444,0.0,0.2222222222222222,12.11111111111111,0.11926605504587157,0.22018348623853212,0.3669724770642202,0,0,1,-1.6278052991784202,-0.05942019232205398,Occasional / Low-Engagement
5278,1964,Graduation,Married,82224.0,0,0,2013-07-02,83,307,26,360,138,31,40,1,6,9,5,3,0,0,0,1,0,0,0,902,21,0,0,50,523,0.2857142857142857,0.23809523809523808,0.42857142857142855,0.047619047619047616,42.95238095238095,0.34035476718403546,0.3991130820399113,0.04434589800443459,1,1,3,2.6080683034571894,-1.0829174981864103,High-Value Elite
3560,1952,Graduation,Together,83844.0,0,0,2013-12-05,57,901,31,345,75,31,191,1,4,4,11,1,0,0,1,0,0,0,0,1574,20,0,0,62,367,0.2,0.55,0.2,0.05,78.7,0.5724269377382465,0.21918678526048285,0.12134688691232529,1,1,3,3.0735247845128617,-1.6753424946770175,High-Value Elite
7235,1975,2n Cycle,Married,17003.0,1,0,2013-09-12,37,2,5,12,4,8,7,3,2,0,4,5,0,0,0,0,0,0,0,38,9,1,1,39,451,0.2222222222222222,0.4444444444444444,0.0,0.3333333333333333,4.222222222222222,0.05263157894736842,0.3157894736842105,0.18421052631578946,0,0,1,-2.116891507403895,-0.23847682285365615,Occasional / Low-Engagement
10548,1995,Graduation,Single,71163.0,0,0,2014-09-03,30,283,17,372,138,106,44,1,3,8,12,1,0,0,0,0,0,0,0,960,24,0,0,19,95,0.125,0.5,0.3333333333333333,0.041666666666666664,40.0,0.2947916666666667,0.3875,0.04583333333333333,0,0,3,3.1106368898839616,-1.9229910631818294,High-Value Elite
2281,1970,Graduation,Single,33697.0,1,0,2013-07-02,34,4,3,7,0,3,11,1,1,0,2,7,1,0,0,0,0,0,0,28,4,1,1,44,523,0.25,0.5,0.0,0.25,7.0,0.14285714285714285,0.25,0.39285714285714285,1,1,1,-2.6258149892397884,-0.9392353086225911,Occasional / Low-Engagement
4073,1954,2n Cycle,Married,63564.0,0,0,2013-07-02,0,769,80,252,15,34,65,1,10,10,7,6,1,0,0,0,0,0,1,1215,28,0,0,60,523,0.35714285714285715,0.25,0.35714285714285715,0.03571428571428571,43.392857142857146,0.6329218106995885,0.2074074074074074,0.053497942386831275,1,1,0,3.2623653848033443,0.3369809786419425,Digital Convenience Shoppers
6974,1972,PhD,Together,83443.0,0,0,2013-07-02,89,518,42,742,55,56,84,1,6,10,5,2,0,0,0,0,0,0,0,1497,22,0,0,42,523,0.2727272727272727,0.22727272727272727,0.45454545454545453,0.045454545454545456,68.04545454545455,0.3460253841015364,0.4956579826319305,0.056112224448897796,0,0,3,3.3448288764206047,-1.2597603779738857,High-Value Elite
7938,1958,PhD,Together,51518.0,0,1,2013-03-10,92,350,8,66,17,4,4,2,3,2,10,3,0,0,0,0,0,0,0,449,17,1,1,56,637,0.17647058823529413,0.5882352941176471,0.11764705882352941,0.11764705882352941,26.41176470588235,0.779510022271715,0.14699331848552338,0.008908685968819599,0,0,0,0.5584661495016592,-0.21408802747477323,Digital Convenience Shoppers
7094,1975,Graduation,Widow,58330.0,0,1,2013-07-02,87,445,53,213,104,98,151,1,6,4,13,4,0,0,0,0,0,0,0,1064,24,1,1,39,523,0.25,0.5416666666666666,0.16666666666666666,0.041666666666666664,44.333333333333336,0.4182330827067669,0.20018796992481203,0.14191729323308272,0,0,0,2.267205224852347,0.14973074936275307,Digital Convenience Shoppers
3667,1969,Graduation,Married,80952.0,0,0,2013-07-02,20,778,178,689,41,27,44,1,8,5,11,8,0,1,1,1,0,0,1,1757,25,0,0,45,523,0.32,0.44,0.2,0.04,70.28,0.4428002276607854,0.39214570290267503,0.02504268639726807,3,1,0,3.1652274395039366,0.381761697760625,Digital Convenience Shoppers
7723,1979,Graduation,Together,75507.0,0,0,2014-02-05,56,709,93,374,104,80,80,1,8,6,6,3,0,0,0,0,0,0,0,1440,21,0,0,35,305,0.38095238095238093,0.2857142857142857,0.2857142857142857,0.047619047619047616,68.57142857142857,0.49236111111111114,0.25972222222222224,0.05555555555555555,0,0,3,2.744558488652418,-1.0290293483391955,High-Value Elite
3870,1978,2n Cycle,Together,63855.0,0,0,2013-09-02,28,359,35,314,93,116,89,1,7,3,13,4,0,0,0,0,0,0,0,1006,24,0,0,36,461,0.2916666666666667,0.5416666666666666,0.125,0.041666666666666664,41.916666666666664,0.35685884691848907,0.3121272365805169,0.08846918489065607,0,0,0,2.5934794073879956,-0.31085072916471845,Digital Convenience Shoppers
4012,1972,PhD,Together,62220.0,0,1,2012-11-08,55,799,12,375,16,12,12,5,7,6,5,6,0,0,0,0,0,0,1,1226,23,1,1,42,759,0.30434782608695654,0.21739130434782608,0.2608695652173913,0.21739130434782608,53.30434782608695,0.6517128874388255,0.30587275693311583,0.009787928221859706,0,0,0,1.6338570991245351,1.8608517078379203,Digital Convenience Shoppers
5909,1964,Graduation,Married,58512.0,0,1,2013-07-02,25,895,10,101,13,0,152,5,3,4,8,8,0,0,0,0,0,0,0,1171,20,1,1,50,523,0.15,0.4,0.2,0.25,58.55,0.7643040136635354,0.08625106746370624,0.12980358667805295,0,0,2,0.7559675052201601,1.4041224043402625,Deal & Discount Hunters
10470,1979,Master,Married,40662.0,1,0,2013-07-02,0,40,2,23,0,4,23,2,2,1,3,4,0,0,0,0,0,0,0,92,8,1,1,35,523,0.25,0.375,0.125,0.25,11.5,0.43478260869565216,0.25,0.25,0,0,1,-1.5552085669606026,-0.822402593200614,Occasional / Low-Engagement
6488,1959,PhD,Married,38829.0,0,1,2014-06-04,86,76,0,7,0,0,16,1,3,2,2,5,0,0,0,0,0,0,0,99,8,1,1,55,186,0.375,0.25,0.25,0.125,12.375,0.7676767676767676,0.0707070707070707,0.16161616161616163,0,0,1,-1.6120717712079273,-1.3540157479832564,Occasional / Low-Engagement
10270,1981,2n Cycle,Married,35523.0,1,0,2013-03-10,8,11,5,22,12,5,11,2,3,0,3,7,0,0,0,0,0,0,0,66,8,1,1,33,637,0.375,0.375,0.0,0.25,8.25,0.16666666666666666,0.3333333333333333,0.16666666666666666,0,0,1,-2.022727775076374,-0.01902366897370912,Occasional / Low-Engagement
6887,1967,Graduation,Single,79146.0,1,1,2013-07-02,33,245,16,223,21,43,16,2,8,1,8,6,0,0,0,0,0,0,0,564,19,2,1,47,523,0.42105263157894735,0.42105263157894735,0.05263157894736842,0.10526315789473684,29.68421052631579,0.43439716312056736,0.3953900709219858,0.028368794326241134,0,0,0,0.7197693896007872,1.1923754054572666,Digital Convenience Shoppers
6406,1988,Master,Married,78285.0,0,0,2013-07-02,13,647,107,391,175,67,40,1,6,4,10,3,0,0,0,0,0,0,0,1427,21,0,0,26,523,0.2857142857142857,0.47619047619047616,0.19047619047619047,0.047619047619047616,67.95238095238095,0.4533987386124737,0.2740014015416959,0.02803083391730904,0,0,3,2.800082819268215,-0.8409428045017177,High-Value Elite
7573,1978,PhD,Single,31626.0,1,0,2013-10-05,12,39,1,9,2,1,34,1,2,1,2,7,1,0,0,0,0,0,1,86,6,1,1,36,428,0.3333333333333333,0.3333333333333333,0.16666666666666666,0.16666666666666666,14.333333333333334,0.45348837209302323,0.10465116279069768,0.3953488372093023,1,1,1,-2.302820980938949,-0.8578817502838508,Occasional / Low-Engagement
4508,1952,Graduation,Single,75127.0,0,0,2013-07-02,92,203,35,305,46,17,227,1,2,11,5,1,0,0,0,0,0,0,0,833,19,0,0,62,523,0.10526315789473684,0.2631578947368421,0.5789473684210527,0.05263157894736842,43.8421052631579,0.24369747899159663,0.36614645858343337,0.2725090036014406,0,0,3,2.4039267749985647,-1.9967468359277936,High-Value Elite
221,1955,Graduation,Married,48726.0,0,1,2013-07-02,90,138,3,38,4,0,59,3,3,2,4,6,0,0,0,0,0,0,0,242,12,1,1,59,523,0.25,0.3333333333333333,0.16666666666666666,0.25,20.166666666666668,0.5702479338842975,0.15702479338842976,0.24380165289256198,0,0,1,-0.9582773868477789,0.07630321113134127,Occasional / Low-Engagement
5331,1977,Graduation,Married,74985.0,0,0,2012-11-09,8,587,51,898,247,0,86,1,3,6,7,2,0,0,0,0,0,0,0,1869,17,0,0,37,758,0.17647058823529413,0.4117647058823529,0.35294117647058826,0.058823529411764705,109.94117647058823,0.314071696094168,0.48047084002140183,0.04601391118245051,0,0,3,2.595343448072938,-1.3809394316678785,High-Value Elite
1911,1987,Graduation,Together,67430.0,0,0,2012-05-09,6,595,97,291,127,133,121,1,11,5,12,6,0,0,0,0,0,0,0,1364,29,0,0,27,942,0.3793103448275862,0.41379310344827586,0.1724137931034483,0.034482758620689655,47.03448275862069,0.43621700879765396,0.21334310850439883,0.08870967741935484,0,0,0,3.5790315150694973,1.2616659169845565,Digital Convenience Shoppers
20,1965,2n Cycle,Married,46891.0,0,1,2013-01-09,91,43,12,23,29,15,61,1,2,1,4,4,0,0,0,0,0,0,0,183,8,1,1,49,697,0.25,0.5,0.125,0.125,22.875,0.23497267759562843,0.12568306010928962,0.3333333333333333,0,0,1,-1.2110375889187206,-0.9410353416634105,Occasional / Low-Engagement
8786,1956,Master,Married,62058.0,0,1,2013-07-02,52,301,7,74,10,0,58,4,6,1,7,6,0,0,0,0,0,0,0,450,18,1,1,58,523,0.3333333333333333,0.3888888888888889,0.05555555555555555,0.2222222222222222,25.0,0.6688888888888889,0.16444444444444445,0.1288888888888889,0,0,2,0.26077790002482387,1.080212041335406,Deal & Discount Hunters
10582,1979,Graduation,Married,72063.0,0,1,2013-03-07,3,180,32,348,76,32,90,2,5,2,12,2,0,0,0,0,0,0,0,758,21,1,1,35,640,0.23809523809523808,0.5714285714285714,0.09523809523809523,0.09523809523809523,36.095238095238095,0.23746701846965698,0.45910290237467016,0.11873350923482849,0,0,0,1.897513459163733,0.021251323111583943,Digital Convenience Shoppers
1915,1951,PhD,Married,78939.0,0,0,2013-12-12,57,794,115,243,150,0,205,1,8,5,6,3,0,0,0,0,0,0,0,1507,20,0,0,63,360,0.4,0.3,0.25,0.05,75.35,0.5268745852687459,0.1612475116124751,0.1360318513603185,0,0,3,2.679315839040433,-1.0027380266065435,High-Value Elite
8897,1965,Graduation,Single,42720.0,1,1,2013-07-02,9,392,5,91,28,26,112,8,7,3,7,8,0,0,0,0,0,0,1,654,25,2,1,49,523,0.28,0.28,0.12,0.32,26.16,0.599388379204893,0.13914373088685014,0.1712538226299694,0,0,2,0.2107401020010605,3.6911583699053514,Deal & Discount Hunters
2371,1972,Graduation,Married,33622.0,1,1,2013-07-02,22,39,1,22,3,4,12,3,2,0,4,7,0,0,0,0,0,0,0,81,9,2,1,42,523,0.2222222222222222,0.4444444444444444,0.0,0.3333333333333333,9.0,0.48148148148148145,0.2716049382716049,0.14814814814814814,0,0,1,-2.318635897387303,0.6230470267072099,Occasional / Low-Engagement
4303,1957,PhD,Together,6835.0,0,1,2012-08-12,76,107,2,12,2,2,12,0,0,0,1,20,0,0,0,0,0,0,0,137,1,1,1,57,847,0.0,1.0,0.0,0.0,137.0,0.781021897810219,0.08759124087591241,0.08759124087591241,0,0,1,-4.863580831760729,1.104232758734559,Occasional / Low-Engagement
6825,1953,Graduation,Together,41452.0,1,1,2013-06-03,86,13,0,3,0,0,0,1,1,0,2,7,0,0,0,0,0,0,0,16,4,2,1,61,552,0.25,0.5,0.0,0.25,4.0,0.8125,0.1875,0.0,0,0,1,-2.7900891621012254,-0.433029121524446,Occasional / Low-Engagement
1072,1965,PhD,Single,40760.0,0,1,2013-07-02,64,70,0,17,0,0,6,2,2,1,3,6,0,0,0,0,0,0,0,93,8,1,1,49,523,0.25,0.375,0.125,0.25,11.625,0.7526881720430108,0.1827956989247312,0.06451612903225806,0,0,1,-1.7711104400310738,-0.5093978804486522,Occasional / Low-Engagement
4964,1958,PhD,Together,74250.0,0,0,2013-07-02,90,680,11,392,75,0,0,1,2,11,4,1,0,0,0,0,0,0,0,1158,18,0,0,56,523,0.1111111111111111,0.2222222222222222,0.6111111111111112,0.05555555555555555,64.33333333333333,0.5872193436960277,0.3385146804835924,0.0,0,0,3,2.445612656565261,-2.084144889769363,High-Value Elite
2461,1955,Master,Single,51124.0,1,1,2013-07-02,79,26,1,11,0,1,4,2,1,0,3,3,0,0,0,0,0,0,0,43,6,2,1,59,523,0.16666666666666666,0.5,0.0,0.3333333333333333,7.166666666666667,0.6046511627906976,0.2558139534883721,0.09302325581395349,0,0,1,-1.9195143523519573,-0.7274360430112222,Occasional / Low-Engagement
10736,1971,Graduation,Single,72258.0,0,1,2013-12-09,28,522,0,522,227,120,134,2,6,9,5,2,0,0,0,0,0,0,0,1525,22,1,1,43,363,0.2727272727272727,0.22727272727272727,0.4090909090909091,0.09090909090909091,69.31818181818181,0.3422950819672131,0.3422950819672131,0.08786885245901639,0,0,3,2.6689322769598065,-0.5530434451225339,High-Value Elite
3194,1974,PhD,Single,71466.0,0,0,2014-05-04,86,412,12,546,78,182,0,1,4,4,10,1,0,0,0,0,0,0,0,1230,19,0,0,40,217,0.21052631578947367,0.5263157894736842,0.21052631578947367,0.05263157894736842,64.73684210526316,0.33495934959349594,0.44390243902439025,0.0,0,0,3,2.420981139249148,-1.8768229562851033,High-Value Elite
10839,1976,Graduation,Together,36283.0,1,1,2013-07-02,42,6,5,5,8,0,5,2,1,0,3,4,0,0,0,0,0,0,0,29,6,2,1,38,523,0.16666666666666666,0.5,0.0,0.3333333333333333,4.833333333333333,0.20689655172413793,0.1724137931034483,0.1724137931034483,0,0,1,-2.3265144512043334,-0.48951547901410913,Occasional / Low-Engagement
49,1970,Graduation,Single,20587.0,1,0,2014-11-05,39,2,3,6,4,1,9,1,1,1,2,7,0,0,0,0,0,0,0,25,5,1,1,44,32,0.2,0.4,0.2,0.2,5.0,0.08,0.24,0.36,0,0,1,-2.764785920990524,-1.4944738177302777,Occasional / Low-Engagement
4290,1972,Graduation,Married,30467.0,1,0,2013-07-02,8,1,3,8,2,5,5,1,1,0,2,7,0,0,0,0,0,0,0,24,4,1,1,42,523,0.25,0.5,0.0,0.25,6.0,0.041666666666666664,0.3333333333333333,0.20833333333333334,0,0,1,-2.6936074785018476,-0.9191590410951709,Occasional / Low-Engagement
10219,1972,Graduation,Together,31590.0,1,0,2013-07-02,40,6,2,15,6,6,3,1,1,0,3,8,0,0,0,0,0,0,0,38,5,1,1,42,523,0.2,0.6,0.0,0.2,7.6,0.15789473684210525,0.39473684210526316,0.07894736842105263,0,0,1,-2.605159264016476,-0.6943088262778915,Occasional / Low-Engagement
4211,1986,Basic,Married,20425.0,1,0,2013-07-02,5,4,12,5,3,16,17,2,2,0,3,7,0,0,0,0,0,0,0,57,7,1,1,28,523,0.2857142857142857,0.42857142857142855,0.0,0.2857142857142857,8.142857142857142,0.07017543859649122,0.08771929824561403,0.2982456140350877,0,0,1,-2.483491909461039,-0.26741974543725355,Occasional / Low-Engagement
1135,1960,Master,Together,17144.0,1,1,2013-07-02,96,18,2,19,0,2,6,5,3,0,4,7,0,0,0,0,0,0,0,47,12,2,1,54,523,0.25,0.3333333333333333,0.0,0.4166666666666667,3.9166666666666665,0.3829787234042553,0.40425531914893614,0.1276595744680851,0,0,1,-2.3758513704051927,1.583205526648378,Occasional / Low-Engagement
6299,1968,PhD,Divorced,42564.0,0,1,2013-02-01,28,324,48,186,39,18,198,6,6,8,4,7,1,0,0,0,0,0,1,813,24,1,1,46,674,0.25,0.16666666666666666,0.3333333333333333,0.25,33.875,0.3985239852398524,0.22878228782287824,0.24354243542435425,1,1,2,0.9424577265836384,2.2064117318873797,Deal & Discount Hunters
10846,1978,Master,Married,43783.0,1,0,2013-07-02,22,327,9,125,25,4,139,6,7,1,8,7,1,0,0,0,0,0,0,629,22,1,1,36,523,0.3181818181818182,0.36363636363636365,0.045454545454545456,0.2727272727272727,28.59090909090909,0.519872813990461,0.1987281399046105,0.22098569157392686,1,1,2,0.34757069369303467,2.2963750832999112,Deal & Discount Hunters
347,1976,Graduation,Divorced,40780.0,0,1,2012-08-09,30,229,27,71,13,3,34,4,7,1,5,9,0,0,0,0,0,0,0,377,17,1,1,38,850,0.4117647058823529,0.29411764705882354,0.058823529411764705,0.23529411764705882,22.176470588235293,0.6074270557029178,0.1883289124668435,0.09018567639257294,0,0,2,-0.6584467687249171,2.119385825335178,Deal & Discount Hunters
6543,1945,Master,Together,62847.0,0,0,2013-07-02,45,521,168,706,80,76,61,1,3,6,4,2,0,0,0,0,0,0,0,1612,14,0,0,69,523,0.21428571428571427,0.2857142857142857,0.42857142857142855,0.07142857142857142,115.14285714285714,0.3232009925558313,0.43796526054590573,0.03784119106699752,0,0,3,1.660859444092915,-1.8481771514549392,High-Value Elite
10446,1957,PhD,Married,82017.0,0,0,2012-07-11,58,184,23,446,30,23,23,1,5,4,7,2,0,1,1,1,0,0,1,729,17,0,0,57,879,0.29411764705882354,0.4117647058823529,0.23529411764705882,0.058823529411764705,42.88235294117647,0.252400548696845,0.6117969821673526,0.03155006858710562,3,1,3,1.9097495497008776,-0.9189893361530996,High-Value Elite
3479,1950,Graduation,Single,16813.0,0,0,2013-07-02,49,4,8,11,12,2,13,1,2,0,3,7,1,0,0,0,0,0,0,50,6,0,0,64,523,0.3333333333333333,0.5,0.0,0.16666666666666666,8.333333333333334,0.08,0.22,0.26,1,1,1,-2.279786463579899,-1.1404406061303252,Occasional / Low-Engagement
11075,1978,Graduation,Married,51267.0,1,1,2013-07-02,37,183,2,64,7,2,12,4,3,3,5,4,0,0,0,0,0,0,0,270,15,2,1,36,523,0.2,0.3333333333333333,0.2,0.26666666666666666,18.0,0.6777777777777778,0.23703703703703705,0.044444444444444446,0,0,2,-0.5856840655902498,0.7275999468576789,Deal & Discount Hunters
4442,1961,Graduation,Single,46524.0,0,1,2013-05-04,70,31,19,35,26,14,52,2,1,1,5,3,0,0,0,0,0,0,0,177,9,1,1,53,582,0.1111111111111111,0.5555555555555556,0.1111111111111111,0.2222222222222222,19.666666666666668,0.1751412429378531,0.1977401129943503,0.2937853107344633,0,0,1,-1.0702357455715406,-0.9752684073417289,Occasional / Low-Engagement
199,1962,Master,Single,45183.0,0,0,2013-07-02,33,219,3,60,12,9,12,1,4,1,7,7,0,1,0,0,0,0,0,315,13,0,0,52,523,0.3076923076923077,0.5384615384615384,0.07692307692307693,0.07692307692307693,24.23076923076923,0.6952380952380952,0.19047619047619047,0.0380952380952381,1,1,1,-0.4093998879018396,-0.619391493194728,Occasional / Low-Engagement
6722,1954,PhD,Married,70421.0,0,1,2013-07-02,98,479,28,136,75,14,35,3,10,3,7,6,0,0,0,0,0,0,0,767,23,1,1,60,523,0.43478260869565216,0.30434782608695654,0.13043478260869565,0.13043478260869565,33.34782608695652,0.6245110821382008,0.1773142112125163,0.04563233376792699,0,0,0,1.5919614561766833,1.373753621305482,Digital Convenience Shoppers
796,1965,2n Cycle,Divorced,60161.0,0,1,2013-07-02,17,584,44,212,46,8,177,3,11,4,8,8,0,0,0,0,0,0,0,1071,26,1,1,49,523,0.4230769230769231,0.3076923076923077,0.15384615384615385,0.11538461538461539,41.19230769230769,0.5452847805788982,0.19794584500466852,0.16526610644257703,0,0,0,1.873182951029437,2.0150315280283504,Digital Convenience Shoppers
3749,1973,Graduation,Together,73926.0,0,0,2013-02-03,54,627,91,597,159,91,15,1,6,5,12,3,0,0,0,0,0,0,0,1580,24,0,0,41,672,0.25,0.5,0.20833333333333334,0.041666666666666664,65.83333333333333,0.3968354430379747,0.3778481012658228,0.00949367088607595,0,0,3,3.3776977464083613,-0.47131636648467623,High-Value Elite
8523,1968,Graduation,Married,19329.0,1,0,2013-07-02,39,24,1,16,12,2,5,3,4,0,3,8,0,0,0,0,0,0,0,60,10,1,1,46,523,0.4,0.3,0.0,0.3,6.0,0.4,0.26666666666666666,0.08333333333333333,0,0,1,-2.247772611377816,0.5963004914546678,Occasional / Low-Engagement
310,1970,Master,Married,61872.0,0,1,2013-07-02,81,330,5,159,36,27,16,4,4,4,9,4,0,0,0,0,0,0,0,573,21,1,1,44,523,0.19047619047619047,0.42857142857142855,0.19047619047619047,0.19047619047619047,27.285714285714285,0.5759162303664922,0.2774869109947644,0.027923211169284468,0,0,0,1.1540008370576975,0.6308915393455703,Digital Convenience Shoppers
8629,1956,Graduation,Widow,46984.0,1,1,2013-07-02,71,19,1,10,2,1,8,1,1,0,3,5,0,0,0,0,0,0,0,41,5,2,1,58,523,0.2,0.6,0.0,0.2,8.2,0.4634146341463415,0.24390243902439024,0.1951219512195122,0,0,1,-2.279562012946398,-0.7467343165638315,Occasional / Low-Engagement
236,1951,Graduation,Married,34838.0,1,1,2013-07-02,62,28,23,29,29,14,47,3,2,1,4,6,0,0,0,0,0,0,0,170,10,2,1,63,523,0.2,0.4,0.1,0.3,17.0,0.16470588235294117,0.17058823529411765,0.27647058823529413,0,0,1,-1.9258547366894965,0.4667372596483624,Occasional / Low-Engagement
9930,1944,PhD,Single,82716.0,0,0,2013-05-11,8,606,148,228,15,148,22,1,6,8,13,2,0,0,0,0,0,0,0,1167,28,0,0,70,575,0.21428571428571427,0.4642857142857143,0.2857142857142857,0.03571428571428571,41.67857142857143,0.519280205655527,0.1953727506426735,0.018851756640959727,0,0,3,4.063353369886034,-0.6150246135759382,High-Value Elite
3483,1958,Graduation,Married,48192.0,0,0,2013-06-04,76,1039,43,204,153,58,29,3,2,8,12,8,0,1,0,1,1,0,1,1526,25,0,0,56,551,0.08,0.48,0.32,0.12,61.04,0.6808650065530799,0.13368283093053734,0.019003931847968544,3,1,0,2.2934306641543527,0.4410407250718605,Digital Convenience Shoppers
4599,1976,Master,Married,49681.0,0,2,2013-04-11,66,411,0,26,0,0,21,6,7,1,7,7,0,0,0,0,0,0,0,458,21,2,1,38,605,0.3333333333333333,0.3333333333333333,0.047619047619047616,0.2857142857142857,21.80952380952381,0.8973799126637555,0.056768558951965066,0.04585152838427948,0,0,2,-0.12148654322411315,2.8163240909004768,Deal & Discount Hunters
7326,1971,Master,Married,56850.0,0,1,2013-07-02,83,34,1,19,2,7,0,1,1,1,3,2,0,0,0,0,0,0,0,63,6,1,1,43,523,0.16666666666666666,0.5,0.16666666666666666,0.16666666666666666,10.5,0.5396825396825397,0.30158730158730157,0.0,0,0,1,-1.233243830943238,-1.7720873621797686,Occasional / Low-Engagement
7352,1957,Graduation,Married,55267.0,0,1,2013-07-02,28,161,28,136,32,3,45,4,3,4,6,3,0,0,0,0,0,0,0,405,17,1,1,57,523,0.17647058823529413,0.35294117647058826,0.23529411764705882,0.23529411764705882,23.823529411764707,0.39753086419753086,0.3358024691358025,0.1111111111111111,0,0,0,0.3618262359720998,0.1275343690600461,Digital Convenience Shoppers
2350,1972,Graduation,Married,59666.0,1,1,2013-07-02,87,623,53,178,23,17,133,7,3,2,8,8,0,1,0,0,0,0,0,1027,20,2,1,42,523,0.15,0.4,0.1,0.35,51.35,0.6066212268743915,0.1733203505355404,0.12950340798442064,1,1,2,0.10488414923540205,2.5878980947343826,Deal & Discount Hunters
9145,1972,Graduation,Single,72504.0,0,1,2013-06-04,43,604,26,470,123,161,94,2,5,9,6,2,0,0,0,0,0,0,0,1478,22,1,1,42,551,0.22727272727272727,0.2727272727272727,0.4090909090909091,0.09090909090909091,67.18181818181819,0.40866035182679294,0.31799729364005414,0.06359945872801083,0,0,3,2.685169674625672,-0.4045146713444334,High-Value Elite
2964,1981,Graduation,Married,26872.0,0,0,2013-07-02,0,3,10,8,3,16,32,1,1,1,2,6,0,0,0,0,0,0,0,72,5,0,0,33,523,0.2,0.4,0.2,0.2,14.4,0.041666666666666664,0.1111111111111111,0.4444444444444444,0,0,1,-2.113467805609993,-1.5549242730439743,Occasional / Low-Engagement
5585,1972,Graduation,Single,21359.0,1,0,2013-07-02,1,12,2,17,6,1,10,2,2,0,3,8,0,0,0,0,0,0,1,48,7,1,1,42,523,0.2857142857142857,0.42857142857142855,0.0,0.2857142857142857,6.857142857142857,0.25,0.3541666666666667,0.20833333333333334,0,0,1,-2.589322376648507,-0.10658051453213944,Occasional / Low-Engagement
9687,1975,Graduation,Single,73170.0,0,0,2013-07-02,1,184,174,256,50,30,32,1,5,4,6,2,0,0,0,0,0,0,0,726,16,0,0,39,523,0.3125,0.375,0.25,0.0625,45.375,0.2534435261707989,0.3526170798898072,0.0440771349862259,0,0,3,1.5069499228698742,-1.4042208039360584,High-Value Elite
3732,1955,Master,Married,52750.0,0,1,2013-04-02,72,393,0,239,90,69,69,6,5,7,9,4,0,0,0,0,0,0,0,860,27,1,1,59,614,0.18518518518518517,0.3333333333333333,0.25925925925925924,0.2222222222222222,31.85185185185185,0.4569767441860465,0.2779069767441861,0.08023255813953488,0,0,0,2.0051529305261675,1.7554975244950868,Digital Convenience Shoppers
6303,1986,PhD,Together,91820.0,0,0,2013-07-02,72,410,73,747,76,161,30,0,5,5,12,1,0,0,0,0,0,0,0,1497,22,0,0,28,523,0.22727272727272727,0.5454545454545454,0.22727272727272727,0.0,68.04545454545455,0.2738810955243821,0.49899799599198397,0.02004008016032064,0,0,3,3.655473856885547,-1.6053627395341517,High-Value Elite
11176,1970,PhD,Together,65968.0,0,1,2014-12-05,12,376,9,83,19,4,4,2,5,4,7,3,0,0,0,0,0,0,0,495,18,1,1,44,2,0.2777777777777778,0.3888888888888889,0.2222222222222222,0.1111111111111111,27.5,0.7595959595959596,0.16767676767676767,0.00808080808080808,0,0,0,0.9162259734575235,-0.9221118647006871,Digital Convenience Shoppers
2986,1976,Graduation,Married,30772.0,1,1,2014-12-03,89,7,2,4,2,1,4,1,1,0,2,6,0,0,0,0,0,0,0,20,4,2,1,38,4,0.25,0.5,0.0,0.25,5.0,0.35,0.2,0.2,0,0,1,-2.9574527448258223,-1.2628495155958066,Occasional / Low-Engagement
7462,1954,Graduation,Single,22507.0,0,0,2013-07-02,67,68,0,226,51,157,68,3,10,2,4,9,0,0,0,0,0,0,0,570,19,0,0,60,523,0.5263157894736842,0.21052631578947367,0.10526315789473684,0.15789473684210525,30.0,0.11929824561403508,0.39649122807017545,0.11929824561403508,0,0,2,-0.1535261107728156,1.3329121300176618,Deal & Discount Hunters
3900,1972,Graduation,Married,65685.0,0,1,2013-07-02,54,642,14,49,0,7,57,1,9,2,9,5,0,0,0,0,0,0,0,769,21,1,1,42,523,0.42857142857142855,0.42857142857142855,0.09523809523809523,0.047619047619047616,36.61904761904762,0.834850455136541,0.06371911573472042,0.0741222366710013,0,0,0,1.5085416982106867,0.46058307899311945,Digital Convenience Shoppers
7034,1978,2n Cycle,Married,25804.0,1,0,2013-01-09,34,8,7,9,13,6,12,2,2,0,3,8,0,0,0,0,0,0,0,55,7,1,1,36,697,0.2857142857142857,0.42857142857142855,0.0,0.2857142857142857,7.857142857142857,0.14545454545454545,0.16363636363636364,0.21818181818181817,0,0,1,-2.4670353205883604,0.09255248491180955,Occasional / Low-Engagement
9493,1980,PhD,Single,76412.0,0,0,2013-05-05,15,840,53,804,23,71,17,1,5,4,8,3,0,0,1,1,0,0,1,1808,18,0,0,34,581,0.2777777777777778,0.4444444444444444,0.2222222222222222,0.05555555555555555,100.44444444444444,0.4646017699115044,0.4446902654867257,0.009402654867256638,2,1,3,2.5484622585829095,-1.094332961226877,High-Value Elite
1143,1972,Graduation,Married,22063.0,1,0,2013-08-08,43,7,10,13,3,11,11,2,2,0,3,7,0,0,0,0,0,0,0,55,7,1,1,42,486,0.2857142857142857,0.42857142857142855,0.0,0.2857142857142857,7.857142857142857,0.12727272727272726,0.23636363636363636,0.2,0,0,1,-2.452740082992113,-0.33081501767614424,Occasional / Low-Engagement
1,1961,Graduation,Single,57091.0,0,0,2013-07-02,0,464,5,64,7,0,37,1,7,3,7,5,0,0,0,0,1,0,1,577,18,0,0,53,523,0.3888888888888889,0.3888888888888889,0.16666666666666666,0.05555555555555555,32.05555555555556,0.804159445407279,0.11091854419410745,0.06412478336221837,1,1,0,1.0560241695451384,-0.45015241713997756,Digital Convenience Shoppers
3855,1963,Graduation,Married,22419.0,0,0,2013-07-02,74,30,3,47,19,21,42,1,3,2,2,8,0,0,0,0,0,0,0,162,8,0,0,51,523,0.375,0.25,0.25,0.125,20.25,0.18518518518518517,0.29012345679012347,0.25925925925925924,0,0,1,-1.8513067192200228,-0.8666151983895591,Occasional / Low-Engagement
5536,1959,Graduation,Together,87771.0,0,1,2013-07-02,61,1492,38,287,50,57,33,1,5,10,4,6,0,1,1,1,1,0,1,1957,20,1,1,55,523,0.25,0.2,0.5,0.05,97.85,0.7623914154317833,0.14665304036791008,0.016862544711292796,4,1,3,2.635275088368245,-0.37230938894409216,High-Value Elite
5989,1959,2n Cycle,Divorced,78353.0,0,1,2013-07-02,51,752,122,476,39,153,34,1,10,2,11,8,0,0,0,0,0,0,0,1576,24,1,1,55,523,0.4166666666666667,0.4583333333333333,0.08333333333333333,0.041666666666666664,65.66666666666667,0.47715736040609136,0.3020304568527919,0.021573604060913704,0,0,0,2.444876005720219,1.1674239172116994,Digital Convenience Shoppers
9499,1954,Graduation,Married,93404.0,1,2,2013-07-05,97,1279,15,287,20,0,15,3,3,4,7,5,0,1,1,0,0,0,0,1616,17,3,1,60,520,0.17647058823529413,0.4117647058823529,0.23529411764705882,0.17647058823529413,95.05882352941177,0.7914603960396039,0.1775990099009901,0.009282178217821782,2,1,0,1.1764042913821124,0.9346531721749439,Digital Convenience Shoppers
6768,1962,Graduation,Divorced,37859.0,1,2,2013-12-01,75,22,1,8,2,1,2,2,1,0,3,8,0,0,0,0,0,0,0,36,6,3,1,52,371,0.16666666666666666,0.5,0.0,0.3333333333333333,6.0,0.6111111111111112,0.2222222222222222,0.05555555555555555,0,0,1,-3.0890063759832014,0.466142735042744,Occasional / Low-Engagement
2150,1958,PhD,Widow,80995.0,0,1,2013-11-05,83,860,28,409,73,56,56,1,8,9,4,4,0,0,0,0,0,0,0,1482,22,1,1,56,397,0.36363636363636365,0.18181818181818182,0.4090909090909091,0.045454545454545456,67.36363636363636,0.5802968960863698,0.2759784075573549,0.037786774628879895,0,0,3,2.6832523033526128,-0.3340799609458955,High-Value Elite
6646,1984,Graduation,Together,16529.0,1,0,2014-01-03,23,3,0,5,13,0,1,1,1,0,3,6,0,0,0,0,0,0,0,22,5,1,1,30,338,0.2,0.6,0.0,0.2,4.4,0.13636363636363635,0.22727272727272727,0.045454545454545456,0,0,1,-2.695862552624125,-1.1909905140038775,Occasional / Low-Engagement
4887,1976,PhD,Divorced,55412.0,1,1,2013-07-02,65,10,5,28,11,1,8,1,2,0,3,5,0,0,0,0,0,0,0,63,6,2,1,38,523,0.3333333333333333,0.5,0.0,0.16666666666666666,10.5,0.15873015873015872,0.4444444444444444,0.12698412698412698,0,0,1,-1.9533064964777929,-0.6158711438155323,Occasional / Low-Engagement
8560,1992,Graduation,Single,48789.0,0,0,2012-10-09,94,351,16,156,7,5,145,1,6,4,7,6,0,0,0,0,0,0,0,680,18,0,0,22,789,0.3333333333333333,0.3888888888888889,0.2222222222222222,0.05555555555555555,37.77777777777778,0.5161764705882353,0.22941176470588234,0.21323529411764705,0,0,0,0.9492960385332984,-0.07168859940852985,Digital Convenience Shoppers
3321,1967,PhD,Together,56575.0,0,2,2013-05-05,42,421,5,90,0,16,10,3,7,3,7,5,0,0,0,0,0,0,0,542,20,2,1,47,581,0.35,0.35,0.15,0.15,27.1,0.7767527675276753,0.16605166051660517,0.01845018450184502,0,0,0,0.5089172258231871,1.3803083846798085,Digital Convenience Shoppers
11003,1980,2n Cycle,Together,25130.0,1,0,2013-02-10,10,2,5,7,0,18,18,2,2,0,3,7,0,0,0,0,0,0,0,50,7,1,1,34,665,0.2857142857142857,0.42857142857142855,0.0,0.2857142857142857,7.142857142857143,0.04,0.14,0.36,0,0,1,-2.3772863794823342,-0.1042655765457696,Occasional / Low-Engagement
10402,1967,Graduation,Married,35441.0,1,1,2013-07-02,94,25,1,9,2,1,1,2,1,0,3,8,0,0,0,0,0,0,0,39,6,2,1,47,523,0.16666666666666666,0.5,0.0,0.3333333333333333,6.5,0.6410256410256411,0.23076923076923078,0.02564102564102564,0,0,1,-2.787938684117076,0.15695297438064773,Occasional / Low-Engagement
9904,1956,Graduation,Married,71391.0,0,1,2013-07-02,50,336,123,274,46,123,141,5,6,5,12,3,0,0,0,0,0,0,0,1043,28,1,1,58,523,0.21428571428571427,0.42857142857142855,0.17857142857142858,0.17857142857142858,37.25,0.3221476510067114,0.26270373921380635,0.13518696069031638,0,0,0,2.8135172605310648,1.3564107491401947,Digital Convenience Shoppers
6141,1972,Master,Single,49494.0,1,0,2013-07-02,46,191,9,97,0,6,82,2,6,1,5,7,0,0,0,0,0,0,0,385,14,1,1,42,523,0.42857142857142855,0.35714285714285715,0.07142857142857142,0.14285714285714285,27.5,0.4961038961038961,0.2519480519480519,0.21298701298701297,0,0,1,-0.5650983253987192,0.42324107618942086,Occasional / Low-Engagement
5687,1980,Graduation,Divorced,81702.0,0,0,2013-07-02,98,563,50,774,28,31,187,1,7,7,12,3,0,0,0,0,0,0,0,1633,27,0,0,34,523,0.25925925925925924,0.4444444444444444,0.25925925925925924,0.037037037037037035,60.48148148148148,0.3447642375995101,0.4739742804654011,0.11451316595223515,0,0,3,4.067993583805912,-0.49143362535416624,High-Value Elite
10856,1980,2n Cycle,Single,45889.0,0,1,2013-02-07,42,31,0,6,0,1,8,1,1,0,3,6,0,0,0,0,0,0,0,46,5,1,1,34,668,0.2,0.6,0.0,0.2,9.2,0.6739130434782609,0.13043478260869565,0.17391304347826086,0,0,1,-2.0799580401219564,-0.8970676005721653,Occasional / Low-Engagement
5121,1977,Graduation,Single,56628.0,0,1,2013-07-02,30,479,5,82,7,17,171,2,7,6,5,5,1,0,0,0,0,0,0,761,20,1,1,37,523,0.35,0.25,0.3,0.1,38.05,0.6294349540078844,0.10775295663600526,0.22470433639947437,1,1,0,1.1338277013350961,0.34606277226141374,Digital Convenience Shoppers
4186,1950,Graduation,Together,34026.0,1,1,2013-05-08,11,18,6,15,12,8,17,3,2,1,3,5,0,0,0,0,0,0,0,76,9,2,1,64,578,0.2222222222222222,0.3333333333333333,0.1111111111111111,0.3333333333333333,8.444444444444445,0.23684210526315788,0.19736842105263158,0.2236842105263158,0,0,1,-2.059069201644835,0.3205028764772626,Occasional / Low-Engagement
368,1974,Graduation,Married,40049.0,0,1,2013-07-02,61,91,65,52,10,44,28,3,3,2,6,5,0,0,0,0,0,0,0,290,14,1,1,40,523,0.21428571428571427,0.42857142857142855,0.14285714285714285,0.21428571428571427,20.714285714285715,0.3137931034482759,0.1793103448275862,0.09655172413793103,0,0,1,-0.6405795843244236,0.10229972319718088,Occasional / Low-Engagement
3312,1988,Graduation,Single,34176.0,1,0,2014-12-05,12,5,7,24,19,14,20,4,3,0,4,6,0,0,0,0,0,0,0,89,11,1,1,26,2,0.2727272727272727,0.36363636363636365,0.0,0.36363636363636365,8.090909090909092,0.056179775280898875,0.2696629213483146,0.2247191011235955,0,0,1,-1.7542007954215533,-0.19733662914762806,Occasional / Low-Engagement
11121,1981,Graduation,Married,19419.0,1,0,2012-10-11,76,2,14,28,16,3,7,4,4,0,3,9,0,0,0,0,0,0,0,70,11,1,1,33,787,0.36363636363636365,0.2727272727272727,0.0,0.36363636363636365,6.363636363636363,0.02857142857142857,0.4,0.1,0,0,1,-2.255253745781831,1.4609491186514383,Occasional / Low-Engagement
5332,1960,2n Cycle,Married,82504.0,0,0,2013-07-02,2,362,50,431,134,35,54,1,3,6,7,1,0,0,0,0,0,0,0,1066,17,0,0,54,523,0.17647058823529413,0.4117647058823529,0.35294117647058826,0.058823529411764705,62.705882352941174,0.3395872420262664,0.40431519699812385,0.05065666041275797,0,0,3,2.2528778325214556,-1.8379181465782326,High-Value Elite
5848,1970,Graduation,Together,81205.0,0,0,2013-07-02,43,724,74,929,97,55,130,1,5,6,7,2,1,0,1,0,1,0,1,2009,19,0,0,44,523,0.2631578947368421,0.3684210526315789,0.3157894736842105,0.05263157894736842,105.73684210526316,0.36037829766052765,0.46241911398705826,0.06470881035340965,3,1,3,3.089814492536492,-1.3931305482099474,High-Value Elite
10343,1991,2n Cycle,Single,61618.0,0,0,2013-07-02,27,605,91,399,0,45,205,2,3,6,8,3,0,0,0,0,0,0,0,1345,19,0,0,23,523,0.15789473684210525,0.42105263157894735,0.3157894736842105,0.10526315789473684,70.78947368421052,0.44981412639405205,0.2966542750929368,0.1524163568773234,0,0,3,2.0509023492682434,-0.998589775550842,High-Value Elite
5935,1956,Master,Single,55284.0,0,1,2013-07-02,60,547,7,140,0,7,63,3,7,5,8,5,0,0,0,0,0,0,0,764,23,1,1,58,523,0.30434782608695654,0.34782608695652173,0.21739130434782608,0.13043478260869565,33.21739130434783,0.7159685863874345,0.18324607329842932,0.0824607329842932,0,0,0,1.4837278925868842,0.9074061817406119,Digital Convenience Shoppers
2895,1963,Graduation,Single,49980.0,0,1,2013-07-02,79,104,1,54,13,9,14,2,3,1,5,5,0,0,0,0,0,0,0,195,11,1,1,51,523,0.2727272727272727,0.45454545454545453,0.09090909090909091,0.18181818181818182,17.727272727272727,0.5333333333333333,0.27692307692307694,0.07179487179487179,0,0,1,-0.9198850735796072,-0.40688037996050685,Occasional / Low-Engagement
10262,1980,Graduation,Married,15072.0,2,0,2013-10-05,96,8,2,15,0,10,18,4,3,1,3,5,0,0,0,0,0,0,0,53,11,2,1,34,428,0.2727272727272727,0.2727272727272727,0.09090909090909091,0.36363636363636365,4.818181818181818,0.1509433962264151,0.2830188679245283,0.33962264150943394,0,0,1,-2.2253298158607095,0.7269473322048612,Occasional / Low-Engagement
7848,1974,Graduation,Single,49166.0,0,1,2013-07-02,17,224,2,25,7,0,110,2,5,3,3,6,0,0,0,0,0,0,0,368,13,1,1,40,523,0.38461538461538464,0.23076923076923078,0.23076923076923078,0.15384615384615385,28.307692307692307,0.6086956521739131,0.06793478260869565,0.29891304347826086,0,0,1,-0.5960733348631543,0.004838084341095107,Occasional / Low-Engagement
9477,1954,PhD,Married,65324.0,0,1,2014-11-01,0,384,0,102,21,32,5,3,6,2,9,4,0,0,0,0,0,0,0,544,20,1,1,60,36,0.3,0.45,0.1,0.15,27.2,0.7058823529411765,0.1875,0.009191176470588236,0,0,0,0.9971751010525298,-0.08151146491630076,Digital Convenience Shoppers
4856,1957,2n Cycle,Married,82347.0,0,0,2012-06-11,38,556,54,845,202,133,63,1,7,7,10,3,1,0,0,1,0,0,0,1853,25,0,0,57,909,0.28,0.4,0.28,0.04,74.12,0.30005396654074473,0.4560172692930383,0.033998920669185105,2,1,3,3.948712857159802,-0.13927205851770844,High-Value Elite
7186,1966,PhD,Together,30843.0,1,1,2013-07-02,43,24,0,2,0,0,9,2,1,1,2,5,1,0,0,0,0,0,0,35,6,2,1,48,523,0.16666666666666666,0.3333333333333333,0.16666666666666666,0.3333333333333333,5.833333333333333,0.6857142857142857,0.05714285714285714,0.2571428571428571,1,1,1,-2.521375311772978,-0.35008200091084457,Occasional / Low-Engagement
5794,1974,PhD,Married,46374.0,0,1,2013-07-02,1,408,0,21,0,0,17,3,7,1,7,8,0,1,0,1,0,0,1,446,18,1,1,40,523,0.3888888888888889,0.3888888888888889,0.05555555555555555,0.16666666666666666,24.77777777777778,0.9147982062780269,0.04708520179372197,0.03811659192825112,2,1,2,-0.16556294767484583,1.2893116123250652,Deal & Discount Hunters
1456,1979,Graduation,Single,60474.0,0,1,2013-01-04,25,265,199,303,234,9,170,7,10,2,12,7,0,0,0,0,0,0,0,1180,31,1,1,35,702,0.3225806451612903,0.3870967741935484,0.06451612903225806,0.22580645161290322,38.064516129032256,0.2245762711864407,0.25677966101694916,0.1440677966101695,0,0,0,2.440221560201225,3.6166799180289386,Digital Convenience Shoppers
4877,1973,Master,Married,38576.0,0,1,2014-04-03,2,34,0,7,0,0,0,1,1,0,3,7,0,0,0,0,0,0,0,41,5,1,1,41,248,0.2,0.6,0.0,0.2,8.2,0.8292682926829268,0.17073170731707318,0.0,0,0,1,-2.411501188035411,-1.238383763221241,Occasional / Low-Engagement
425,1985,Graduation,Married,55357.0,2,0,2013-07-02,66,374,64,116,84,25,64,3,6,2,11,5,0,0,0,0,0,0,0,727,22,2,1,29,523,0.2727272727272727,0.5,0.09090909090909091,0.13636363636363635,33.04545454545455,0.5144429160935351,0.15955983493810177,0.08803301237964237,0,0,0,0.9381936967373831,1.3961108805364273,Digital Convenience Shoppers
3007,1966,Graduation,Together,37758.0,1,1,2012-04-10,49,27,2,10,0,0,1,2,1,0,3,8,0,0,0,0,0,0,0,40,6,2,1,48,971,0.16666666666666666,0.5,0.0,0.3333333333333333,6.666666666666667,0.675,0.25,0.025,0,0,1,-2.6805504620180174,0.7388351206874157,Occasional / Low-Engagement
1031,1989,2n Cycle,Married,85710.0,0,0,2013-05-05,5,600,20,350,29,30,33,1,6,9,10,2,0,0,1,0,0,0,0,1062,26,0,0,25,581,0.23076923076923078,0.38461538461538464,0.34615384615384615,0.038461538461538464,40.84615384615385,0.5649717514124294,0.3295668549905838,0.031073446327683617,1,1,3,3.7285312952192364,-0.8093946253475918,High-Value Elite
4297,1969,Graduation,Together,23228.0,1,0,2013-07-02,71,13,2,18,6,1,0,2,2,0,3,8,0,0,0,0,0,0,0,40,7,1,1,45,523,0.2857142857142857,0.42857142857142855,0.0,0.2857142857142857,5.714285714285714,0.325,0.45,0.0,0,0,1,-2.5456528597822805,-0.12942478047490702,Occasional / Low-Engagement
807,1969,Master,Together,44602.0,1,1,2013-07-02,35,167,2,89,0,0,34,6,6,1,4,8,0,0,0,0,0,0,0,292,17,2,1,45,523,0.35294117647058826,0.23529411764705882,0.058823529411764705,0.35294117647058826,17.176470588235293,0.571917808219178,0.3047945205479452,0.11643835616438356,0,0,2,-1.1248669591195601,2.5219969665893185,Deal & Discount Hunters
9553,1987,Graduation,Married,7500.0,0,0,2013-09-01,94,0,2,3,4,1,5,1,0,0,3,6,0,0,0,0,0,0,0,15,4,0,0,27,462,0.0,0.75,0.0,0.25,3.75,0.0,0.2,0.3333333333333333,0,0,1,-2.67412043569526,-1.686014046680146,Occasional / Low-Engagement
4271,1989,2n Cycle,Together,38683.0,1,0,2012-04-10,80,46,35,69,84,41,66,6,4,1,6,7,0,0,0,0,0,0,0,341,17,1,1,25,971,0.23529411764705882,0.35294117647058826,0.058823529411764705,0.35294117647058826,20.058823529411764,0.1348973607038123,0.20234604105571846,0.1935483870967742,0,0,2,-0.6657859002296738,2.2530398978695327,Deal & Discount Hunters
4120,1975,2n Cycle,Single,49514.0,1,0,2013-07-02,61,88,39,78,58,13,93,2,6,1,4,7,0,0,0,0,0,0,0,369,13,1,1,39,523,0.46153846153846156,0.3076923076923077,0.07692307692307693,0.15384615384615385,28.384615384615383,0.23848238482384823,0.21138211382113822,0.25203252032520324,0,0,1,-0.7399036242356188,0.3469760044256268,Occasional / Low-Engagement
2036,1973,PhD,Together,57906.0,0,1,2013-11-06,29,243,11,119,10,3,15,3,4,2,8,4,0,0,0,0,0,0,0,401,17,1,1,41,396,0.23529411764705882,0.47058823529411764,0.11764705882352941,0.17647058823529413,23.58823529411765,0.6059850374064838,0.2967581047381546,0.03740648379052369,0,0,0,0.3453184285491338,0.01110064629788102,Digital Convenience Shoppers
115,1966,Master,Single,43456.0,0,1,2013-07-02,0,275,11,68,25,7,7,3,5,1,8,5,0,0,0,0,0,0,0,393,17,1,1,48,523,0.29411764705882354,0.47058823529411764,0.058823529411764705,0.17647058823529413,23.11764705882353,0.6997455470737913,0.17302798982188294,0.017811704834605598,0,0,0,-0.05508065661405321,0.5522597874251036,Digital Convenience Shoppers
4259,1986,Master,Single,19485.0,2,0,2013-07-02,80,6,0,4,0,0,0,1,1,0,2,7,0,0,0,0,0,0,0,10,4,2,1,28,523,0.25,0.5,0.0,0.25,2.5,0.6,0.4,0.0,0,0,1,-3.2051303114783933,-0.37202719870066375,Occasional / Low-Engagement
8687,1978,Graduation,Together,53172.0,0,1,2013-06-05,54,121,62,90,68,20,125,3,2,3,8,3,0,0,0,0,0,0,0,486,16,1,1,36,550,0.125,0.5,0.1875,0.1875,30.375,0.24897119341563786,0.18518518518518517,0.257201646090535,0,0,0,0.3339056867939723,-0.2513019455840065,Digital Convenience Shoppers
2447,1979,Graduation,Together,30545.0,1,0,2013-07-02,71,4,12,15,19,7,12,2,2,0,3,7,0,0,0,0,0,0,0,69,7,1,1,35,523,0.2857142857142857,0.42857142857142855,0.0,0.2857142857142857,9.857142857142858,0.057971014492753624,0.21739130434782608,0.17391304347826086,0,0,1,-2.2747222844514545,-0.3269736954074268,Occasional / Low-Engagement
10140,1983,PhD,Together,70123.0,0,0,2013-07-02,27,1308,0,396,23,0,0,1,5,7,4,3,0,1,0,0,1,0,0,1727,17,0,0,31,523,0.29411764705882354,0.23529411764705882,0.4117647058823529,0.058823529411764705,101.58823529411765,0.7573827446438911,0.22929936305732485,0.0,2,1,3,2.2530712036413183,-1.356952898178509,High-Value Elite
9353,1959,Graduation,Single,62450.0,0,1,2014-06-01,61,515,47,267,62,66,38,2,5,5,4,3,0,1,0,0,0,0,0,995,16,1,1,55,189,0.3125,0.25,0.3125,0.125,62.1875,0.5175879396984925,0.26834170854271355,0.03819095477386935,1,1,3,0.9218475039891811,-0.8967702556799052,High-Value Elite
3623,1976,Graduation,Together,21675.0,1,0,2014-11-06,55,4,0,16,17,4,4,3,4,0,3,7,0,0,0,0,0,0,0,45,10,1,1,38,31,0.4,0.3,0.0,0.3,4.5,0.08888888888888889,0.35555555555555557,0.08888888888888889,0,0,1,-2.176319036750317,-0.2200241398630982,Occasional / Low-Engagement
738,1981,2n Cycle,Single,42395.0,1,1,2014-04-04,35,48,13,57,24,15,25,4,3,1,4,7,0,0,0,0,0,0,0,182,12,2,1,33,247,0.25,0.3333333333333333,0.08333333333333333,0.3333333333333333,15.166666666666666,0.26373626373626374,0.3131868131868132,0.13736263736263737,0,0,1,-1.7394923971614038,0.7778989631169546,Occasional / Low-Engagement
7631,1978,Master,Together,61346.0,1,0,2013-06-10,34,562,58,168,43,16,142,1,5,7,10,3,0,0,0,0,0,0,0,989,23,1,1,36,545,0.21739130434782608,0.43478260869565216,0.30434782608695654,0.043478260869565216,43.0,0.5682507583417593,0.1698685540950455,0.1435793731041456,0,0,0,2.2731388254546387,-0.2941877516437531,Digital Convenience Shoppers
4789,1953,Graduation,Together,80812.0,0,0,2013-07-02,95,769,22,500,210,143,33,1,4,8,5,2,1,0,1,1,0,0,0,1677,18,0,0,61,523,0.2222222222222222,0.2777777777777778,0.4444444444444444,0.05555555555555555,93.16666666666667,0.45855694692904,0.2981514609421586,0.01967799642218247,3,1,3,2.7402124258545046,-1.6476992807222768,High-Value Elite
773,1971,Master,Divorced,42835.0,1,1,2013-07-02,64,379,4,93,12,9,98,7,6,6,4,6,0,0,0,0,0,0,0,595,23,2,1,43,523,0.2608695652173913,0.17391304347826086,0.2608695652173913,0.30434782608695654,25.869565217391305,0.6369747899159663,0.15630252100840336,0.16470588235294117,0,0,2,0.26069067291718406,2.677131656120104,Deal & Discount Hunters
10602,1983,Graduation,Married,39922.0,1,0,2013-07-02,30,29,12,59,19,1,36,2,3,0,4,8,0,0,0,0,0,0,0,156,9,1,1,31,523,0.3333333333333333,0.4444444444444444,0.0,0.2222222222222222,17.333333333333332,0.1858974358974359,0.3782051282051282,0.23076923076923078,0,0,1,-1.8419792329782,0.04108447451616608,Occasional / Low-Engagement
1446,1956,Master,Single,86424.0,0,0,2014-05-04,12,387,68,569,89,45,68,1,6,9,12,1,0,0,0,0,0,0,0,1226,28,0,0,58,217,0.21428571428571427,0.42857142857142855,0.32142857142857145,0.03571428571428571,43.785714285714285,0.31566068515497553,0.4641109298531811,0.05546492659053834,0,0,3,4.2476836929396775,-1.3123064163325455,High-Value Elite
3270,1978,2n Cycle,Together,17117.0,1,0,2013-07-02,96,12,23,38,30,18,7,4,3,1,3,9,0,0,0,0,0,0,0,128,11,1,1,36,523,0.2727272727272727,0.2727272727272727,0.09090909090909091,0.36363636363636365,11.636363636363637,0.09375,0.296875,0.0546875,0,0,1,-2.2692303354103105,0.9784925795508136,Occasional / Low-Engagement
8443,1972,Graduation,Single,24762.0,1,0,2014-10-02,16,6,10,12,3,15,40,3,3,1,2,8,1,0,0,0,0,0,1,86,9,1,1,42,66,0.3333333333333333,0.2222222222222222,0.1111111111111111,0.3333333333333333,9.555555555555555,0.06976744186046512,0.13953488372093023,0.46511627906976744,1,1,1,-2.349369616855382,-0.23414510871129737,Occasional / Low-Engagement
9653,1975,Graduation,Married,35797.0,0,1,2013-07-02,16,27,1,14,4,1,21,2,2,0,3,8,0,0,0,0,0,0,0,68,7,1,1,39,523,0.2857142857142857,0.42857142857142855,0.0,0.2857142857142857,9.714285714285714,0.39705882352941174,0.20588235294117646,0.3088235294117647,0,0,1,-2.306184885475603,-0.17471391817132476,Occasional / Low-Engagement
8916,1975,Graduation,Divorced,36627.0,2,0,2013-07-02,78,9,1,5,0,0,1,1,0,0,3,5,0,0,0,0,0,0,0,16,4,2,1,39,523,0.0,0.75,0.0,0.25,4.0,0.5625,0.3125,0.0625,0,0,1,-2.6432397799405902,-0.8691211792819554,Occasional / Low-Engagement
8017,1981,2n Cycle,Married,51111.0,1,1,2013-07-02,83,22,0,19,6,5,3,2,2,0,3,6,0,0,0,0,0,0,0,55,7,2,1,33,523,0.2857142857142857,0.42857142857142855,0.0,0.2857142857142857,7.857142857142857,0.4,0.34545454545454546,0.05454545454545454,0,0,1,-2.1015207167232313,-0.07001828351177654,Occasional / Low-Engagement
5830,1972,PhD,Single,86857.0,0,0,2012-12-09,96,899,102,838,133,102,40,1,5,6,10,2,0,0,0,0,0,0,1,2114,22,0,0,42,728,0.22727272727272727,0.45454545454545453,0.2727272727272727,0.045454545454545456,96.0909090909091,0.4252601702932829,0.39640491958372753,0.01892147587511826,0,0,3,3.8133666356775318,-0.9471928975773941,High-Value Elite
4597,1970,PhD,Together,82072.0,0,0,2013-02-07,67,889,55,685,168,92,129,1,3,2,13,1,0,0,0,0,0,0,0,2018,19,0,0,44,668,0.15789473684210525,0.6842105263157895,0.10526315789473684,0.05263157894736842,106.21052631578948,0.4405351833498513,0.33944499504459863,0.0639246778989098,0,0,3,3.2095462581212604,-1.3753590473246173,High-Value Elite
7023,1953,PhD,Single,46231.0,2,1,2013-07-02,87,189,2,55,0,5,12,4,6,1,4,9,0,0,0,0,0,0,0,263,15,3,1,61,523,0.4,0.26666666666666666,0.06666666666666667,0.26666666666666666,17.533333333333335,0.7186311787072244,0.20912547528517111,0.045627376425855515,0,0,2,-1.6320732505065927,2.448816547434429,Deal & Discount Hunters
8086,1959,Graduation,Married,42243.0,1,1,2013-11-12,34,48,0,2,0,0,5,2,2,0,3,7,0,0,0,0,0,0,0,55,7,2,1,55,390,0.2857142857142857,0.42857142857142855,0.0,0.2857142857142857,7.857142857142857,0.8727272727272727,0.03636363636363636,0.09090909090909091,0,0,1,-2.4130735527095553,-0.02962776166292638,Occasional / Low-Engagement
8825,1962,Graduation,Together,51195.0,1,1,2013-01-04,46,230,14,156,82,24,58,8,9,2,5,8,0,0,0,0,0,0,0,564,24,2,1,52,702,0.375,0.20833333333333334,0.08333333333333333,0.3333333333333333,23.5,0.4078014184397163,0.2765957446808511,0.10283687943262411,0,0,2,0.13682107444230354,4.045695856514865,Deal & Discount Hunters
2930,1978,Master,Single,68092.0,0,0,2013-07-02,7,852,60,207,78,36,48,2,2,6,10,5,0,0,0,0,0,0,0,1281,20,0,0,36,523,0.1,0.5,0.3,0.1,64.05,0.6651053864168618,0.16159250585480095,0.03747072599531616,0,0,3,2.0672276682203456,-0.7125271101595316,High-Value Elite
1928,1973,Graduation,Married,31814.0,1,0,2013-09-02,73,35,3,20,4,1,20,2,2,0,3,9,1,0,0,0,0,0,0,83,7,1,1,41,461,0.2857142857142857,0.42857142857142855,0.0,0.2857142857142857,11.857142857142858,0.42168674698795183,0.24096385542168675,0.24096385542168675,1,1,1,-2.483278677241294,-0.08716969643349809,Occasional / Low-Engagement
7108,1965,Master,Widow,51390.0,1,1,2012-08-09,54,205,20,47,23,2,56,6,5,2,5,5,0,0,0,0,0,0,0,353,18,2,1,49,850,0.2777777777777778,0.2777777777777778,0.1111111111111111,0.3333333333333333,19.61111111111111,0.5807365439093485,0.13314447592067988,0.15864022662889518,0,0,2,-0.35739273917451164,2.3508662006409224,Deal & Discount Hunters
10925,1983,Graduation,Married,76630.0,0,0,2013-07-02,93,255,31,446,40,56,175,1,3,10,11,1,0,0,0,0,0,0,0,1003,25,0,0,31,523,0.12,0.44,0.4,0.04,40.12,0.2542372881355932,0.44466600199401796,0.1744765702891326,0,0,3,3.5259343865839314,-1.4280487580463048,High-Value Elite
9960,1991,Basic,Single,26868.0,1,0,2013-07-02,52,0,0,1,8,3,2,1,1,0,2,7,0,0,0,0,0,0,0,14,4,1,1,23,523,0.25,0.5,0.0,0.25,3.5,0.0,0.07142857142857142,0.14285714285714285,0,0,1,-2.75758930211332,-0.9121452297225281,Occasional / Low-Engagement
8800,1943,PhD,Divorced,48948.0,0,0,2013-01-02,53,437,8,206,160,49,42,2,7,10,5,6,1,0,0,0,0,0,1,902,24,0,0,71,704,0.2916666666666667,0.20833333333333334,0.4166666666666667,0.08333333333333333,37.583333333333336,0.4844789356984479,0.22838137472283815,0.04656319290465632,1,1,0,2.060187623533271,0.35763339515792575,Digital Convenience Shoppers
9224,1972,PhD,Single,55260.0,0,1,2012-12-12,81,825,8,53,11,0,242,2,8,10,5,6,0,0,0,0,0,0,0,1139,25,1,1,42,725,0.32,0.2,0.4,0.08,45.56,0.7243195785776997,0.046532045654082525,0.21246707638279191,0,0,0,2.192643239403091,1.019313552135285,Digital Convenience Shoppers
5519,1956,Graduation,Together,64090.0,0,1,2013-07-08,8,316,58,161,76,51,135,1,6,9,4,5,0,0,0,0,0,0,1,797,20,1,1,58,517,0.3,0.2,0.45,0.05,39.85,0.39648682559598497,0.20200752823086573,0.16938519447929737,0,0,0,1.47043174601209,-0.22203322974379855,Digital Convenience Shoppers
5046,1958,Graduation,Divorced,78331.0,0,1,2013-07-02,97,756,138,354,160,169,61,2,10,6,7,4,0,0,0,0,0,0,0,1638,25,1,1,56,523,0.4,0.28,0.24,0.08,65.52,0.46153846153846156,0.21611721611721613,0.03724053724053724,0,0,0,3.07769950376111,0.6757133279157705,Digital Convenience Shoppers
7037,1974,PhD,Married,37087.0,1,0,2013-11-08,50,194,55,134,15,0,3,3,4,2,8,6,0,0,0,0,0,0,0,401,17,1,1,40,394,0.23529411764705882,0.47058823529411764,0.11764705882352941,0.17647058823529413,23.58823529411765,0.4837905236907731,0.3341645885286783,0.007481296758104738,0,0,2,-0.26618397566831176,0.4232396128742583,Deal & Discount Hunters
905,1986,Graduation,Divorced,21846.0,1,0,2013-07-02,38,7,17,18,6,10,26,4,4,0,3,8,0,0,0,0,0,0,0,84,11,1,1,28,523,0.36363636363636365,0.2727272727272727,0.0,0.36363636363636365,7.636363636363637,0.08333333333333333,0.21428571428571427,0.30952380952380953,0,0,1,-2.136181516533044,0.9507227881360458,Occasional / Low-Engagement
8624,1958,Graduation,Married,81320.0,0,0,2013-06-02,61,183,33,493,59,103,57,1,4,3,10,2,0,0,0,0,0,0,0,928,18,0,0,56,553,0.2222222222222222,0.5555555555555556,0.16666666666666666,0.05555555555555555,51.55555555555556,0.19719827586206898,0.53125,0.061422413793103446,0,0,3,2.142709446004785,-1.3240612012749506,High-Value Elite
8945,1970,Graduation,Divorced,54137.0,0,1,2013-07-02,46,171,0,11,0,1,20,2,4,1,4,6,0,0,0,0,0,0,0,203,11,1,1,44,523,0.36363636363636365,0.36363636363636365,0.09090909090909091,0.18181818181818182,18.454545454545453,0.8423645320197044,0.054187192118226604,0.09852216748768473,0,0,1,-0.9709505729083543,-0.16079825741198264,Occasional / Low-Engagement
6445,1967,Graduation,Together,66825.0,0,0,2013-07-02,73,243,101,405,29,40,40,1,4,5,6,2,0,0,0,0,0,0,0,858,16,0,0,47,523,0.25,0.375,0.3125,0.0625,53.625,0.28321678321678323,0.47202797202797203,0.046620046620046623,0,0,3,1.5240889579344437,-1.5407649914652346,High-Value Elite
2727,1973,Graduation,Together,57100.0,0,0,2013-04-12,19,181,21,69,39,3,96,1,3,3,6,3,0,0,0,0,0,0,0,409,13,0,0,41,604,0.23076923076923078,0.46153846153846156,0.23076923076923078,0.07692307692307693,31.46153846153846,0.44254278728606355,0.1687041564792176,0.23471882640586797,0,0,3,0.3938782068419115,-1.4129214981314648,High-Value Elite
6404,1969,Graduation,Together,58917.0,1,2,2013-07-02,10,151,7,89,0,7,28,5,4,1,6,5,0,0,0,0,0,0,0,282,16,3,1,45,523,0.25,0.375,0.0625,0.3125,17.625,0.5354609929078015,0.31560283687943264,0.09929078014184398,0,0,2,-0.8681359591841818,1.9320240458142628,Deal & Discount Hunters
11074,1977,Graduation,Single,85072.0,0,0,2014-09-04,94,494,92,391,194,11,241,1,3,4,10,0,0,0,0,0,0,0,0,1423,18,0,0,37,94,0.16666666666666666,0.5555555555555556,0.2222222222222222,0.05555555555555555,79.05555555555556,0.3471539002108222,0.2747716092761771,0.16936050597329586,0,0,3,2.7461980865571243,-2.4408702745391087,High-Value Elite
10150,1961,Graduation,Single,86429.0,0,0,2013-07-02,10,464,28,873,29,18,37,0,7,4,7,2,0,0,0,1,0,0,1,1449,18,0,0,53,523,0.3888888888888889,0.3888888888888889,0.2222222222222222,0.0,80.5,0.3202208419599724,0.6024844720496895,0.025534851621808144,1,1,3,2.687218154888541,-1.4612453605406028,High-Value Elite
1968,1971,Graduation,Widow,45684.0,1,0,2013-02-12,37,5,1,5,10,0,7,1,1,0,2,7,0,0,0,0,0,0,0,28,4,1,1,43,663,0.25,0.5,0.0,0.25,7.0,0.17857142857142858,0.17857142857142858,0.25,0,0,1,-2.3812944458358305,-0.8108230413652487,Occasional / Low-Engagement
6534,1974,Graduation,Together,47889.0,1,0,2014-04-01,94,29,0,29,0,5,4,1,2,0,3,5,0,0,0,0,0,0,0,67,6,1,1,40,250,0.3333333333333333,0.5,0.0,0.16666666666666666,11.166666666666666,0.43283582089552236,0.43283582089552236,0.05970149253731343,0,0,1,-1.813236842883041,-1.4573124936593118,Occasional / Low-Engagement
9485,1986,PhD,Married,45921.0,0,0,2014-10-03,23,102,9,49,24,3,12,1,2,1,6,4,0,0,0,0,0,0,0,199,10,0,0,28,65,0.2,0.6,0.1,0.1,19.9,0.5125628140703518,0.24623115577889448,0.06030150753768844,0,0,1,-0.6867567102129261,-2.1104044988836934,Occasional / Low-Engagement
7053,1966,PhD,Single,78420.0,0,0,2013-07-02,75,604,28,674,91,28,28,1,3,10,8,1,0,0,0,0,0,0,0,1453,22,0,0,48,523,0.13636363636363635,0.36363636363636365,0.45454545454545453,0.045454545454545456,66.04545454545455,0.41569167240192706,0.4638678596008259,0.019270474879559532,0,0,3,3.3656548031561178,-1.6783465612243602,High-Value Elite
4654,1992,Graduation,Together,75114.0,0,0,2013-07-11,40,571,12,523,63,60,24,1,3,10,5,2,0,0,0,0,0,0,0,1253,19,0,0,22,514,0.15789473684210525,0.2631578947368421,0.5263157894736842,0.05263157894736842,65.94736842105263,0.45570630486831604,0.41739824421388666,0.019154030327214685,0,0,3,2.5394175467848705,-1.7148271097121626,High-Value Elite
9760,1963,PhD,Widow,52278.0,0,1,2013-07-02,24,953,0,71,0,0,174,6,10,5,10,8,0,0,0,0,0,0,1,1198,31,1,1,51,523,0.3225806451612903,0.3225806451612903,0.16129032258064516,0.1935483870967742,38.645161290322584,0.7954924874791319,0.05926544240400668,0.14524207011686144,0,0,0,2.325545341749909,3.1471400759126,Digital Convenience Shoppers
1048,1972,Master,Married,35641.0,1,0,2013-07-02,11,63,3,67,8,9,28,2,3,1,4,7,0,0,0,0,0,0,1,178,10,1,1,42,523,0.3,0.4,0.1,0.2,17.8,0.3539325842696629,0.37640449438202245,0.15730337078651685,0,0,1,-1.609450891887384,-0.07458333809002833,Occasional / Low-Engagement
10619,1994,Graduation,Single,95529.0,0,0,2012-03-12,29,770,29,890,250,27,24,1,7,3,7,3,0,0,1,0,0,0,1,1990,18,0,0,20,1000,0.3888888888888889,0.3888888888888889,0.16666666666666666,0.05555555555555555,110.55555555555556,0.3869346733668342,0.4472361809045226,0.012060301507537688,1,1,3,3.0611632096974395,-0.4109474693682578,High-Value Elite
9308,1954,Graduation,Married,62820.0,0,0,2013-11-05,51,398,61,265,138,61,53,1,3,4,6,1,0,0,0,0,0,0,0,976,14,0,0,60,397,0.21428571428571427,0.42857142857142855,0.2857142857142857,0.07142857142857142,69.71428571428571,0.4077868852459016,0.27151639344262296,0.05430327868852459,0,0,3,1.2816508363418149,-2.046468932398243,High-Value Elite
10505,1960,Master,Together,73113.0,0,0,2013-07-02,86,741,19,154,50,9,28,1,3,4,7,2,0,0,0,0,0,0,0,1001,15,0,0,54,523,0.2,0.4666666666666667,0.26666666666666666,0.06666666666666667,66.73333333333333,0.7402597402597403,0.15384615384615385,0.027972027972027972,0,0,3,1.5680380196065955,-1.69956403689059,High-Value Elite
8362,1982,PhD,Married,84169.0,0,0,2013-07-08,9,1478,19,403,0,19,0,1,7,6,6,3,0,1,1,0,0,0,1,1919,20,0,0,32,517,0.35,0.3,0.3,0.05,95.95,0.7701928087545596,0.21000521104742054,0.0,2,1,3,3.104494546527801,-0.9759391180303355,High-Value Elite
2625,1954,2n Cycle,Single,42607.0,0,1,2013-07-02,30,156,29,56,30,32,47,2,3,2,7,3,0,0,0,0,0,0,0,350,14,1,1,60,523,0.21428571428571427,0.5,0.14285714285714285,0.14285714285714285,25.0,0.44571428571428573,0.16,0.13428571428571429,0,0,1,-0.20795848711782042,-0.525695050671692,Occasional / Low-Engagement
4637,1954,PhD,Single,74637.0,0,0,2013-07-02,73,960,64,464,146,0,16,1,6,9,9,3,0,0,0,1,0,0,0,1650,25,0,0,60,523,0.24,0.36,0.36,0.04,66.0,0.5818181818181818,0.2812121212121212,0.009696969696969697,1,1,3,3.6540979038723167,-0.7930100757859074,High-Value Elite
9972,1955,PhD,Together,46015.0,1,1,2013-07-02,25,38,0,2,0,0,6,1,1,0,3,7,1,0,0,0,1,0,0,46,5,2,1,59,523,0.2,0.6,0.0,0.2,9.2,0.8260869565217391,0.043478260869565216,0.13043478260869565,2,1,1,-2.5355705890460265,-0.4056254967397796,Occasional / Low-Engagement
4483,1993,Graduation,Single,72354.0,0,0,2013-07-02,67,315,26,473,220,12,182,1,2,10,6,1,0,0,0,0,0,0,0,1228,19,0,0,21,523,0.10526315789473684,0.3157894736842105,0.5263157894736842,0.05263157894736842,64.63157894736842,0.25651465798045603,0.38517915309446255,0.1482084690553746,0,0,3,2.604644016142623,-1.9531591649690085,High-Value Elite
4487,1969,Master,Single,39858.0,1,0,2013-07-02,67,15,20,25,2,7,26,1,2,0,4,6,0,0,0,0,0,0,1,95,7,1,1,45,523,0.2857142857142857,0.5714285714285714,0.0,0.14285714285714285,13.571428571428571,0.15789473684210525,0.2631578947368421,0.2736842105263158,0,0,1,-1.8514537573175205,-0.8251363340885547,Occasional / Low-Engagement
4988,1948,PhD,Married,34469.0,1,1,2014-04-05,58,19,6,20,0,5,12,3,1,1,4,4,0,0,0,0,0,0,0,62,9,2,1,66,246,0.1111111111111111,0.4444444444444444,0.1111111111111111,0.3333333333333333,6.888888888888889,0.3064516129032258,0.3225806451612903,0.1935483870967742,0,0,1,-1.9788946369262104,-0.3802747491860243,Occasional / Low-Engagement
8931,1986,Graduation,Together,83033.0,1,0,2013-07-02,82,812,99,431,237,149,33,1,11,4,10,5,0,0,0,1,0,0,0,1761,26,1,1,28,523,0.4230769230769231,0.38461538461538464,0.15384615384615385,0.038461538461538464,67.73076923076923,0.4611016467915957,0.2447473026689381,0.018739352640545145,1,1,0,3.3720289314039804,0.7855845942223723,Digital Convenience Shoppers
5871,1979,Master,Together,24401.0,0,0,2013-07-02,98,73,28,217,10,24,115,3,6,1,6,8,0,0,0,0,0,0,0,467,16,0,0,35,523,0.375,0.375,0.0625,0.1875,29.1875,0.15631691648822268,0.46466809421841543,0.2462526766595289,0,0,1,-0.5450428711800488,0.6093097803223596,Occasional / Low-Engagement
2008,1978,Graduation,Married,77583.0,0,0,2014-10-02,93,372,23,384,250,12,108,1,4,5,9,2,0,0,0,1,0,0,0,1149,19,0,0,36,66,0.21052631578947367,0.47368421052631576,0.2631578947368421,0.05263157894736842,60.473684210526315,0.3237597911227154,0.3342036553524804,0.09399477806788512,1,1,3,2.3552464869997958,-1.9813158711136132,High-Value Elite
3139,1982,2n Cycle,Single,74116.0,0,0,2013-07-02,53,871,111,704,145,55,166,1,4,4,10,2,0,1,0,0,0,0,0,2052,19,0,0,32,523,0.21052631578947367,0.5263157894736842,0.21052631578947367,0.05263157894736842,108.0,0.4244639376218324,0.34307992202729043,0.08089668615984405,1,1,3,2.9674614510141546,-1.3651456572418812,High-Value Elite
10037,1993,Graduation,Single,74293.0,0,0,2014-04-05,66,375,152,335,93,91,81,1,5,4,6,2,0,0,0,0,0,0,0,1127,16,0,0,21,246,0.3125,0.375,0.25,0.0625,70.4375,0.33274179236912155,0.2972493345164153,0.07187222715173026,0,0,3,1.7741708393373063,-1.8053534566977403,High-Value Elite
10673,1976,PhD,Married,68397.0,0,1,2013-07-02,6,760,80,466,17,13,80,1,6,9,5,3,0,0,0,0,0,0,0,1416,21,1,1,38,523,0.2857142857142857,0.23809523809523808,0.42857142857142855,0.047619047619047616,67.42857142857143,0.536723163841808,0.3290960451977401,0.05649717514124294,0,0,3,2.379028549167523,-0.5202592457736226,High-Value Elite
5303,1974,PhD,Together,79632.0,0,0,2014-08-04,42,471,0,510,99,21,12,1,6,4,9,2,0,0,0,0,0,0,0,1113,20,0,0,40,125,0.3,0.45,0.2,0.05,55.65,0.42318059299191374,0.4582210242587601,0.01078167115902965,0,0,3,2.496581985990798,-1.590816502884377,High-Value Elite
538,1989,Graduation,Single,46107.0,1,0,2014-10-02,78,31,9,27,16,9,33,1,1,1,4,3,0,0,0,0,0,0,0,125,7,1,1,25,66,0.14285714285714285,0.5714285714285714,0.14285714285714285,0.14285714285714285,17.857142857142858,0.248,0.216,0.264,0,0,1,-1.4129569516922065,-2.0837110585886163,Occasional / Low-Engagement
7922,1951,PhD,Single,64950.0,0,1,2012-12-08,29,819,0,72,12,0,63,2,11,2,10,7,0,1,0,0,0,0,0,966,25,1,1,63,729,0.44,0.4,0.08,0.08,38.64,0.8478260869565217,0.07453416149068323,0.06521739130434782,1,1,0,1.958147973212349,1.8300116909989237,Digital Convenience Shoppers
5692,1989,Basic,Married,25443.0,1,0,2013-07-02,82,1,4,3,8,9,7,1,1,0,3,8,0,0,0,0,0,0,0,32,5,1,1,25,523,0.2,0.6,0.0,0.2,6.4,0.03125,0.09375,0.21875,0,0,1,-2.7137476584401283,-0.6758237455484556,Occasional / Low-Engagement
4843,1952,Graduation,Single,75127.0,0,0,2013-07-02,92,203,35,305,46,17,227,1,2,11,5,1,0,0,0,0,0,0,0,833,19,0,0,62,523,0.10526315789473684,0.2631578947368421,0.5789473684210527,0.05263157894736842,43.8421052631579,0.24369747899159663,0.36614645858343337,0.2725090036014406,0,0,3,2.4039267749985647,-1.9967468359277936,High-Value Elite
6383,1971,PhD,Together,32892.0,1,0,2013-07-02,78,26,0,15,2,1,2,2,3,0,3,8,0,0,0,0,0,0,0,46,8,1,1,43,523,0.375,0.375,0.0,0.25,5.75,0.5652173913043478,0.32608695652173914,0.043478260869565216,0,0,1,-2.2049758490681324,-0.005935063202247691,Occasional / Low-Engagement
1628,1971,Graduation,Together,71796.0,0,0,2013-07-02,54,354,21,311,167,75,32,1,9,3,4,4,0,0,0,0,0,0,0,960,17,0,0,43,523,0.5294117647058824,0.23529411764705882,0.17647058823529413,0.058823529411764705,56.470588235294116,0.36875,0.32395833333333335,0.03333333333333333,0,0,0,1.5322871024342422,-0.5968449790007135,Digital Convenience Shoppers
1204,1970,PhD,Married,67536.0,0,1,2013-07-02,45,1253,0,447,23,71,35,3,11,5,11,8,0,0,0,1,0,0,0,1829,30,1,1,44,523,0.36666666666666664,0.36666666666666664,0.16666666666666666,0.1,60.96666666666667,0.6850738108255877,0.24439584472389284,0.01913613996719519,1,1,0,3.226902922598299,2.182422487138981,Digital Convenience Shoppers
3673,1971,Graduation,Single,55239.0,0,1,2013-07-02,59,371,17,238,23,24,106,3,7,5,11,5,0,0,0,0,0,0,0,779,26,1,1,43,523,0.2692307692307692,0.4230769230769231,0.19230769230769232,0.11538461538461539,29.96153846153846,0.4762516046213094,0.3055198973042362,0.13607188703465983,0,0,0,1.9948092972382268,1.1285060575173442,Digital Convenience Shoppers
760,1975,PhD,Divorced,60554.0,1,0,2013-09-08,8,588,7,76,110,15,15,2,8,4,9,6,0,0,0,0,0,0,0,811,23,1,1,39,455,0.34782608695652173,0.391304347826087,0.17391304347826086,0.08695652173913043,35.26086956521739,0.7250308261405672,0.093711467324291,0.018495684340320593,0,0,0,1.5665688647938227,0.8169500241790413,Digital Convenience Shoppers
8957,1952,2n Cycle,Single,64831.0,1,1,2013-10-06,51,480,86,249,75,86,144,8,6,3,5,6,0,0,0,0,0,0,0,1120,22,2,1,62,427,0.2727272727272727,0.22727272727272727,0.13636363636363635,0.36363636363636365,50.90909090909091,0.42857142857142855,0.22232142857142856,0.12857142857142856,0,0,2,0.6752174251959868,2.7910338807950215,Deal & Discount Hunters
4128,1962,PhD,Together,56067.0,0,1,2013-07-02,51,517,12,54,16,6,120,2,7,4,7,5,0,0,0,0,0,0,0,725,20,1,1,52,523,0.35,0.35,0.2,0.1,36.25,0.713103448275862,0.07448275862068965,0.16551724137931034,0,0,0,1.0689818759521148,0.441375547622525,Digital Convenience Shoppers
6810,1983,Graduation,Divorced,82025.0,0,0,2013-07-02,76,267,98,606,48,70,98,1,3,2,6,1,0,0,1,0,0,0,1,1187,12,0,0,31,523,0.25,0.5,0.16666666666666666,0.08333333333333333,98.91666666666667,0.22493681550126368,0.510530749789385,0.08256107834877843,1,1,3,1.439519068972748,-2.03679730953647,High-Value Elite
5386,1953,Graduation,Together,94384.0,0,0,2013-04-03,62,1111,24,790,160,45,172,0,5,8,5,2,0,1,1,1,0,0,1,2302,18,0,0,61,613,0.2777777777777778,0.2777777777777778,0.4444444444444444,0.0,127.88888888888889,0.4826238053866203,0.34317984361424847,0.07471763683753258,3,1,3,3.539982832496912,-1.8165545928030564,High-Value Elite
8700,1986,Basic,Single,14906.0,0,0,2013-07-02,86,7,7,14,7,16,15,3,2,1,3,7,0,0,0,0,0,0,0,66,9,0,0,28,523,0.2222222222222222,0.3333333333333333,0.1111111111111111,0.3333333333333333,7.333333333333333,0.10606060606060606,0.21212121212121213,0.22727272727272727,0,0,1,-2.0142824825707555,-0.3813719122852534,Occasional / Low-Engagement
3202,1987,PhD,Married,51563.0,0,0,2012-01-10,60,1166,0,48,0,0,36,1,4,4,10,8,0,1,1,0,0,0,0,1250,19,0,0,27,1062,0.21052631578947367,0.5263157894736842,0.21052631578947367,0.05263157894736842,65.78947368421052,0.9328,0.0384,0.0288,2,1,0,1.3894843284051954,0.45965322135448566,Digital Convenience Shoppers
1328,1982,2n Cycle,Married,57937.0,0,1,2013-07-02,56,261,42,144,55,48,133,3,4,4,9,3,0,0,0,0,0,0,0,683,20,1,1,32,523,0.2,0.45,0.2,0.15,34.15,0.3821376281112738,0.2108345534407028,0.19472913616398244,0,0,0,1.2197223321378619,0.11733602884046694,Digital Convenience Shoppers
8405,1979,Graduation,Divorced,68274.0,1,1,2013-07-02,83,135,25,51,23,25,46,2,4,2,5,3,0,0,0,0,0,0,0,305,13,2,1,35,523,0.3076923076923077,0.38461538461538464,0.15384615384615385,0.15384615384615385,23.46153846153846,0.4426229508196721,0.16721311475409836,0.15081967213114755,0,0,1,-0.2471045006398594,-0.11440463290188387,Occasional / Low-Engagement
6515,1977,Graduation,Together,39771.0,1,0,2013-06-12,92,6,2,18,2,8,14,1,2,0,3,4,0,0,0,0,0,0,0,50,6,1,1,37,543,0.3333333333333333,0.5,0.0,0.16666666666666666,8.333333333333334,0.12,0.36,0.28,0,0,1,-1.8110518527847301,-1.202703416582615,Occasional / Low-Engagement
2882,1975,2n Cycle,Divorced,67893.0,0,1,2012-01-10,31,711,28,142,49,18,47,2,3,2,9,8,0,0,0,0,0,0,0,995,16,1,1,39,1062,0.1875,0.5625,0.125,0.125,62.1875,0.714572864321608,0.14271356783919598,0.04723618090452261,0,0,0,0.5489432187683928,0.9934598486380256,Digital Convenience Shoppers
7574,1979,PhD,Together,27922.0,1,0,2014-10-05,80,11,0,13,2,4,11,1,2,0,3,4,0,0,0,0,0,0,0,41,6,1,1,35,63,0.3333333333333333,0.5,0.0,0.16666666666666666,6.833333333333333,0.2682926829268293,0.3170731707317073,0.2682926829268293,0,0,1,-2.116946967425529,-1.7713905654939237,Occasional / Low-Engagement
6387,1976,PhD,Together,52190.0,1,1,2014-08-05,39,42,0,17,0,0,18,3,2,1,3,5,1,0,0,0,0,0,0,77,9,2,1,38,124,0.2222222222222222,0.3333333333333333,0.1111111111111111,0.3333333333333333,8.555555555555555,0.5454545454545454,0.22077922077922077,0.23376623376623376,1,1,1,-1.7921748291360957,-0.35616649552139534,Occasional / Low-Engagement
5320,1973,Master,Divorced,44051.0,1,1,2013-07-02,20,79,7,58,6,3,18,4,3,1,4,6,0,0,0,0,0,0,1,171,12,2,1,41,523,0.25,0.3333333333333333,0.08333333333333333,0.3333333333333333,14.25,0.4619883040935672,0.3391812865497076,0.10526315789473684,0,0,1,-1.5585407393453383,0.9696634674348744,Occasional / Low-Engagement
5048,1971,PhD,Single,42767.0,2,0,2013-11-05,53,20,6,43,19,5,38,1,3,1,2,8,0,0,0,0,0,0,0,131,7,2,1,43,397,0.42857142857142855,0.2857142857142857,0.14285714285714285,0.14285714285714285,18.714285714285715,0.15267175572519084,0.3282442748091603,0.2900763358778626,0,0,1,-2.336331453378511,-0.11378012362575621,Occasional / Low-Engagement
8146,1976,Master,Together,46106.0,1,1,2014-11-05,84,30,0,8,2,0,14,1,1,1,2,6,0,0,0,0,0,0,0,54,5,2,1,38,32,0.2,0.4,0.2,0.2,10.8,0.5555555555555556,0.14814814814814814,0.25925925925925924,0,0,1,-2.463498216119338,-1.2688564895585586,Occasional / Low-Engagement
10031,1976,PhD,Married,16927.0,1,1,2013-10-02,50,20,2,23,3,1,4,5,3,0,4,8,0,0,0,0,0,0,0,53,12,2,1,38,431,0.25,0.3333333333333333,0.0,0.4166666666666667,4.416666666666667,0.37735849056603776,0.4339622641509434,0.07547169811320754,0,0,1,-2.516443205197714,1.6376967172753167,Occasional / Low-Engagement
5748,1965,Graduation,Married,59754.0,0,1,2012-01-12,96,115,27,44,4,146,139,3,5,2,6,5,0,0,0,0,0,0,1,475,16,1,1,49,1060,0.3125,0.375,0.125,0.1875,29.6875,0.24210526315789474,0.09263157894736843,0.2926315789473684,0,0,0,0.2602844884271158,1.0318395089132408,Digital Convenience Shoppers
2134,1952,Graduation,Single,53700.0,0,1,2013-07-02,94,263,5,233,69,41,83,4,5,5,8,5,0,0,0,0,0,0,0,694,22,1,1,62,523,0.22727272727272727,0.36363636363636365,0.22727272727272727,0.18181818181818182,31.545454545454547,0.37896253602305474,0.3357348703170029,0.11959654178674352,0,0,0,1.1480448916857773,0.9415386767816344,Digital Convenience Shoppers
1523,1973,Graduation,Married,59041.0,1,1,2014-07-05,25,69,2,15,2,2,6,2,2,0,4,5,0,0,0,0,0,0,0,96,8,2,1,41,155,0.25,0.5,0.0,0.25,12.0,0.71875,0.15625,0.0625,0,0,1,-1.716336489885075,-0.6631502436703212,Occasional / Low-Engagement
9665,1957,PhD,Divorced,54237.0,0,1,2013-07-02,48,267,3,30,4,0,57,4,5,2,5,6,0,0,0,0,0,0,0,361,16,1,1,57,523,0.3125,0.3125,0.125,0.25,22.5625,0.739612188365651,0.08310249307479224,0.15789473684210525,0,0,2,-0.2531489527238191,0.8309778731373849,Deal & Discount Hunters
4640,1967,Graduation,Divorced,70647.0,0,1,2013-07-02,65,561,85,171,25,123,114,2,4,7,13,2,0,0,0,0,0,0,0,1079,26,1,1,47,523,0.15384615384615385,0.5,0.2692307692307692,0.07692307692307693,41.5,0.5199258572752549,0.15848007414272475,0.1056533827618165,0,0,3,3.019441884249558,-0.11899119302895163,High-Value Elite
3635,1962,PhD,Single,52597.0,0,1,2014-07-05,69,492,0,37,7,0,42,3,6,3,8,5,0,0,0,0,0,0,0,578,20,1,1,52,155,0.3,0.4,0.15,0.15,28.9,0.8512110726643599,0.06401384083044982,0.0726643598615917,0,0,0,0.7213156681441061,0.22872855203324113,Digital Convenience Shoppers
3547,1969,Master,Together,41021.0,1,0,2013-07-02,12,14,7,9,6,16,12,2,2,0,3,6,0,0,0,0,0,0,1,64,7,1,1,45,523,0.2857142857142857,0.42857142857142855,0.0,0.2857142857142857,9.142857142857142,0.21875,0.140625,0.1875,0,0,1,-1.981615594180189,-0.523953536966163,Occasional / Low-Engagement
2456,1975,PhD,Married,40233.0,0,1,2013-07-02,84,80,4,46,0,17,2,5,2,1,5,6,0,0,0,0,0,0,0,149,13,1,1,39,523,0.15384615384615385,0.38461538461538464,0.07692307692307693,0.38461538461538464,11.461538461538462,0.5369127516778524,0.3087248322147651,0.013422818791946308,0,0,1,-1.2569872933441064,0.7331903963043823,Occasional / Low-Engagement
5633,1980,Graduation,Married,50183.0,1,1,2013-07-02,47,97,12,84,13,10,15,7,3,1,6,5,0,0,0,0,0,0,0,231,17,2,1,34,523,0.17647058823529413,0.35294117647058826,0.058823529411764705,0.4117647058823529,13.588235294117647,0.4199134199134199,0.36363636363636365,0.06493506493506493,0,0,2,-0.8014834274083127,2.017483155845313,Deal & Discount Hunters
7801,1959,Graduation,Together,54753.0,0,1,2013-12-09,87,197,107,227,7,59,131,3,5,2,11,4,0,0,0,0,0,0,0,728,21,1,1,55,363,0.23809523809523808,0.5238095238095238,0.09523809523809523,0.14285714285714285,34.666666666666664,0.2706043956043956,0.3118131868131868,0.17994505494505494,0,0,0,1.1795750487677719,0.34125028880006214,Digital Convenience Shoppers
10489,1973,Graduation,Married,92955.0,0,0,2013-07-02,35,693,21,925,31,24,84,1,6,7,9,2,0,0,1,1,0,0,1,1778,23,0,0,41,523,0.2608695652173913,0.391304347826087,0.30434782608695654,0.043478260869565216,77.30434782608695,0.38976377952755903,0.5202474690663667,0.047244094488188976,2,1,3,3.820015973059147,-1.0887822355038363,High-Value Elite
7011,1973,Graduation,Married,33471.0,1,0,2012-12-10,47,43,2,27,0,9,12,3,3,0,4,7,0,0,0,0,0,0,0,93,10,1,1,41,727,0.3,0.4,0.0,0.3,9.3,0.46236559139784944,0.2903225806451613,0.12903225806451613,0,0,1,-1.8028181472191491,0.537704708409219,Occasional / Low-Engagement
2620,1974,PhD,Married,34596.0,1,0,2013-07-02,48,14,0,2,0,0,7,1,1,0,2,8,0,0,0,0,0,0,1,23,4,1,1,40,523,0.25,0.5,0.0,0.25,5.75,0.6086956521739131,0.08695652173913043,0.30434782608695654,0,0,1,-2.725715824497006,-0.7823243976516358,Occasional / Low-Engagement
3933,1980,Graduation,Together,44010.0,1,0,2013-07-02,46,186,36,234,86,72,48,6,10,2,6,9,0,0,0,0,0,0,0,662,24,1,1,34,523,0.4166666666666667,0.25,0.08333333333333333,0.25,27.583333333333332,0.2809667673716012,0.35347432024169184,0.07250755287009064,0,0,2,0.46833244163939475,2.998225302631595,Deal & Discount Hunters
10981,1988,Graduation,Married,84219.0,0,0,2014-02-02,27,434,137,400,45,137,45,1,3,4,10,1,0,0,0,0,0,0,0,1198,18,0,0,26,308,0.16666666666666666,0.5555555555555556,0.2222222222222222,0.05555555555555555,66.55555555555556,0.3622704507512521,0.333889816360601,0.037562604340567615,0,0,3,2.4793634783356158,-1.9684799119198486,High-Value Elite
1734,1968,PhD,Together,40706.0,2,1,2013-07-02,37,59,0,11,4,2,5,4,3,0,4,7,0,0,0,0,0,0,0,81,11,3,1,46,523,0.2727272727272727,0.36363636363636365,0.0,0.36363636363636365,7.363636363636363,0.7283950617283951,0.13580246913580246,0.06172839506172839,0,0,1,-2.293828541350266,1.6364802213982064,Occasional / Low-Engagement
10995,1988,2n Cycle,Married,15716.0,1,0,2012-12-11,8,16,5,30,8,7,26,3,3,0,4,8,0,0,0,0,0,1,0,92,10,1,1,26,726,0.3,0.4,0.0,0.3,9.2,0.17391304347826086,0.32608695652173914,0.2826086956521739,0,0,1,-2.2550894107546555,0.7869191940280604,Occasional / Low-Engagement
6357,1959,2n Cycle,Divorced,59052.0,0,1,2013-07-02,29,230,35,75,63,57,31,3,7,1,7,5,0,0,0,0,0,0,0,491,18,1,1,55,523,0.3888888888888889,0.3888888888888889,0.05555555555555555,0.16666666666666666,27.27777777777778,0.4684317718940937,0.15274949083503056,0.06313645621181263,0,0,0,0.45309344354449044,0.7339503003360549,Digital Convenience Shoppers
9209,1971,Master,Together,80573.0,0,0,2013-07-02,85,829,138,430,60,92,15,1,4,6,13,2,0,0,0,0,0,0,0,1564,24,0,0,43,523,0.16666666666666666,0.5416666666666666,0.25,0.041666666666666664,65.16666666666667,0.5300511508951407,0.2749360613810742,0.00959079283887468,0,0,3,3.624757157766695,-1.099901618873996,High-Value Elite
10286,1962,Graduation,Married,83715.0,0,0,2014-03-02,2,318,8,407,150,35,8,1,2,8,13,0,0,0,0,0,0,0,0,926,24,0,0,52,280,0.08333333333333333,0.5416666666666666,0.3333333333333333,0.041666666666666664,38.583333333333336,0.3434125269978402,0.43952483801295894,0.008639308855291577,0,0,3,3.4690827646810756,-1.987854788454304,High-Value Elite
2611,1959,Master,Together,82576.0,0,0,2012-01-08,66,1206,55,445,168,18,18,1,2,4,12,1,0,0,1,0,0,0,0,1910,19,0,0,55,1064,0.10526315789473684,0.631578947368421,0.21052631578947367,0.05263157894736842,100.52631578947368,0.631413612565445,0.23298429319371727,0.009424083769633508,1,1,3,3.2529149216835207,-1.0460885944526817,High-Value Elite
1600,1965,Master,Married,56962.0,2,1,2013-11-10,60,292,3,77,10,3,26,7,6,3,5,7,0,0,0,0,0,0,0,411,21,3,1,49,392,0.2857142857142857,0.23809523809523808,0.14285714285714285,0.3333333333333333,19.571428571428573,0.7104622871046229,0.1873479318734793,0.06326034063260341,0,0,2,-0.4449292443128205,3.127587243175436,Deal & Discount Hunters
3308,1952,Graduation,Married,35704.0,1,1,2014-03-01,54,30,9,12,2,11,30,3,2,0,4,4,0,0,0,0,0,0,0,94,9,2,1,62,281,0.2222222222222222,0.4444444444444444,0.0,0.3333333333333333,10.444444444444445,0.3191489361702128,0.1276595744680851,0.3191489361702128,0,0,1,-1.9563223109554364,-0.1992451808767026,Occasional / Low-Engagement
5407,1954,Graduation,Together,53103.0,0,1,2013-12-09,70,729,17,133,11,0,195,5,10,6,7,7,1,0,0,0,0,0,0,1085,28,1,1,60,363,0.35714285714285715,0.25,0.21428571428571427,0.17857142857142858,38.75,0.6718894009216589,0.12258064516129032,0.17972350230414746,1,1,0,1.9955035005178434,2.2061696536255564,Digital Convenience Shoppers
2166,1960,2n Cycle,Widow,46779.0,1,1,2013-12-07,55,12,1,3,0,0,7,1,0,1,2,4,0,0,0,0,0,0,0,23,4,2,1,54,365,0.0,0.5,0.25,0.25,5.75,0.5217391304347826,0.13043478260869565,0.30434782608695654,0,0,1,-2.3491181130296335,-1.3261778667014192,Occasional / Low-Engagement
3955,1965,Graduation,Divorced,4861.0,0,0,2013-07-02,20,2,1,1,1,0,1,0,0,0,0,14,0,0,0,0,0,0,0,6,0,0,0,49,523,0.0,0.0,0.0,0.0,0.0,0.3333333333333333,0.16666666666666666,0.16666666666666666,0,0,1,-4.212729646963293,-0.8579064758006509,Occasional / Low-Engagement
6634,1979,Master,Divorced,33462.0,1,0,2013-07-08,78,22,3,18,0,0,11,1,2,0,3,7,0,0,0,0,0,0,0,54,6,1,1,35,517,0.3333333333333333,0.5,0.0,0.16666666666666666,9.0,0.4074074074074074,0.3333333333333333,0.2037037037037037,0,0,1,-2.279637101785905,-0.7149978648764934,Occasional / Low-Engagement
3056,1978,Graduation,Divorced,63693.0,0,1,2013-07-02,63,587,43,337,42,87,54,3,11,6,9,6,0,0,0,0,0,0,0,1150,29,1,1,36,523,0.3793103448275862,0.3103448275862069,0.20689655172413793,0.10344827586206896,39.6551724137931,0.5104347826086957,0.29304347826086957,0.04695652173913043,0,0,0,2.7703865080180603,1.784126518649957,Digital Convenience Shoppers
5718,1950,Graduation,Married,80763.0,0,0,2013-07-02,17,674,168,108,192,42,231,1,5,11,6,3,0,0,1,1,0,0,1,1415,23,0,0,64,523,0.21739130434782608,0.2608695652173913,0.4782608695652174,0.043478260869565216,61.52173913043478,0.4763250883392226,0.07632508833922262,0.16325088339222615,2,1,3,3.3019145272519728,-1.1323829471465097,High-Value Elite
6872,1974,PhD,Married,65352.0,0,1,2013-07-02,43,284,3,84,4,7,23,2,4,2,8,4,0,0,0,0,0,0,0,405,16,1,1,40,523,0.25,0.5,0.125,0.125,25.3125,0.7012345679012346,0.2074074074074074,0.056790123456790124,0,0,0,0.46035194683079206,-0.22655242628510458,Digital Convenience Shoppers
8164,1978,PhD,Married,82170.0,0,0,2013-07-02,13,1023,93,651,49,55,37,1,5,6,7,2,0,0,0,0,0,0,0,1908,19,0,0,36,523,0.2631578947368421,0.3684210526315789,0.3157894736842105,0.05263157894736842,100.42105263157895,0.5361635220125787,0.3411949685534591,0.01939203354297694,0,0,3,3.031186274113047,-1.3854048496847482,High-Value Elite
4580,1969,Graduation,Married,75759.0,0,0,2013-07-02,46,1394,22,708,89,91,182,1,9,7,9,5,1,0,1,1,0,0,1,2486,26,0,0,45,523,0.34615384615384615,0.34615384615384615,0.2692307692307692,0.038461538461538464,95.61538461538461,0.5607401448109413,0.2847948511665326,0.07320997586484312,3,1,3,4.119594184254018,-0.05910963057326949,High-Value Elite
9305,1976,2n Cycle,Single,79689.0,0,0,2013-12-05,65,311,26,640,180,37,121,1,4,9,13,2,0,0,0,0,0,0,0,1315,27,0,0,38,367,0.14814814814814814,0.48148148148148145,0.3333333333333333,0.037037037037037035,48.7037037037037,0.23650190114068442,0.4866920152091255,0.09201520912547528,0,0,3,3.9585316285139225,-1.2023861019452509,High-Value Elite
453,1956,PhD,Widow,35340.0,1,1,2013-07-02,1,27,0,12,0,1,5,2,2,0,3,5,0,0,0,0,0,0,0,45,7,2,1,58,523,0.2857142857142857,0.42857142857142855,0.0,0.2857142857142857,6.428571428571429,0.6,0.26666666666666666,0.1111111111111111,0,0,1,-2.3004731727604653,-0.14577767603544192,Occasional / Low-Engagement
8545,1954,Graduation,Divorced,85683.0,0,0,2013-07-02,6,1296,17,311,45,69,51,1,2,4,10,1,0,1,1,1,1,0,1,1789,17,0,0,60,523,0.11764705882352941,0.5882352941176471,0.23529411764705882,0.058823529411764705,105.23529411764706,0.7244270542202348,0.1738401341531582,0.02850754611514813,4,1,3,2.7903333126077134,-1.891411520971003,High-Value Elite
9850,1972,2n Cycle,Married,24884.0,1,0,2013-07-02,32,3,6,7,0,0,3,1,0,0,3,7,0,0,0,0,0,0,0,19,4,1,1,42,523,0.0,0.75,0.0,0.25,4.75,0.15789473684210525,0.3684210526315789,0.15789473684210525,0,0,1,-2.7845963595676078,-0.993557545189528,Occasional / Low-Engagement
7378,1981,Master,Together,42021.0,1,0,2013-07-02,34,393,5,136,7,5,27,5,10,1,6,9,1,0,0,0,0,0,0,573,22,1,1,33,523,0.45454545454545453,0.2727272727272727,0.045454545454545456,0.22727272727272727,26.045454545454547,0.6858638743455497,0.23734729493891799,0.04712041884816754,1,1,2,0.13440913701355647,2.62167620383904,Deal & Discount Hunters
7646,1989,Graduation,Single,64449.0,1,0,2013-07-02,70,218,63,282,137,35,70,4,5,3,12,4,0,0,0,0,0,0,0,805,24,1,1,25,523,0.20833333333333334,0.5,0.125,0.16666666666666666,33.541666666666664,0.2708074534161491,0.35031055900621116,0.08695652173913043,0,0,0,1.8345760915126432,0.9724986857485493,Digital Convenience Shoppers
1640,1954,Graduation,Divorced,64587.0,1,1,2013-07-02,49,66,0,16,0,6,20,2,1,1,4,3,0,0,0,0,0,0,0,108,8,2,1,60,523,0.125,0.5,0.125,0.25,13.5,0.6111111111111112,0.14814814814814814,0.18518518518518517,0,0,1,-1.2811643253413345,-0.6840826402877563,Occasional / Low-Engagement
5184,1995,Graduation,Single,34824.0,0,0,2013-07-02,65,4,2,11,2,0,4,1,1,0,2,6,0,0,0,0,0,0,0,23,4,0,0,19,523,0.25,0.5,0.0,0.25,5.75,0.17391304347826086,0.4782608695652174,0.17391304347826086,0,0,1,-2.171409693580288,-1.6274842585366458,Occasional / Low-Engagement
8492,1978,Graduation,Together,75437.0,0,0,2013-09-11,25,795,0,545,95,58,0,1,8,4,10,6,0,0,0,1,0,0,0,1493,23,0,0,36,452,0.34782608695652173,0.43478260869565216,0.17391304347826086,0.043478260869565216,64.91304347826087,0.5324849296718017,0.3650368385800402,0.0,1,1,0,2.750265663274754,-0.09996330532927741,Digital Convenience Shoppers
11188,1957,Graduation,Together,26091.0,1,1,2013-07-02,84,15,10,19,8,17,20,3,2,1,3,5,0,0,0,0,0,0,0,89,9,2,1,57,523,0.2222222222222222,0.3333333333333333,0.1111111111111111,0.3333333333333333,9.88888888888889,0.16853932584269662,0.21348314606741572,0.2247191011235955,0,0,1,-2.1899061632475534,0.267678334145301,Occasional / Low-Engagement
1212,1973,Graduation,Married,52845.0,1,0,2013-07-02,7,384,25,292,130,41,64,3,8,8,6,6,1,0,0,0,0,0,0,936,25,1,1,41,523,0.32,0.24,0.32,0.12,37.44,0.41025641025641024,0.31196581196581197,0.06837606837606838,1,1,0,1.8060863779992427,1.1825509530188003,Digital Convenience Shoppers
9097,1956,Graduation,Divorced,46086.0,0,1,2013-03-11,34,244,8,32,7,2,50,4,3,1,8,4,0,0,0,0,0,0,0,343,16,1,1,58,636,0.1875,0.5,0.0625,0.25,21.4375,0.7113702623906706,0.09329446064139942,0.1457725947521866,0,0,2,-0.16473012548937885,0.5499834442720891,Deal & Discount Hunters
10473,1956,PhD,Widow,78028.0,0,1,2012-10-09,38,158,19,288,25,0,38,1,6,4,9,7,0,1,1,0,0,0,1,528,20,1,1,58,789,0.3,0.45,0.2,0.05,26.4,0.29924242424242425,0.5454545454545454,0.07196969696969698,2,1,0,1.2748005469910682,0.6440157229585649,Digital Convenience Shoppers
7962,1987,PhD,Single,95169.0,0,0,2013-09-10,1,1285,21,449,106,20,20,1,4,3,4,1,0,0,1,1,0,0,1,1901,12,0,0,27,453,0.3333333333333333,0.3333333333333333,0.25,0.08333333333333333,158.41666666666666,0.6759600210415571,0.23619147816938454,0.010520778537611783,2,1,3,2.1565474782980645,-2.162548167035128,High-Value Elite
9984,1981,2n Cycle,Married,56337.0,1,1,2013-07-02,25,349,16,144,28,5,182,5,8,5,4,8,1,0,0,1,0,0,1,724,22,2,1,33,523,0.36363636363636365,0.18181818181818182,0.22727272727272727,0.22727272727272727,32.90909090909091,0.48204419889502764,0.19889502762430938,0.2513812154696133,2,1,2,0.3910187173321473,2.522572275523827,Deal & Discount Hunters
5527,1987,Graduation,Together,22434.0,1,0,2013-07-02,25,4,12,11,3,13,15,2,2,0,3,8,0,0,0,0,0,0,0,58,7,1,1,27,523,0.2857142857142857,0.42857142857142855,0.0,0.2857142857142857,8.285714285714286,0.06896551724137931,0.1896551724137931,0.25862068965517243,0,0,1,-2.55750567410413,-0.11703248526191988,Occasional / Low-Engagement
6374,1954,PhD,Married,36930.0,0,1,2013-07-02,50,223,2,31,0,2,39,5,5,2,4,8,0,0,0,0,0,0,0,297,16,1,1,60,523,0.3125,0.25,0.125,0.3125,18.5625,0.7508417508417509,0.10437710437710437,0.13131313131313133,0,0,2,-0.9664922440650129,1.5306057074886996,Deal & Discount Hunters
7453,1954,Graduation,Single,36130.0,0,1,2013-02-02,46,157,43,127,68,56,37,6,3,8,4,4,1,0,0,0,0,0,1,488,21,1,1,60,673,0.14285714285714285,0.19047619047619047,0.38095238095238093,0.2857142857142857,23.238095238095237,0.32172131147540983,0.26024590163934425,0.07581967213114754,1,1,2,0.47908658504344614,1.2526023543651186,Deal & Discount Hunters
8952,1953,Master,Married,65569.0,0,1,2012-05-11,96,397,46,288,20,38,70,2,6,5,10,3,0,0,0,0,0,0,0,859,23,1,1,61,940,0.2608695652173913,0.43478260869565216,0.21739130434782608,0.08695652173913043,37.34782608695652,0.46216530849825377,0.3352735739231665,0.08149010477299184,0,0,0,2.175900277338356,0.6769683074437904,Digital Convenience Shoppers
241,1952,Graduation,Together,83844.0,0,0,2013-12-05,57,901,31,345,75,31,191,1,4,4,11,1,0,0,1,0,0,0,0,1574,20,0,0,62,367,0.2,0.55,0.2,0.05,78.7,0.5724269377382465,0.21918678526048285,0.12134688691232529,1,1,3,3.0735247845128617,-1.6753424946770175,High-Value Elite
8975,1968,Graduation,Married,19514.0,1,1,2013-07-02,47,14,3,21,2,1,28,4,3,1,2,8,1,0,0,0,0,0,0,69,10,2,1,46,523,0.3,0.2,0.1,0.4,6.9,0.2028985507246377,0.30434782608695654,0.4057971014492754,1,1,1,-2.6422228206056473,1.2574818574324529,Occasional / Low-Engagement
6119,1963,PhD,Single,36736.0,1,1,2013-10-05,52,10,0,3,0,0,4,1,1,0,2,6,0,0,0,0,0,0,0,17,4,2,1,51,428,0.25,0.5,0.0,0.25,4.25,0.5882352941176471,0.17647058823529413,0.23529411764705882,0,0,1,-2.7878738084835324,-0.7297902681933184,Occasional / Low-Engagement
5236,1979,Graduation,Together,77568.0,0,1,2013-07-02,30,1230,0,396,232,178,158,1,10,2,8,5,0,1,1,1,0,0,0,2194,21,1,1,35,523,0.47619047619047616,0.38095238095238093,0.09523809523809523,0.047619047619047616,104.47619047619048,0.5606198723792161,0.1804922515952598,0.07201458523245215,3,1,0,2.7009417378587774,0.4290730309447106,Digital Convenience Shoppers
5723,1976,PhD,Together,49187.0,0,1,2014-11-01,63,81,1,31,2,1,0,1,1,1,5,2,0,0,0,0,0,0,0,116,8,1,1,38,36,0.125,0.625,0.125,0.125,14.5,0.6982758620689655,0.2672413793103448,0.0,0,0,1,-1.0873312741423673,-2.222395597518715,Occasional / Low-Engagement
1710,1978,Graduation,Single,30168.0,1,0,2013-07-03,51,154,20,66,0,12,27,7,6,1,4,9,0,0,0,0,0,0,0,279,18,1,1,36,522,0.3333333333333333,0.2222222222222222,0.05555555555555555,0.3888888888888889,15.5,0.5519713261648745,0.23655913978494625,0.0967741935483871,0,0,2,-1.1492832729568891,2.5987653683633933,Deal & Discount Hunters
1970,1968,Master,Together,34053.0,0,1,2012-10-09,14,63,0,21,7,0,12,1,3,0,3,8,0,0,0,0,0,0,0,103,7,1,1,46,789,0.42857142857142855,0.42857142857142855,0.0,0.14285714285714285,14.714285714285714,0.6116504854368932,0.20388349514563106,0.11650485436893204,0,0,1,-2.162661922916302,-0.021245127997568856,Occasional / Low-Engagement
5313,1971,Master,Married,38196.0,1,1,2013-07-02,20,30,0,11,0,0,3,3,2,0,4,5,0,0,0,0,0,0,0,44,9,2,1,43,523,0.2222222222222222,0.4444444444444444,0.0,0.3333333333333333,4.888888888888889,0.6818181818181818,0.25,0.06818181818181818,0,0,1,-2.02852189948346,0.2780652565283597,Occasional / Low-Engagement
10634,1951,Master,Married,59412.0,0,0,2013-07-02,56,90,67,165,30,43,11,1,4,2,8,3,0,0,0,0,0,0,0,406,15,0,0,63,523,0.26666666666666666,0.5333333333333333,0.13333333333333333,0.06666666666666667,27.066666666666666,0.22167487684729065,0.4064039408866995,0.027093596059113302,0,0,3,0.73611509192073,-1.2466845662725015,High-Value Elite
7010,1965,2n Cycle,Married,70924.0,0,0,2014-07-04,41,635,114,254,132,152,76,1,6,6,7,3,0,0,1,0,0,0,0,1363,20,0,0,49,156,0.3,0.35,0.3,0.05,68.15,0.4658840792369773,0.1863536316947909,0.05575935436537051,1,1,3,2.4324396397691825,-1.4572954241408738,High-Value Elite
8562,1969,Graduation,Together,54165.0,0,0,2013-07-02,72,127,4,73,15,6,11,1,2,1,7,2,0,0,0,0,0,0,0,236,11,0,0,45,523,0.18181818181818182,0.6363636363636364,0.09090909090909091,0.09090909090909091,21.454545454545453,0.538135593220339,0.3093220338983051,0.046610169491525424,0,0,1,-0.024525081834280683,-1.8172609998697218,Occasional / Low-Engagement
3158,1973,Graduation,Married,32300.0,1,0,2013-03-01,1,13,3,6,6,5,6,1,1,0,3,8,0,0,0,0,0,0,0,39,5,1,1,41,646,0.2,0.6,0.0,0.2,7.8,0.3333333333333333,0.15384615384615385,0.15384615384615385,0,0,1,-2.5794347125794737,-0.5291988265146542,Occasional / Low-Engagement
4436,1976,Graduation,Single,20180.0,0,0,2013-07-02,27,18,42,24,15,20,18,1,2,1,4,7,0,0,0,0,0,0,0,137,8,0,0,38,523,0.25,0.5,0.125,0.125,17.125,0.13138686131386862,0.17518248175182483,0.13138686131386862,0,0,1,-1.810553126309156,-1.0553901665104122,Occasional / Low-Engagement
5287,1973,Graduation,Married,34961.0,1,0,2013-07-02,77,45,2,26,4,1,1,3,3,1,3,7,0,0,0,0,0,0,0,79,10,1,1,41,523,0.3,0.3,0.1,0.3,7.9,0.569620253164557,0.3291139240506329,0.012658227848101266,0,0,1,-1.7952238884505396,0.21251483100640853,Occasional / Low-Engagement
2445,1974,PhD,Together,28440.0,1,0,2013-07-07,87,38,1,24,0,0,0,1,2,0,3,8,0,0,0,0,0,0,0,63,6,1,1,40,518,0.3333333333333333,0.5,0.0,0.16666666666666666,10.5,0.6031746031746031,0.38095238095238093,0.0,0,0,1,-2.4798397053896024,-0.5303129476585341,Occasional / Low-Engagement
6059,1953,PhD,Together,64504.0,1,2,2013-04-03,81,986,36,168,16,0,108,7,11,3,4,7,0,0,0,0,0,0,1,1314,25,3,1,61,613,0.44,0.16,0.12,0.28,52.56,0.7503805175038052,0.1278538812785388,0.0821917808219178,0,0,2,0.9787246759637096,4.093805556849894,Deal & Discount Hunters
4550,1966,Master,Together,33564.0,0,1,2013-07-02,51,61,0,3,0,0,7,1,1,1,3,5,0,0,0,0,0,0,0,71,6,1,1,48,523,0.16666666666666666,0.5,0.16666666666666666,0.16666666666666666,11.833333333333334,0.8591549295774648,0.04225352112676056,0.09859154929577464,0,0,1,-2.011475822405448,-1.171894800670791,Occasional / Low-Engagement
4240,1978,Graduation,Married,17345.0,1,0,2012-03-11,79,4,9,16,17,0,12,2,2,1,2,8,0,0,0,0,0,0,0,58,7,1,1,36,1001,0.2857142857142857,0.2857142857142857,0.14285714285714285,0.2857142857142857,8.285714285714286,0.06896551724137931,0.27586206896551724,0.20689655172413793,0,0,1,-2.5445083157213637,0.4677188173643316,Occasional / Low-Engagement
8911,1967,PhD,Married,56320.0,0,1,2013-08-04,11,201,53,172,116,77,83,3,5,4,9,4,0,0,0,0,0,0,0,702,21,1,1,47,490,0.23809523809523808,0.42857142857142855,0.19047619047619047,0.14285714285714285,33.42857142857143,0.2863247863247863,0.245014245014245,0.11823361823361823,0,0,0,1.2291657640249882,0.4218375424510299,Digital Convenience Shoppers
3706,1978,Graduation,Single,28647.0,1,0,2013-07-02,54,19,8,29,0,12,26,1,2,2,2,7,1,0,0,0,0,0,1,94,7,1,1,36,523,0.2857142857142857,0.2857142857142857,0.2857142857142857,0.14285714285714285,13.428571428571429,0.20212765957446807,0.30851063829787234,0.2765957446808511,1,1,1,-2.143507139746265,-0.7044866472100788,Occasional / Low-Engagement
3628,1987,Basic,Single,15038.0,1,0,2013-07-02,93,4,8,11,19,12,26,2,2,1,2,9,0,0,0,0,0,0,0,80,7,1,1,27,523,0.2857142857142857,0.2857142857142857,0.14285714285714285,0.2857142857142857,11.428571428571429,0.05,0.1375,0.325,0,0,1,-2.763172427967905,0.01578735814041705,Occasional / Low-Engagement
10175,1958,PhD,Divorced,32173.0,0,1,2013-01-08,0,18,0,2,0,0,2,1,1,0,3,4,0,0,0,0,0,0,0,22,5,1,1,56,698,0.2,0.6,0.0,0.2,4.4,0.8181818181818182,0.09090909090909091,0.09090909090909091,0,0,1,-2.1214319536731656,-1.1143311202409338,Occasional / Low-Engagement
8985,1964,2n Cycle,Together,68316.0,0,1,2012-04-11,54,806,80,161,120,11,33,5,10,7,10,6,0,0,0,0,0,0,0,1211,32,1,1,50,970,0.3125,0.3125,0.21875,0.15625,37.84375,0.6655656482246077,0.1329479768786127,0.027250206440957887,0,0,0,3.261390393804623,3.0087528690806544,Digital Convenience Shoppers
5204,1971,Graduation,Together,74538.0,0,0,2013-07-02,21,380,98,733,110,112,28,1,8,8,5,3,0,0,1,0,0,0,1,1461,22,0,0,43,523,0.36363636363636365,0.22727272727272727,0.36363636363636365,0.045454545454545456,66.4090909090909,0.2600958247775496,0.5017111567419575,0.019164955509924708,1,1,3,2.970841735264033,-0.7564548970272411,High-Value Elite
9220,1971,Graduation,Single,91700.0,0,0,2013-07-02,58,576,172,961,125,115,19,1,8,6,5,3,0,0,0,0,0,0,1,1968,20,0,0,43,523,0.4,0.25,0.3,0.05,98.4,0.2926829268292683,0.4883130081300813,0.009654471544715448,0,0,3,3.278307820131273,-0.9204349452115669,High-Value Elite
9888,1969,Graduation,Together,68695.0,0,0,2013-07-02,3,458,81,356,106,50,40,1,4,4,7,2,0,0,0,0,0,0,0,1091,16,0,0,45,523,0.25,0.4375,0.25,0.0625,68.1875,0.41979835013748856,0.32630614115490375,0.03666361136571952,0,0,3,1.6884716276903526,-1.4991353667709482,High-Value Elite
5263,1977,2n Cycle,Married,31056.0,1,0,2013-07-02,99,5,10,13,3,8,16,1,1,0,3,8,0,0,0,0,0,0,0,55,5,1,1,37,523,0.2,0.6,0.0,0.2,11.0,0.09090909090909091,0.23636363636363636,0.2909090909090909,0,0,1,-2.5907521865033565,-0.7055456040474398,Occasional / Low-Engagement
1020,1973,Graduation,Married,79593.0,0,0,2014-12-05,70,350,60,568,110,133,145,1,5,6,7,2,0,0,1,0,0,0,0,1366,19,0,0,41,2,0.2631578947368421,0.3684210526315789,0.3157894736842105,0.05263157894736842,71.89473684210526,0.2562225475841874,0.4158125915080527,0.1061493411420205,1,1,3,2.534178157205571,-2.033891877758828,High-Value Elite
9503,1980,Graduation,Single,28071.0,0,0,2013-07-02,65,39,33,130,41,26,44,2,5,1,5,8,0,0,0,0,0,0,0,313,13,0,0,34,523,0.38461538461538464,0.38461538461538464,0.07692307692307693,0.15384615384615385,24.076923076923077,0.12460063897763578,0.41533546325878595,0.14057507987220447,0,0,1,-0.9641523012867145,0.00011224791935529376,Occasional / Low-Engagement
10613,1958,PhD,Together,37334.0,1,1,2013-07-02,44,26,1,16,2,2,15,4,3,0,4,4,0,0,0,0,0,0,0,62,11,2,1,56,523,0.2727272727272727,0.36363636363636365,0.0,0.36363636363636365,5.636363636363637,0.41935483870967744,0.25806451612903225,0.24193548387096775,0,0,1,-1.7052100362578155,0.6468085310058936,Occasional / Low-Engagement
67,1972,Master,Single,46423.0,1,1,2013-07-02,6,68,0,16,0,0,8,3,2,0,4,7,0,0,0,0,0,0,0,92,9,2,1,42,523,0.2222222222222222,0.4444444444444444,0.0,0.3333333333333333,10.222222222222221,0.7391304347826086,0.17391304347826086,0.08695652173913043,0,0,1,-2.0784564221243254,0.5692969337042607,Occasional / Low-Engagement
6019,1971,PhD,Married,37126.0,1,0,2013-07-02,9,45,3,9,4,4,7,1,1,2,2,6,1,0,0,0,0,0,1,72,6,1,1,43,523,0.16666666666666666,0.3333333333333333,0.3333333333333333,0.16666666666666666,12.0,0.625,0.125,0.09722222222222222,1,1,1,-2.052973989994825,-1.0627459132771637,Occasional / Low-Engagement
5863,1953,Graduation,Married,47703.0,0,1,2013-07-02,95,359,0,134,13,26,123,4,6,3,8,5,0,0,0,0,0,0,0,655,21,1,1,61,523,0.2857142857142857,0.38095238095238093,0.14285714285714285,0.19047619047619047,31.19047619047619,0.5480916030534351,0.20458015267175572,0.18778625954198475,0,0,0,0.7991618648675815,1.0856972710676307,Digital Convenience Shoppers
3717,1959,Graduation,Married,61180.0,0,1,2013-07-02,70,403,24,29,6,24,218,2,5,5,6,3,1,0,0,0,0,0,0,704,18,1,1,55,523,0.2777777777777778,0.3333333333333333,0.2777777777777778,0.1111111111111111,39.111111111111114,0.5724431818181818,0.041193181818181816,0.3096590909090909,1,1,0,1.087688481010416,-0.29512745641248284,Digital Convenience Shoppers
6730,1954,Graduation,Married,38998.0,1,1,2012-03-11,92,34,1,14,0,0,5,3,2,0,3,8,0,0,0,0,0,1,0,54,8,2,1,60,1001,0.25,0.375,0.0,0.375,6.75,0.6296296296296297,0.25925925925925924,0.09259259259259259,0,0,1,-2.4282976118755117,1.2970521441156146,Occasional / Low-Engagement
10749,1991,Graduation,Single,8028.0,0,0,2013-07-02,62,73,18,66,7,12,2,15,0,1,0,19,0,0,0,0,0,0,0,178,16,0,0,23,523,0.0,0.0,0.0625,0.9375,11.125,0.4101123595505618,0.3707865168539326,0.011235955056179775,0,0,2,-3.690299360109594,5.453633090578847,Deal & Discount Hunters
4998,1962,Graduation,Together,76081.0,0,0,2013-07-02,85,292,30,415,63,33,200,1,4,5,4,2,0,0,0,1,0,0,0,1033,14,0,0,52,523,0.2857142857142857,0.2857142857142857,0.35714285714285715,0.07142857142857142,73.78571428571429,0.28267182962245885,0.40174249757986447,0.1936108422071636,1,1,3,1.4841630893615894,-1.7415455258809784,High-Value Elite
6287,1986,Graduation,Together,34728.0,1,0,2013-07-02,2,14,0,16,0,0,6,1,1,1,2,6,0,0,0,0,0,0,1,36,5,1,1,28,523,0.2,0.4,0.2,0.2,7.2,0.3888888888888889,0.4444444444444444,0.16666666666666666,0,0,1,-2.307843969884189,-1.074822013415068,Occasional / Low-Engagement
5985,1965,Master,Single,33168.0,0,1,2013-07-02,0,80,1,37,0,1,3,3,2,1,4,7,0,0,0,0,0,0,0,122,10,1,1,49,523,0.2,0.4,0.1,0.3,12.2,0.6557377049180327,0.30327868852459017,0.02459016393442623,0,0,1,-1.8043743376484291,0.14040251510183727,Occasional / Low-Engagement
4754,1966,Master,Married,33585.0,0,1,2013-07-02,91,30,11,33,13,6,29,1,2,0,4,4,0,0,0,0,0,0,0,122,7,1,1,48,523,0.2857142857142857,0.5714285714285714,0.0,0.14285714285714285,17.428571428571427,0.2459016393442623,0.27049180327868855,0.23770491803278687,0,0,1,-1.7113555590108305,-1.1312737450827073,Occasional / Low-Engagement
4002,1960,PhD,Married,77037.0,0,1,2013-07-02,3,463,96,333,168,53,10,1,7,7,12,3,0,0,0,0,0,0,0,1123,27,1,1,54,523,0.25925925925925924,0.4444444444444444,0.25925925925925924,0.037037037037037035,41.592592592592595,0.41228851291184326,0.2965271593944791,0.008904719501335707,0,0,0,3.293484137094788,0.09088594101680918,Digital Convenience Shoppers
8870,1984,Graduation,Together,35196.0,1,0,2013-07-02,68,75,12,141,43,39,187,6,6,1,5,8,0,0,0,0,0,0,1,497,18,1,1,30,523,0.3333333333333333,0.2777777777777778,0.05555555555555555,0.3333333333333333,27.61111111111111,0.15090543259557343,0.2837022132796781,0.3762575452716298,0,0,2,-0.6671675112984352,2.105780323369543,Deal & Discount Hunters
966,1966,Graduation,Married,44529.0,0,1,2013-05-07,98,538,13,91,17,6,26,6,6,2,11,5,0,1,0,0,0,0,0,691,25,1,1,48,579,0.24,0.44,0.08,0.24,27.64,0.7785817655571635,0.1316931982633864,0.03762662807525326,1,1,2,1.1904808049522944,2.0985766526575853,Deal & Discount Hunters
4767,1965,2n Cycle,Married,70924.0,0,0,2014-07-04,41,635,114,254,132,152,76,1,6,6,7,3,0,0,1,0,0,0,0,1363,20,0,0,49,156,0.3,0.35,0.3,0.05,68.15,0.4658840792369773,0.1863536316947909,0.05575935436537051,1,1,3,2.4324396397691825,-1.4572954241408738,High-Value Elite
9725,1966,PhD,Together,28764.0,1,1,2014-05-06,16,8,0,3,0,0,1,1,1,0,2,8,1,0,0,0,0,0,0,12,4,2,1,48,215,0.25,0.5,0.0,0.25,3.0,0.6666666666666666,0.25,0.08333333333333333,1,1,1,-3.212717004258973,-0.6362824309381722,Occasional / Low-Engagement
4475,1949,PhD,Married,69098.0,0,0,2013-07-02,82,1315,22,780,145,0,178,1,7,8,9,5,0,0,0,0,0,0,0,2440,25,0,0,65,523,0.28,0.36,0.32,0.04,97.6,0.5389344262295082,0.319672131147541,0.07295081967213114,0,0,3,3.842873647653485,-0.3447814013844466,High-Value Elite
5740,1970,2n Cycle,Divorced,25959.0,1,1,2013-07-02,1,4,2,12,7,5,26,2,1,2,2,6,0,0,0,0,0,0,1,56,7,2,1,44,523,0.14285714285714285,0.2857142857142857,0.2857142857142857,0.2857142857142857,8.0,0.07142857142857142,0.21428571428571427,0.4642857142857143,0,0,1,-2.5374188504840367,-0.13086504618670838,Occasional / Low-Engagement
5731,1983,Master,Married,27100.0,1,0,2013-05-04,64,12,0,13,2,0,10,1,1,0,3,7,0,0,0,0,0,0,0,37,5,1,1,31,582,0.2,0.6,0.0,0.2,7.4,0.32432432432432434,0.35135135135135137,0.2702702702702703,0,0,1,-2.557905374307078,-0.7664576379670299,Occasional / Low-Engagement
7290,1985,Graduation,Single,70596.0,0,0,2012-05-10,68,347,44,534,17,0,26,1,3,5,12,2,0,0,0,0,0,0,0,968,21,0,0,29,941,0.14285714285714285,0.5714285714285714,0.23809523809523808,0.047619047619047616,46.095238095238095,0.3584710743801653,0.5516528925619835,0.026859504132231406,0,0,3,2.58392807874731,-0.7439082762626333,High-Value Elite
3846,1974,Graduation,Married,42557.0,0,1,2013-07-02,98,192,5,53,0,5,15,4,6,1,4,8,0,0,0,0,0,0,0,270,15,1,1,40,523,0.4,0.26666666666666666,0.06666666666666667,0.26666666666666666,18.0,0.7111111111111111,0.1962962962962963,0.05555555555555555,0,0,2,-0.9474399569466259,1.2721450111964663,Deal & Discount Hunters
8104,1951,PhD,Married,53312.0,0,0,2013-09-08,32,241,0,12,0,0,25,1,5,1,5,7,0,0,0,0,0,0,0,278,12,0,0,63,455,0.4166666666666667,0.4166666666666667,0.08333333333333333,0.08333333333333333,23.166666666666668,0.8669064748201439,0.04316546762589928,0.08992805755395683,0,0,1,-0.4741687273684455,-0.7211286225969996,Occasional / Low-Engagement
4507,1952,Graduation,Single,72228.0,0,0,2013-07-02,87,631,28,491,30,14,56,1,6,7,8,3,0,0,0,0,0,0,0,1250,22,0,0,62,523,0.2727272727272727,0.36363636363636365,0.3181818181818182,0.045454545454545456,56.81818181818182,0.5048,0.3928,0.0448,0,0,3,2.7994318243087983,-0.8895274085502057,High-Value Elite
11013,1987,Graduation,Together,67605.0,0,0,2013-07-02,84,336,28,282,184,54,54,1,2,8,6,1,0,0,0,0,0,0,0,938,17,0,0,27,523,0.11764705882352941,0.35294117647058826,0.47058823529411764,0.058823529411764705,55.1764705882353,0.3582089552238806,0.3006396588486141,0.057569296375266525,0,0,3,1.9510487342123466,-1.9721879149148864,High-Value Elite
4491,1949,Master,Married,62845.0,1,1,2012-01-10,3,1099,0,45,0,0,34,11,3,4,10,8,0,1,0,0,0,0,0,1178,28,2,1,65,1062,0.10714285714285714,0.35714285714285715,0.14285714285714285,0.39285714285714285,42.07142857142857,0.932937181663837,0.038200339558573854,0.028862478777589132,1,1,2,1.2368896644080283,4.951013415993257,Deal & Discount Hunters
3759,1958,Graduation,Together,65196.0,0,2,2013-07-02,34,743,19,181,12,0,200,2,7,6,11,5,1,0,0,0,0,0,0,1155,26,2,1,56,523,0.2692307692307692,0.4230769230769231,0.23076923076923078,0.07692307692307693,44.42307692307692,0.6432900432900432,0.15670995670995672,0.17316017316017315,1,1,0,2.254789261545325,1.2419719330216439,Digital Convenience Shoppers
1162,1987,PhD,Single,42000.0,0,0,2013-10-01,23,124,83,267,85,59,35,2,5,2,11,5,0,0,0,0,0,0,1,653,20,0,0,27,432,0.25,0.55,0.1,0.1,32.65,0.18989280245022971,0.40888208269525267,0.05359877488514548,0,0,0,1.0401958905434374,-0.2111185100917089,Digital Convenience Shoppers
2055,1973,PhD,Divorced,35860.0,1,1,2013-07-02,37,15,0,8,4,2,20,2,1,1,2,5,1,0,0,0,0,0,0,49,6,2,1,41,523,0.16666666666666666,0.3333333333333333,0.16666666666666666,0.3333333333333333,8.166666666666666,0.30612244897959184,0.16326530612244897,0.40816326530612246,1,1,1,-2.4204635764948077,-0.37173861725623264,Occasional / Low-Engagement
10766,1964,PhD,Married,65526.0,0,1,2014-11-04,22,397,19,69,12,0,9,1,4,4,8,2,0,0,0,0,0,0,0,506,17,1,1,50,33,0.23529411764705882,0.47058823529411764,0.23529411764705882,0.058823529411764705,29.764705882352942,0.7845849802371542,0.13636363636363635,0.017786561264822136,0,0,3,1.0004130959459283,-1.5070658958831769,High-Value Elite
4415,1961,Graduation,Married,16860.0,1,1,2012-12-09,19,10,4,4,3,3,14,3,1,1,3,7,0,0,0,0,0,0,0,38,8,2,1,53,728,0.125,0.375,0.125,0.375,4.75,0.2631578947368421,0.10526315789473684,0.3684210526315789,0,0,1,-2.7643511139532735,0.7509798633976471,Occasional / Low-Engagement
3005,1992,Graduation,Single,83528.0,0,0,2014-01-05,7,530,117,678,134,44,147,1,4,10,8,1,1,0,0,1,0,0,1,1650,23,0,0,22,336,0.17391304347826086,0.34782608695652173,0.43478260869565216,0.043478260869565216,71.73913043478261,0.3212121212121212,0.4109090909090909,0.0890909090909091,2,1,3,3.708388826200703,-1.7722736323493917,High-Value Elite
2223,1965,2n Cycle,Divorced,64176.0,0,1,2012-03-08,52,1215,33,249,64,116,149,8,8,9,8,6,0,0,0,0,0,0,0,1826,33,1,1,49,1004,0.24242424242424243,0.24242424242424243,0.2727272727272727,0.24242424242424243,55.333333333333336,0.6653888280394304,0.13636363636363635,0.08159912376779847,0,0,0,3.483363440908625,3.7064036320750984,Digital Convenience Shoppers
4817,1956,Graduation,Divorced,22304.0,0,0,2012-04-08,91,3,2,7,0,4,2,1,1,0,2,8,0,0,0,0,0,0,0,18,4,0,0,58,973,0.25,0.5,0.0,0.25,4.5,0.16666666666666666,0.3888888888888889,0.1111111111111111,0,0,1,-2.5582287057756052,-0.6651030181949122,Occasional / Low-Engagement
2875,1978,Graduation,Married,67023.0,0,0,2014-04-03,93,444,44,382,11,8,17,1,3,7,13,2,0,0,0,0,0,1,0,906,24,0,0,36,248,0.125,0.5416666666666666,0.2916666666666667,0.041666666666666664,37.75,0.4900662251655629,0.4216335540838852,0.018763796909492272,0,0,3,2.902327435366615,-1.5050091479861922,High-Value Elite
10536,1971,PhD,Together,32892.0,1,0,2013-07-02,78,26,0,15,2,1,2,2,3,0,3,8,0,0,0,0,0,0,0,46,8,1,1,43,523,0.375,0.375,0.0,0.25,5.75,0.5652173913043478,0.32608695652173914,0.043478260869565216,0,0,1,-2.2049758490681324,-0.005935063202247691,Occasional / Low-Engagement
11112,1966,Graduation,Together,70713.0,0,1,2012-03-12,23,736,114,279,82,76,190,6,5,6,8,3,0,0,0,0,0,0,0,1477,25,1,1,48,1000,0.2,0.32,0.24,0.24,59.08,0.4983073798239675,0.1888964116452268,0.12863913337846988,0,0,0,2.5818100961112824,1.8909959786774946,Digital Convenience Shoppers
3807,1955,Graduation,Together,59925.0,0,1,2013-07-02,83,473,21,176,19,21,56,3,9,2,9,6,0,0,0,0,0,0,0,766,23,1,1,59,523,0.391304347826087,0.391304347826087,0.08695652173913043,0.13043478260869565,33.30434782608695,0.6174934725848564,0.2297650130548303,0.0731070496083551,0,0,0,1.387989613447011,1.3769008896146144,Digital Convenience Shoppers
9197,1953,Graduation,Married,39722.0,0,1,2013-07-02,92,32,0,5,2,0,8,2,2,0,3,5,0,0,0,0,0,0,0,47,7,1,1,61,523,0.2857142857142857,0.42857142857142855,0.0,0.2857142857142857,6.714285714285714,0.6808510638297872,0.10638297872340426,0.1702127659574468,0,0,1,-1.88451182943483,-0.6980611299698686,Occasional / Low-Engagement
10832,1958,Graduation,Together,46610.0,0,0,2013-07-02,4,288,10,30,4,10,125,1,6,1,6,6,0,0,0,0,0,0,0,467,14,0,0,56,523,0.42857142857142855,0.42857142857142855,0.07142857142857142,0.07142857142857142,33.357142857142854,0.6167023554603854,0.06423982869379015,0.2676659528907923,0,0,0,-0.021179660866159057,-0.5292102335014877,Digital Convenience Shoppers
6421,1961,Graduation,Together,88347.0,0,0,2013-03-07,32,1050,178,555,77,138,118,1,4,7,9,1,0,0,0,1,0,0,0,2116,21,0,0,53,640,0.19047619047619047,0.42857142857142855,0.3333333333333333,0.047619047619047616,100.76190476190476,0.4962192816635161,0.2622873345935728,0.055765595463137994,1,1,3,3.7902786685928946,-1.4339072311357979,High-Value Elite
4207,1981,PhD,Married,87171.0,0,0,2013-01-05,27,1001,44,107,58,44,44,1,6,7,11,2,1,0,1,0,0,0,0,1298,25,0,0,33,701,0.24,0.44,0.28,0.04,51.92,0.7711864406779662,0.08243451463790447,0.03389830508474576,2,1,3,3.74234287320237,-0.6559912422100913,High-Value Elite
577,1976,2n Cycle,Together,26907.0,1,1,2013-07-02,10,9,1,7,0,3,2,2,1,0,3,7,0,0,0,0,0,0,0,22,6,2,1,38,523,0.16666666666666666,0.5,0.0,0.3333333333333333,3.6666666666666665,0.4090909090909091,0.3181818181818182,0.09090909090909091,0,0,1,-2.858791642173967,0.050020749392065994,Occasional / Low-Engagement
10855,1968,Master,Single,50014.0,1,0,2013-07-02,9,234,14,77,19,10,42,2,4,1,8,5,0,0,0,0,0,0,0,396,15,1,1,46,523,0.26666666666666666,0.5333333333333333,0.06666666666666667,0.13333333333333333,26.4,0.5909090909090909,0.19444444444444445,0.10606060606060606,0,0,0,-0.13592297671606157,-0.013510324044837397,Digital Convenience Shoppers
3081,1978,PhD,Married,41014.0,1,0,2013-07-02,65,7,2,6,2,0,3,1,1,0,2,7,0,0,0,0,0,0,0,20,4,1,1,36,523,0.25,0.5,0.0,0.25,5.0,0.35,0.3,0.15,0,0,1,-2.489969776363769,-0.9777891477026812,Occasional / Low-Engagement
3535,1965,Graduation,Single,66294.0,0,0,2013-07-02,68,251,108,334,65,92,117,1,4,3,5,2,0,0,0,0,0,0,0,967,13,0,0,49,523,0.3076923076923077,0.38461538461538464,0.23076923076923078,0.07692307692307693,74.38461538461539,0.2595656670113754,0.3453981385729059,0.12099276111685625,0,0,3,1.0532063717961087,-1.6694869568941333,High-Value Elite
247,1971,Graduation,Married,36715.0,1,0,2013-07-02,16,172,10,125,21,13,16,6,7,2,4,9,0,0,0,0,0,0,1,357,19,1,1,43,523,0.3684210526315789,0.21052631578947367,0.10526315789473684,0.3157894736842105,18.789473684210527,0.48179271708683474,0.35014005602240894,0.04481792717086835,0,0,2,-0.689337673624665,2.401892495674763,Deal & Discount Hunters
8707,1956,Graduation,Married,79456.0,0,0,2013-07-02,12,565,42,548,64,83,99,1,5,6,4,3,0,0,0,0,0,0,1,1401,16,0,0,58,523,0.3125,0.25,0.375,0.0625,87.5625,0.403283369022127,0.39114917915774444,0.07066381156316917,0,0,3,2.0114928556365546,-1.4032195477491953,High-Value Elite
9523,1982,Graduation,Together,40479.0,1,0,2013-07-02,95,5,0,8,2,0,0,1,0,0,3,4,0,0,0,0,0,0,0,15,4,1,1,32,523,0.0,0.75,0.0,0.25,3.75,0.3333333333333333,0.5333333333333333,0.0,0,0,1,-2.1387918458717627,-1.56662962976883,Occasional / Low-Engagement
6072,1970,Master,Single,75345.0,0,0,2013-02-02,16,918,57,842,99,38,133,1,5,8,6,3,0,0,0,1,0,0,1,2087,20,0,0,44,673,0.25,0.3,0.4,0.05,104.35,0.439865836128414,0.4034499281264974,0.0637278390033541,1,1,3,3.140085645926638,-1.0285928439813834,High-Value Elite
6295,1977,Graduation,Married,54233.0,0,1,2013-04-02,46,652,8,158,21,0,142,4,11,6,5,8,0,0,0,0,0,0,0,981,26,1,1,37,614,0.4230769230769231,0.19230769230769232,0.23076923076923078,0.15384615384615385,37.73076923076923,0.6646279306829765,0.16106014271151886,0.14475025484199797,0,0,0,1.6380111779903905,2.355734786520478,Digital Convenience Shoppers
10914,1970,Graduation,Single,24163.0,1,1,2013-12-10,3,4,1,7,2,1,2,2,1,0,3,4,0,0,0,0,0,0,0,17,6,2,1,44,362,0.16666666666666666,0.5,0.0,0.3333333333333333,2.8333333333333335,0.23529411764705882,0.4117647058823529,0.11764705882352941,0,0,1,-2.5928559006379674,-0.6362596053144605,Occasional / Low-Engagement
1509,1958,PhD,Together,84460.0,0,0,2013-04-01,80,152,27,103,106,54,81,0,9,9,4,5,0,1,1,1,1,0,1,523,22,0,0,56,615,0.4090909090909091,0.18181818181818182,0.4090909090909091,0.0,23.772727272727273,0.29063097514340347,0.19694072657743786,0.15487571701720843,4,1,3,2.4236325262618834,-0.560849613033733,High-Value Elite
5577,1983,Graduation,Together,43776.0,1,0,2014-03-05,77,8,0,9,2,1,3,1,1,0,2,6,0,0,0,0,0,0,0,23,4,1,1,31,277,0.25,0.5,0.0,0.25,5.75,0.34782608695652173,0.391304347826087,0.13043478260869565,0,0,1,-2.3588500592902024,-1.4762174929024734,Occasional / Low-Engagement
7348,1958,PhD,Single,71691.0,0,0,2013-07-02,0,336,130,411,240,32,43,1,4,7,5,2,0,0,0,0,0,0,1,1192,17,0,0,56,523,0.23529411764705882,0.29411764705882354,0.4117647058823529,0.058823529411764705,70.11764705882354,0.28187919463087246,0.3447986577181208,0.03607382550335571,0,0,3,2.031313426972295,-1.586490621450421,High-Value Elite
1127,1973,PhD,Married,85844.0,0,0,2013-07-02,62,938,19,843,25,95,38,1,6,6,7,2,0,0,1,0,0,0,0,1958,20,0,0,41,523,0.3,0.35,0.3,0.05,97.9,0.4790602655771195,0.4305413687436159,0.01940755873340143,1,1,3,3.300862130858587,-1.2468726789521813,High-Value Elite
1833,1974,PhD,Single,39190.0,1,0,2013-07-02,91,68,8,18,19,8,12,2,2,1,4,5,0,0,0,0,0,0,0,133,9,1,1,40,523,0.2222222222222222,0.4444444444444444,0.1111111111111111,0.2222222222222222,14.777777777777779,0.5112781954887218,0.13533834586466165,0.09022556390977443,0,0,1,-1.483399001680276,-0.6002294626090077,Occasional / Low-Engagement
4944,1959,Graduation,Together,71367.0,0,0,2013-07-02,24,227,23,389,42,21,75,1,4,5,7,2,0,0,0,0,0,0,0,777,17,0,0,55,523,0.23529411764705882,0.4117647058823529,0.29411764705882354,0.058823529411764705,45.705882352941174,0.29214929214929214,0.5006435006435006,0.09652509652509653,0,0,3,1.70849039850976,-1.4720340611256368,High-Value Elite
9080,1972,PhD,Single,38578.0,1,1,2013-07-02,2,38,4,22,3,3,3,3,3,0,3,8,0,0,0,0,0,0,0,73,9,2,1,42,523,0.3333333333333333,0.3333333333333333,0.0,0.3333333333333333,8.11111111111111,0.5205479452054794,0.3013698630136986,0.0410958904109589,0,0,1,-2.3633338631814644,0.8636871943067768,Occasional / Low-Engagement
6466,1965,PhD,Married,57236.0,1,1,2014-12-03,22,105,0,9,2,1,4,3,2,1,4,3,0,0,0,0,0,0,0,121,10,2,1,49,4,0.2,0.4,0.1,0.3,12.1,0.8677685950413223,0.0743801652892562,0.03305785123966942,0,0,1,-1.2927708415861543,-0.7866633110433159,Occasional / Low-Engagement
9964,1979,Graduation,Single,61825.0,0,1,2013-07-08,56,162,50,100,55,30,27,1,4,2,8,4,0,0,0,0,0,0,0,424,15,1,1,35,517,0.26666666666666666,0.5333333333333333,0.13333333333333333,0.06666666666666667,28.266666666666666,0.38207547169811323,0.2358490566037736,0.06367924528301887,0,0,0,0.3615315823710494,-0.5892515216997557,Digital Convenience Shoppers
4790,1958,Graduation,Divorced,79803.0,0,1,2014-02-06,54,574,8,216,21,16,33,1,4,3,5,1,0,0,0,0,0,0,0,868,13,1,1,56,304,0.3076923076923077,0.38461538461538464,0.23076923076923078,0.07692307692307693,66.76923076923077,0.6612903225806451,0.2488479262672811,0.038018433179723504,0,0,3,0.9959549095925234,-1.6558461694384699,High-Value Elite
10245,1986,2n Cycle,Single,80910.0,0,0,2013-07-02,71,160,80,369,67,39,41,1,3,3,8,1,0,0,0,0,0,0,0,756,15,0,0,28,523,0.2,0.5333333333333333,0.2,0.06666666666666667,50.4,0.21164021164021163,0.4880952380952381,0.05423280423280423,0,0,3,1.637547794412509,-1.8332717997554175,High-Value Elite
1109,1982,Master,Together,27590.0,1,0,2013-07-02,38,6,0,5,0,0,1,1,1,0,2,7,0,0,0,0,0,0,0,12,4,1,1,32,523,0.25,0.5,0.0,0.25,3.0,0.5,0.4166666666666667,0.08333333333333333,0,0,1,-2.748625431607236,-0.9122218070481254,Occasional / Low-Engagement
6001,1979,Graduation,Married,56775.0,0,1,2013-02-01,62,614,35,160,58,35,35,2,5,8,10,5,0,0,0,0,0,0,0,937,25,1,1,35,674,0.2,0.4,0.32,0.08,37.48,0.655282817502668,0.17075773745997866,0.03735325506937033,0,0,0,2.180952339546868,0.6106364110889128,Digital Convenience Shoppers
5538,1975,Graduation,Divorced,83829.0,0,0,2013-08-10,78,897,161,430,186,161,27,0,4,7,6,1,1,0,1,1,0,0,1,1862,17,0,0,39,484,0.23529411764705882,0.35294117647058826,0.4117647058823529,0.0,109.52941176470588,0.4817400644468314,0.23093447905477982,0.014500537056928034,3,1,3,2.9644119176835013,-2.2008519085532403,High-Value Elite
10552,1979,2n Cycle,Married,54210.0,0,1,2013-07-02,18,70,54,109,80,9,45,2,4,1,7,5,0,0,0,0,0,0,0,367,14,1,1,35,523,0.2857142857142857,0.5,0.07142857142857142,0.14285714285714285,26.214285714285715,0.1907356948228883,0.2970027247956403,0.1226158038147139,0,0,1,-0.24405087247484117,-0.10623056933628248,Occasional / Low-Engagement
1545,1986,Graduation,Married,38508.0,1,0,2013-02-08,95,120,19,206,25,19,54,6,7,2,5,8,0,0,0,0,0,0,0,443,20,1,1,28,667,0.35,0.25,0.1,0.3,22.15,0.2708803611738149,0.4650112866817156,0.12189616252821671,0,0,2,-0.2731304022070684,2.4697464772053848,Deal & Discount Hunters
7409,1970,Graduation,Together,53187.0,1,0,2013-07-02,66,211,2,30,7,7,10,2,4,1,6,5,0,0,0,0,0,0,0,267,13,1,1,44,523,0.3076923076923077,0.46153846153846156,0.07692307692307693,0.15384615384615385,20.53846153846154,0.7902621722846442,0.11235955056179775,0.03745318352059925,0,0,1,-0.48939903904493,-0.18035024474485764,Occasional / Low-Engagement
4444,1972,Graduation,Married,30023.0,1,0,2013-07-02,28,11,0,16,7,6,21,1,2,0,3,8,0,0,0,0,0,0,0,61,6,1,1,42,523,0.3333333333333333,0.5,0.0,0.16666666666666666,10.166666666666666,0.18032786885245902,0.26229508196721313,0.3442622950819672,0,0,1,-2.4636852794943747,-0.5180359235010175,Occasional / Low-Engagement
146,1960,PhD,Single,76045.0,0,0,2013-07-02,78,760,53,400,17,93,0,1,4,5,11,2,0,0,0,1,0,0,0,1323,21,0,0,54,523,0.19047619047619047,0.5238095238095238,0.23809523809523808,0.047619047619047616,63.0,0.5744520030234316,0.30234315948601664,0.0,1,1,3,2.8539110023639074,-1.2389676171029718,High-Value Elite
6271,1952,PhD,Married,50870.0,0,1,2013-07-02,13,53,0,8,0,0,2,1,2,0,3,5,0,0,0,0,0,0,0,63,6,1,1,62,523,0.3333333333333333,0.5,0.0,0.16666666666666666,10.5,0.8412698412698413,0.12698412698412698,0.031746031746031744,0,0,1,-1.7333857032594462,-1.0979110283400801,Occasional / Low-Engagement
10065,1970,2n Cycle,Married,15315.0,0,0,2013-03-08,27,7,4,13,15,8,17,2,2,0,4,5,0,0,0,0,0,0,0,64,8,0,0,44,639,0.25,0.5,0.0,0.25,8.0,0.109375,0.203125,0.265625,0,0,1,-1.835386790118364,-0.865775908939975,Occasional / Low-Engagement
4741,1974,2n Cycle,Married,65463.0,1,0,2013-07-02,17,391,32,70,21,32,16,2,6,2,9,5,0,1,0,0,0,0,0,562,19,1,1,40,523,0.3157894736842105,0.47368421052631576,0.10526315789473684,0.10526315789473684,29.57894736842105,0.6957295373665481,0.12455516014234876,0.028469750889679714,1,1,0,0.9309863924295139,0.34342907063156125,Digital Convenience Shoppers
246,1965,Graduation,Married,66480.0,1,1,2013-07-02,71,199,9,57,20,21,6,7,4,1,7,4,0,0,0,0,0,0,0,312,19,2,1,49,523,0.21052631578947367,0.3684210526315789,0.05263157894736842,0.3684210526315789,16.42105263157895,0.6378205128205128,0.18269230769230768,0.019230769230769232,0,0,2,0.00026220156315551624,2.0141068590446967,Deal & Discount Hunters
375,1954,Graduation,Divorced,76773.0,0,0,2013-07-02,79,516,56,449,86,33,16,1,2,2,11,1,0,0,0,0,0,0,0,1156,16,0,0,60,523,0.125,0.6875,0.125,0.0625,72.25,0.4463667820069204,0.3884083044982699,0.01384083044982699,0,0,3,2.00110905511775,-1.8113745415949922,High-Value Elite
1524,1983,2n Cycle,Single,81698.0,0,0,2013-01-03,1,709,45,115,30,160,45,1,8,2,5,5,0,0,0,1,0,0,1,1104,16,0,0,31,703,0.5,0.3125,0.125,0.0625,69.0,0.6422101449275363,0.10416666666666667,0.04076086956521739,1,1,0,1.5431781831605318,-0.3598452727555474,Digital Convenience Shoppers
10022,1973,PhD,Single,54466.0,1,1,2014-09-02,78,12,0,4,0,0,0,1,1,0,2,5,0,0,0,0,0,0,0,16,4,2,1,41,96,0.25,0.5,0.0,0.25,4.0,0.75,0.25,0.0,0,0,1,-2.3948200924007916,-1.40898365823876,Occasional / Low-Engagement
7451,1960,Master,Single,98777.0,0,0,2013-07-02,23,1000,19,711,125,115,38,0,4,6,9,1,0,1,0,0,0,0,0,2008,19,0,0,54,523,0.21052631578947367,0.47368421052631576,0.3157894736842105,0.0,105.6842105263158,0.49800796812749004,0.35408366533864544,0.018924302788844622,1,1,3,3.6534959292423963,-2.0170779394571747,High-Value Elite
11010,1984,PhD,Single,16269.0,1,0,2013-07-02,75,19,3,18,3,1,0,3,3,0,3,8,0,0,0,0,0,0,0,44,9,1,1,30,523,0.3333333333333333,0.3333333333333333,0.0,0.3333333333333333,4.888888888888889,0.4318181818181818,0.4090909090909091,0.0,0,0,1,-2.4646000377690784,0.4349428649850593,Occasional / Low-Engagement
4356,1971,Graduation,Together,71819.0,0,1,2013-07-02,70,1224,28,140,0,14,168,3,3,3,5,6,0,1,1,0,0,0,0,1574,14,1,1,43,523,0.21428571428571427,0.35714285714285715,0.21428571428571427,0.21428571428571427,112.42857142857143,0.7776365946632783,0.08894536213468869,0.10673443456162643,2,1,0,0.7388039862894685,0.005294610801699508,Digital Convenience Shoppers
3885,1983,PhD,Married,33569.0,1,0,2013-07-02,10,16,2,18,3,0,24,1,1,1,2,8,1,0,0,0,0,0,1,63,5,1,1,31,523,0.2,0.4,0.2,0.2,12.6,0.25396825396825395,0.2857142857142857,0.38095238095238093,1,1,1,-2.5406914676095047,-0.7456722013615714,Occasional / Low-Engagement
1175,1983,Master,Married,36262.0,0,0,2013-07-02,24,88,39,54,64,28,153,1,3,5,3,6,1,0,0,0,0,0,1,426,12,0,0,31,523,0.25,0.25,0.4166666666666667,0.08333333333333333,35.5,0.20657276995305165,0.1267605633802817,0.3591549295774648,1,1,1,-0.47174821542265016,-1.1065043483206372,Occasional / Low-Engagement
880,1966,Basic,Together,22634.0,0,0,2013-07-02,47,2,23,11,8,6,46,1,2,1,2,8,0,0,0,0,0,0,0,96,6,0,0,48,523,0.3333333333333333,0.3333333333333333,0.16666666666666666,0.16666666666666666,16.0,0.020833333333333332,0.11458333333333333,0.4791666666666667,0,0,1,-2.2399840157638415,-1.0523348385619762,Occasional / Low-Engagement
2320,1978,2n Cycle,Married,47025.0,0,1,2013-12-09,98,508,11,59,23,5,29,5,11,1,6,9,0,0,0,0,0,0,0,635,23,1,1,36,363,0.4782608695652174,0.2608695652173913,0.043478260869565216,0.21739130434782608,27.608695652173914,0.8,0.09291338582677165,0.04566929133858268,0,0,2,0.41384319362255184,2.542407992929853,Deal & Discount Hunters
850,1968,Graduation,Single,70566.0,0,1,2013-06-10,4,381,28,215,84,28,21,2,6,5,9,3,0,0,0,0,0,0,0,757,22,1,1,46,545,0.2727272727272727,0.4090909090909091,0.22727272727272727,0.09090909090909091,34.40909090909091,0.5033025099075297,0.28401585204755614,0.02774108322324967,0,0,0,1.9457687703525668,0.09279119439291877,Digital Convenience Shoppers
4713,1979,PhD,Married,31605.0,1,0,2013-07-02,15,74,0,42,2,1,6,2,2,1,4,7,0,0,0,0,0,0,0,125,9,1,1,35,523,0.2222222222222222,0.4444444444444444,0.1111111111111111,0.2222222222222222,13.88888888888889,0.592,0.336,0.048,0,0,1,-1.8766935723924603,-0.22272532358979522,Occasional / Low-Engagement
675,1973,Master,Divorced,52034.0,1,1,2013-07-02,67,146,0,93,7,13,73,5,4,2,5,7,0,0,0,0,0,0,0,332,16,2,1,41,523,0.25,0.3125,0.125,0.3125,20.75,0.4397590361445783,0.28012048192771083,0.21987951807228914,0,0,2,-0.8485905592153106,1.7137369471234305,Deal & Discount Hunters
5025,1979,Graduation,Single,48526.0,1,0,2013-07-02,32,23,17,23,43,20,9,1,2,1,4,3,0,0,0,0,0,0,0,135,8,1,1,35,523,0.25,0.5,0.125,0.125,16.875,0.17037037037037037,0.17037037037037037,0.06666666666666667,0,0,1,-1.1392510377874674,-1.322821582573496,Occasional / Low-Engagement
2308,1954,Graduation,Married,46734.0,0,1,2013-07-02,40,110,5,137,26,23,29,2,6,1,5,7,0,0,0,0,0,0,0,330,14,1,1,60,523,0.42857142857142855,0.35714285714285715,0.07142857142857142,0.14285714285714285,23.571428571428573,0.3333333333333333,0.41515151515151516,0.08787878787878788,0,0,1,-0.6553949254759343,0.43975130536590973,Occasional / Low-Engagement
5995,1962,Graduation,Divorced,39552.0,1,1,2013-07-02,54,165,3,147,4,24,41,7,6,2,5,8,0,0,0,0,0,0,1,384,20,2,1,52,523,0.3,0.25,0.1,0.35,19.2,0.4296875,0.3828125,0.10677083333333333,0,0,2,-0.7498762521087893,3.001827553597376,Deal & Discount Hunters
6749,1966,Graduation,Single,86358.0,1,1,2012-08-08,78,957,47,494,82,47,95,4,5,3,6,8,0,0,0,0,0,0,0,1722,18,2,1,48,851,0.2777777777777778,0.3333333333333333,0.16666666666666666,0.2222222222222222,95.66666666666667,0.5557491289198606,0.2868757259001161,0.05516840882694541,0,0,2,1.1482842117841476,1.9747328491141403,Deal & Discount Hunters
1010,1977,Graduation,Together,46931.0,2,1,2013-07-02,94,41,0,17,3,1,16,2,1,1,3,3,0,0,0,0,0,0,0,78,7,3,1,37,523,0.14285714285714285,0.42857142857142855,0.14285714285714285,0.2857142857142857,11.142857142857142,0.5256410256410257,0.21794871794871795,0.20512820512820512,0,0,1,-2.0997284283125457,-0.1746150461136623,Occasional / Low-Engagement
8977,1985,Basic,Single,16581.0,0,0,2013-12-01,51,1,3,4,2,3,11,1,0,0,3,4,0,0,0,0,0,0,0,24,4,0,0,29,371,0.0,0.75,0.0,0.25,6.0,0.041666666666666664,0.16666666666666666,0.4583333333333333,0,0,1,-2.2926050015786843,-2.162970250361624,Occasional / Low-Engagement
4756,1952,2n Cycle,Divorced,63998.0,0,0,2013-07-02,42,176,29,818,0,33,112,1,7,6,11,4,0,0,0,0,0,0,1,1168,25,0,0,62,523,0.28,0.44,0.24,0.04,46.72,0.1506849315068493,0.7003424657534246,0.0958904109589041,0,0,3,2.9398249927817846,-0.31198125850379277,High-Value Elite
3412,1951,Master,Married,67381.0,0,1,2013-07-02,67,815,8,53,11,0,70,4,2,2,9,7,0,1,0,0,0,0,0,957,17,1,1,63,523,0.11764705882352941,0.5294117647058824,0.11764705882352941,0.23529411764705882,56.294117647058826,0.851619644723093,0.055381400208986416,0.07314524555903866,1,1,0,0.4888693664499989,0.6908947932935022,Digital Convenience Shoppers
606,1967,Graduation,Single,25930.0,1,1,2013-10-10,87,6,1,2,2,0,4,1,1,0,2,7,0,0,0,0,0,0,0,15,4,2,1,47,423,0.25,0.5,0.0,0.25,3.75,0.4,0.13333333333333333,0.26666666666666666,0,0,1,-3.097805340120651,-0.5323175527667798,Occasional / Low-Engagement
5961,1978,Graduation,Married,42693.0,1,0,2014-07-06,29,8,4,20,6,3,16,1,1,0,3,5,0,0,0,0,0,0,0,57,5,1,1,36,154,0.2,0.6,0.0,0.2,11.4,0.14035087719298245,0.3508771929824561,0.2807017543859649,0,0,1,-2.10233322511095,-1.7127084057332744,Occasional / Low-Engagement
2975,1976,Graduation,Together,85606.0,0,1,2012-12-11,89,717,42,864,219,30,84,2,6,7,9,3,0,0,0,1,0,0,0,1956,24,1,1,38,726,0.25,0.375,0.2916666666666667,0.08333333333333333,81.5,0.3665644171779141,0.44171779141104295,0.04294478527607362,1,1,3,3.4709799705680773,0.22982082737694512,High-Value Elite
2894,1985,Graduation,Single,72903.0,0,0,2013-07-02,74,1067,138,750,0,19,39,1,7,5,8,4,0,1,1,1,0,0,1,2013,21,0,0,29,523,0.3333333333333333,0.38095238095238093,0.23809523809523808,0.047619047619047616,95.85714285714286,0.5300546448087432,0.37257824143070045,0.019374068554396422,3,1,3,3.0110916880690564,-0.6523287844502246,High-Value Elite
7613,1974,2n Cycle,Together,49669.0,1,0,2013-07-02,97,166,5,107,11,8,29,2,5,1,6,6,0,0,0,0,0,0,0,326,14,1,1,40,523,0.35714285714285715,0.42857142857142855,0.07142857142857142,0.14285714285714285,23.285714285714285,0.50920245398773,0.3282208588957055,0.08895705521472393,0,0,1,-0.4657819608381271,0.15695245976504907,Occasional / Low-Engagement
10542,1968,PhD,Married,36778.0,1,1,2012-05-08,63,29,4,34,2,4,4,3,3,0,3,9,0,0,0,0,0,0,0,77,9,2,1,46,943,0.3333333333333333,0.3333333333333333,0.0,0.3333333333333333,8.555555555555555,0.37662337662337664,0.44155844155844154,0.05194805194805195,0,0,1,-2.42791597612316,1.5680583717680219,Occasional / Low-Engagement
8015,1962,PhD,Divorced,85696.0,0,0,2013-03-05,88,714,76,395,116,0,12,1,4,6,9,1,0,0,0,0,0,0,1,1313,20,0,0,52,642,0.2,0.45,0.3,0.05,65.65,0.5437928408225438,0.3008377760853008,0.00913937547600914,0,0,3,3.0121695643889748,-1.4136203993384624,High-Value Elite
10617,1989,Master,Divorced,10979.0,0,0,2013-07-02,34,8,4,10,2,2,4,2,3,0,3,5,0,0,0,0,0,0,0,30,8,0,0,25,523,0.375,0.375,0.0,0.25,3.75,0.26666666666666666,0.3333333333333333,0.13333333333333333,0,0,1,-1.966752871671658,-0.9028766219252566,Occasional / Low-Engagement
11166,1961,Graduation,Married,49678.0,0,1,2013-02-02,81,229,5,56,3,2,20,2,6,2,4,7,0,0,0,0,0,0,0,315,14,1,1,53,673,0.42857142857142855,0.2857142857142857,0.14285714285714285,0.14285714285714285,22.5,0.726984126984127,0.17777777777777778,0.06349206349206349,0,0,1,-0.5613054066418118,0.5661240758747549,Occasional / Low-Engagement
849,1953,Master,Together,56129.0,0,1,2013-07-02,65,320,48,133,39,72,48,4,6,2,10,4,0,0,0,0,0,0,0,660,22,1,1,61,523,0.2727272727272727,0.45454545454545453,0.09090909090909091,0.18181818181818182,30.0,0.48484848484848486,0.2015151515151515,0.07272727272727272,0,0,0,1.2178046570881202,1.0125221357986793,Digital Convenience Shoppers
523,1989,Graduation,Married,37155.0,1,0,2013-07-02,51,23,0,26,7,15,3,1,2,0,4,5,0,0,0,0,0,0,0,74,7,1,1,25,523,0.2857142857142857,0.5714285714285714,0.0,0.14285714285714285,10.571428571428571,0.3108108108108108,0.35135135135135137,0.04054054054054054,0,0,1,-1.803263713877947,-0.9722151676281059,Occasional / Low-Engagement
4066,1978,2n Cycle,Divorced,21282.0,1,0,2014-11-05,76,1,5,8,4,8,20,2,2,1,2,6,0,0,0,0,0,0,0,46,7,1,1,36,32,0.2857142857142857,0.2857142857142857,0.14285714285714285,0.2857142857142857,6.571428571428571,0.021739130434782608,0.17391304347826086,0.43478260869565216,0,0,1,-2.407952885619641,-1.135567296284496,Occasional / Low-Engagement
8414,1962,PhD,Single,33419.0,0,1,2013-07-02,76,56,0,12,0,0,18,2,2,0,4,7,0,0,0,0,0,0,0,86,8,1,1,52,523,0.25,0.5,0.0,0.25,10.75,0.6511627906976745,0.13953488372093023,0.20930232558139536,0,0,1,-2.0416650344148706,-0.2678471725486531,Occasional / Low-Engagement
819,1945,Graduation,Widow,63285.0,0,0,2013-05-11,84,508,124,249,50,38,134,1,6,5,13,3,0,0,0,0,0,0,0,1103,25,0,0,69,575,0.24,0.52,0.2,0.04,44.12,0.4605621033544878,0.2257479601087942,0.1214868540344515,0,0,3,3.008262911276825,-0.4567890755719504,High-Value Elite
4961,1974,Master,Together,21255.0,1,0,2013-07-02,56,29,0,25,2,2,3,4,2,1,4,4,0,0,0,0,0,0,0,61,11,1,1,40,523,0.18181818181818182,0.36363636363636365,0.09090909090909091,0.36363636363636365,5.545454545454546,0.47540983606557374,0.4098360655737705,0.04918032786885246,0,0,1,-1.657813173470685,0.06020111834316375,Occasional / Low-Engagement
749,1981,Graduation,Together,42162.0,1,0,2013-07-02,31,46,7,59,2,4,27,2,3,1,3,6,1,0,0,0,0,0,1,145,9,1,1,33,523,0.3333333333333333,0.3333333333333333,0.1111111111111111,0.2222222222222222,16.11111111111111,0.31724137931034485,0.4068965517241379,0.18620689655172415,1,1,1,-1.5592274750608386,-0.34333496223029697,Occasional / Low-Engagement
5430,1956,Graduation,Together,54450.0,1,1,2013-07-02,0,454,0,171,8,19,32,12,9,2,8,8,0,0,0,0,0,0,0,684,31,2,1,58,523,0.2903225806451613,0.25806451612903225,0.06451612903225806,0.3870967741935484,22.06451612903226,0.6637426900584795,0.25,0.04678362573099415,0,0,2,0.9377599043012709,5.489955385721786,Deal & Discount Hunters
7755,1954,PhD,Married,57744.0,0,1,2013-12-11,91,350,3,39,0,0,19,2,9,1,4,8,0,0,0,0,0,0,0,411,16,1,1,60,361,0.5625,0.25,0.0625,0.125,25.6875,0.851581508515815,0.0948905109489051,0.046228710462287104,0,0,0,-0.22449556360861525,0.7589310898067946,Digital Convenience Shoppers
10525,1986,Graduation,Single,26576.0,1,0,2013-07-02,40,10,0,8,0,0,9,1,1,0,2,9,1,0,0,0,0,0,1,27,4,1,1,28,523,0.25,0.5,0.0,0.25,6.75,0.37037037037037035,0.2962962962962963,0.3333333333333333,1,1,1,-2.98839344978058,-0.5817654866632979,Occasional / Low-Engagement
1453,1943,PhD,Widow,57513.0,0,0,2013-06-07,59,735,40,183,52,20,30,2,9,3,13,6,0,0,0,0,0,0,0,1060,27,0,0,71,548,0.3333333333333333,0.48148148148148145,0.1111111111111111,0.07407407407407407,39.25925925925926,0.6933962264150944,0.17264150943396225,0.02830188679245283,0,0,0,2.665585087214054,0.8506340728549365,Digital Convenience Shoppers
8310,1964,Graduation,Together,68142.0,0,1,2013-07-02,96,897,126,196,91,112,37,3,10,4,7,6,0,0,0,0,0,0,0,1459,24,1,1,50,523,0.4166666666666667,0.2916666666666667,0.16666666666666666,0.125,60.791666666666664,0.6148046607265251,0.1343385880740233,0.025359835503769704,0,0,0,2.213915693364092,1.3723702362704764,Digital Convenience Shoppers
10710,1979,Graduation,Married,7500.0,0,1,2013-07-02,61,5,2,3,3,0,5,1,1,0,2,8,0,0,0,0,0,0,0,18,4,1,1,35,523,0.25,0.5,0.0,0.25,4.5,0.2777777777777778,0.16666666666666666,0.2777777777777778,0,0,1,-3.225823761300596,-0.6650776866181981,Occasional / Low-Engagement
5031,1974,Graduation,Together,83145.0,0,0,2013-07-02,14,777,35,731,39,137,114,1,5,9,11,2,0,0,1,0,0,0,1,1833,26,0,0,40,523,0.19230769230769232,0.4230769230769231,0.34615384615384615,0.038461538461538464,70.5,0.4238952536824877,0.39879978177850517,0.062193126022913256,1,1,3,4.218930630542246,-1.0119885641413835,High-Value Elite
2613,1960,Master,Married,54197.0,0,1,2014-03-04,16,162,6,37,6,13,13,2,1,3,6,1,0,0,0,0,0,0,0,237,12,1,1,54,278,0.08333333333333333,0.5,0.25,0.16666666666666666,19.75,0.6835443037974683,0.15611814345991562,0.05485232067510549,0,0,1,-0.18087133320859722,-1.5972515725052534,Occasional / Low-Engagement
213,1963,PhD,Single,23091.0,1,1,2013-07-02,98,35,0,11,0,0,2,4,2,1,3,7,0,0,0,0,0,0,0,48,10,2,1,51,523,0.2,0.3,0.1,0.4,4.8,0.7291666666666666,0.22916666666666666,0.041666666666666664,0,0,1,-2.453839979965932,0.9740676952010198,Occasional / Low-Engagement
967,1976,Graduation,Married,46049.0,1,1,2013-07-02,11,342,9,112,19,14,19,10,5,2,9,7,0,0,0,0,0,0,1,515,26,2,1,38,523,0.19230769230769232,0.34615384615384615,0.07692307692307693,0.38461538461538464,19.807692307692307,0.6640776699029126,0.2174757281553398,0.036893203883495145,0,0,2,0.22594664638438197,4.038792154339465,Deal & Discount Hunters
1077,1974,Graduation,Together,56715.0,0,0,2012-05-12,52,258,105,239,237,172,9,1,7,3,4,4,0,0,0,0,0,0,0,1020,15,0,0,40,939,0.4666666666666667,0.26666666666666666,0.2,0.06666666666666667,68.0,0.2529411764705882,0.23431372549019608,0.008823529411764706,0,0,0,1.049937996400607,-0.32821765362248534,Digital Convenience Shoppers
7959,1961,Graduation,Married,79410.0,0,0,2013-07-02,19,658,80,483,123,13,13,1,3,2,5,1,0,0,0,0,0,0,0,1370,11,0,0,53,523,0.2727272727272727,0.45454545454545453,0.18181818181818182,0.09090909090909091,124.54545454545455,0.4802919708029197,0.35255474452554747,0.00948905109489051,0,0,3,1.3390346330102605,-2.0969032684630884,High-Value Elite
640,1951,Graduation,Married,57304.0,0,1,2013-11-03,61,356,80,329,138,17,106,2,7,6,10,5,0,0,0,0,0,0,0,1026,25,1,1,63,399,0.28,0.4,0.24,0.08,41.04,0.3469785575048733,0.3206627680311891,0.10331384015594541,0,0,0,2.152554792210383,0.5298053141777405,Digital Convenience Shoppers
4252,1965,Graduation,Married,44375.0,0,1,2013-07-02,73,213,5,28,7,7,41,1,4,1,6,5,0,0,0,0,0,0,0,301,12,1,1,49,523,0.3333333333333333,0.5,0.08333333333333333,0.08333333333333333,25.083333333333332,0.707641196013289,0.09302325581395349,0.1362126245847176,0,0,1,-0.6754966118511391,-0.5114254106094429,Occasional / Low-Engagement
8432,1956,Graduation,Together,54450.0,1,1,2013-07-02,0,454,0,171,8,19,32,12,9,2,8,8,0,0,0,0,0,0,0,684,31,2,1,58,523,0.2903225806451613,0.25806451612903225,0.06451612903225806,0.3870967741935484,22.06451612903226,0.6637426900584795,0.25,0.04678362573099415,0,0,2,0.9377599043012709,5.489955385721786,Deal & Discount Hunters
6218,1965,Graduation,Married,59594.0,0,1,2013-07-02,74,457,4,29,0,0,9,1,8,1,7,7,0,1,0,0,0,0,0,499,17,1,1,49,523,0.47058823529411764,0.4117647058823529,0.058823529411764705,0.058823529411764705,29.352941176470587,0.9158316633266533,0.05811623246492986,0.018036072144288578,1,1,0,0.3056279141569575,0.4834174502622449,Digital Convenience Shoppers
6905,1994,Graduation,Together,80685.0,0,0,2013-07-02,55,241,45,604,34,26,54,1,6,4,10,2,0,0,0,0,0,0,0,1004,21,0,0,20,523,0.2857142857142857,0.47619047619047616,0.19047619047619047,0.047619047619047616,47.80952380952381,0.2400398406374502,0.601593625498008,0.053784860557768925,0,0,3,2.6756261297615485,-1.0009247106583365,High-Value Elite
5922,1974,PhD,Married,40344.0,0,1,2013-07-02,48,210,0,6,0,0,2,2,4,1,5,7,0,0,0,0,0,0,0,218,12,1,1,40,523,0.3333333333333333,0.4166666666666667,0.08333333333333333,0.16666666666666666,18.166666666666668,0.963302752293578,0.027522935779816515,0.009174311926605505,0,0,1,-1.1630440767694656,0.13636289047212305,Occasional / Low-Engagement
3598,1972,Graduation,Married,62710.0,0,1,2013-07-02,53,441,35,83,7,29,11,4,4,2,12,4,0,0,0,0,0,0,0,606,22,1,1,42,523,0.18181818181818182,0.5454545454545454,0.09090909090909091,0.18181818181818182,27.545454545454547,0.7277227722772277,0.13696369636963696,0.018151815181518153,0,0,0,1.3197117342343814,0.8005809167924551,Digital Convenience Shoppers
6116,1968,2n Cycle,Married,48985.0,0,1,2013-05-07,13,19,13,18,10,7,8,1,1,1,3,3,0,0,0,0,0,0,0,75,6,1,1,46,579,0.16666666666666666,0.5,0.16666666666666666,0.16666666666666666,12.5,0.25333333333333335,0.24,0.10666666666666667,0,0,1,-1.4914136720818194,-1.486531993763369,Occasional / Low-Engagement
6263,1968,Graduation,Together,35322.0,1,2,2013-07-02,34,28,9,37,12,7,13,3,2,0,4,8,0,0,0,0,0,0,0,106,9,3,1,46,523,0.2222222222222222,0.4444444444444444,0.0,0.3333333333333333,11.777777777777779,0.2641509433962264,0.3490566037735849,0.12264150943396226,0,0,1,-2.697985929678033,1.2884728453850085,Occasional / Low-Engagement
10486,1948,Graduation,Married,77142.0,0,0,2013-07-02,54,476,75,162,29,151,97,1,4,4,8,2,0,0,0,0,0,0,0,990,17,0,0,66,523,0.23529411764705882,0.47058823529411764,0.23529411764705882,0.058823529411764705,58.23529411764706,0.4808080808080808,0.16363636363636364,0.09797979797979799,0,0,3,1.952071792147644,-1.4680264845458162,High-Value Elite
2410,1969,Graduation,Single,81657.0,0,0,2013-07-02,69,364,40,425,158,60,50,1,3,4,8,1,0,0,0,0,0,0,0,1097,16,0,0,45,523,0.1875,0.5,0.25,0.0625,68.5625,0.3318140382862352,0.38742023701002737,0.04557885141294439,0,0,3,2.0717217028488353,-1.8287339472718795,High-Value Elite
193,1996,Basic,Married,14421.0,0,0,2013-07-02,81,0,0,2,3,3,8,1,1,0,2,5,1,0,0,0,0,0,0,16,4,0,0,18,523,0.25,0.5,0.0,0.25,4.0,0.0,0.125,0.5,1,1,1,-2.432964350881775,-1.7039680973435092,Occasional / Low-Engagement
3363,1974,2n Cycle,Married,20130.0,0,0,2013-07-02,99,0,6,3,7,6,12,1,1,0,3,8,0,0,0,0,0,0,0,34,5,0,0,40,523,0.2,0.6,0.0,0.2,6.8,0.0,0.08823529411764706,0.35294117647058826,0,0,1,-2.4920851783191083,-1.1693744569575273,Occasional / Low-Engagement
8278,1990,PhD,Married,74214.0,0,0,2013-07-02,3,863,83,547,86,99,33,1,8,2,5,5,0,0,0,0,0,0,0,1711,16,0,0,24,523,0.5,0.3125,0.125,0.0625,106.9375,0.5043834015195792,0.3196960841613092,0.01928696668614845,0,0,0,1.7973238650653978,-0.5946134545066926,Digital Convenience Shoppers
10660,1957,Master,Married,66726.0,1,1,2014-12-01,61,349,7,35,0,0,47,3,8,2,4,7,0,1,0,0,0,0,0,438,17,2,1,57,6,0.47058823529411764,0.23529411764705882,0.11764705882352941,0.17647058823529413,25.764705882352942,0.7968036529680366,0.07990867579908675,0.10730593607305935,1,1,2,-0.22738790707121434,0.8370239697027717,Deal & Discount Hunters
8686,1979,Basic,Together,23724.0,1,0,2013-08-01,65,5,23,15,0,18,14,2,2,0,3,8,0,0,0,0,0,0,0,75,7,1,1,35,493,0.2857142857142857,0.42857142857142855,0.0,0.2857142857142857,10.714285714285714,0.06666666666666667,0.2,0.18666666666666668,0,0,1,-2.5184135080448358,-0.17126149221789358,Occasional / Low-Engagement
1604,1960,Master,Married,47353.0,0,1,2013-07-02,93,184,2,19,8,8,4,3,2,2,6,5,0,0,0,0,0,0,0,225,13,1,1,54,523,0.15384615384615385,0.46153846153846156,0.15384615384615385,0.23076923076923078,17.307692307692307,0.8177777777777778,0.08444444444444445,0.017777777777777778,0,0,1,-0.7012413902586643,-0.10131364843445435,Occasional / Low-Engagement
5907,1952,Master,Married,33444.0,1,1,2012-03-11,24,8,0,8,0,0,2,1,1,0,2,8,0,0,0,0,0,0,0,18,4,2,1,62,1001,0.25,0.5,0.0,0.25,4.5,0.4444444444444444,0.4444444444444444,0.1111111111111111,0,0,1,-2.991677160404754,0.36299657839392685,Occasional / Low-Engagement
10669,1981,Graduation,Married,54386.0,0,1,2013-07-02,8,277,21,64,62,21,25,2,3,2,10,3,0,0,0,0,0,0,0,470,17,1,1,33,523,0.17647058823529413,0.5882352941176471,0.11764705882352941,0.11764705882352941,27.647058823529413,0.5893617021276596,0.13617021276595745,0.05319148936170213,0,0,0,0.5894650181448802,-0.3581214858049596,Digital Convenience Shoppers
2918,1981,Graduation,Divorced,28510.0,1,1,2013-07-02,72,44,5,19,0,4,19,3,2,0,4,5,0,0,0,0,0,0,0,91,9,2,1,33,523,0.2222222222222222,0.4444444444444444,0.0,0.3333333333333333,10.11111111111111,0.4835164835164835,0.2087912087912088,0.2087912087912088,0,0,1,-2.1634484790515294,0.30713259590651976,Occasional / Low-Engagement
5735,1991,Master,Single,90638.0,0,0,2013-07-02,29,1156,120,915,94,144,96,1,3,4,10,1,0,0,1,0,0,0,0,2525,18,0,0,23,523,0.16666666666666666,0.5555555555555556,0.2222222222222222,0.05555555555555555,140.27777777777777,0.45782178217821784,0.36237623762376237,0.03801980198019802,1,1,3,3.554128162422909,-1.7906733752656412,High-Value Elite
359,1950,Graduation,Together,48070.0,0,1,2013-07-02,33,373,14,83,6,9,19,3,8,2,6,7,0,0,0,0,0,1,0,504,19,1,1,64,523,0.42105263157894735,0.3157894736842105,0.10526315789473684,0.15789473684210525,26.526315789473685,0.7400793650793651,0.16468253968253968,0.037698412698412696,0,0,0,0.20255579600958384,1.2285003284336515,Digital Convenience Shoppers
8387,1957,Graduation,Married,43140.0,0,1,2013-05-01,68,134,8,76,6,0,11,1,4,1,5,6,0,0,0,0,0,0,0,235,11,1,1,57,585,0.36363636363636365,0.45454545454545453,0.09090909090909091,0.09090909090909091,21.363636363636363,0.5702127659574469,0.32340425531914896,0.04680851063829787,0,0,1,-1.0181313475297002,-0.330871607319454,Occasional / Low-Engagement
1829,1961,PhD,Divorced,54959.0,0,1,2013-07-02,55,1148,0,60,0,0,24,3,9,5,4,7,0,1,0,0,0,0,1,1232,21,1,1,53,523,0.42857142857142855,0.19047619047619047,0.23809523809523808,0.14285714285714285,58.666666666666664,0.9318181818181818,0.048701298701298704,0.01948051948051948,1,1,0,1.2144095013062024,1.2521400970659569,Digital Convenience Shoppers
3839,1958,Basic,Single,15056.0,1,1,2013-03-05,76,6,12,3,21,6,40,5,2,2,3,5,0,0,0,0,0,0,0,88,12,2,1,56,642,0.16666666666666666,0.25,0.16666666666666666,0.4166666666666667,7.333333333333333,0.06818181818181818,0.03409090909090909,0.45454545454545453,0,0,1,-2.094405403585245,1.2324162648596646,Occasional / Low-Engagement
9392,1971,Graduation,Single,26954.0,1,0,2014-08-05,17,4,1,11,0,0,1,1,1,0,2,7,0,0,0,0,0,0,0,17,4,1,1,43,124,0.25,0.5,0.0,0.25,4.25,0.23529411764705882,0.6470588235294118,0.058823529411764705,0,0,1,-2.8267618024047874,-1.4239857376682494,Occasional / Low-Engagement
2292,1985,Graduation,Single,22327.0,1,0,2013-02-08,94,5,4,8,2,0,5,1,1,0,3,5,0,0,0,0,0,0,0,24,5,1,1,29,667,0.2,0.6,0.0,0.2,4.8,0.20833333333333334,0.3333333333333333,0.20833333333333334,0,0,1,-2.402707209251209,-0.9677908440167879,Occasional / Low-Engagement
10466,1965,Graduation,Married,44393.0,1,1,2013-07-02,86,24,2,20,2,2,10,2,1,0,4,4,0,0,0,0,0,0,0,60,7,2,1,49,523,0.14285714285714285,0.5714285714285714,0.0,0.2857142857142857,8.571428571428571,0.4,0.3333333333333333,0.16666666666666666,0,0,1,-1.9790112979439012,-0.46267133436039715,Occasional / Low-Engagement
9855,1952,PhD,Single,62000.0,0,1,2013-07-02,25,899,0,101,0,0,20,1,6,6,13,4,0,0,0,1,0,0,0,1020,26,1,1,62,523,0.23076923076923078,0.5,0.23076923076923078,0.038461538461538464,39.23076923076923,0.8813725490196078,0.09901960784313725,0.0196078431372549,1,1,0,2.6596624413015992,0.2015477091790585,Digital Convenience Shoppers
4088,1962,PhD,Together,31497.0,0,1,2012-06-12,22,108,1,28,13,1,4,2,3,1,4,8,0,0,0,0,0,0,0,155,10,1,1,52,908,0.3,0.4,0.1,0.2,15.5,0.6967741935483871,0.18064516129032257,0.025806451612903226,0,0,1,-1.7522624903116448,0.6068539026540872,Occasional / Low-Engagement
5231,1974,2n Cycle,Married,45894.0,0,2,2013-07-02,15,27,2,7,0,2,13,1,1,0,3,5,0,0,0,0,0,0,0,51,5,2,1,40,523,0.2,0.6,0.0,0.2,10.2,0.5294117647058824,0.13725490196078433,0.2549019607843137,0,0,1,-2.3045317961375917,-0.7304477577132021,Occasional / Low-Engagement
590,1970,Master,Divorced,78579.0,0,0,2013-07-02,35,816,66,549,216,66,99,1,5,6,4,3,0,0,0,0,0,0,1,1812,16,0,0,44,523,0.3125,0.25,0.375,0.0625,113.25,0.4503311258278146,0.3029801324503311,0.054635761589403975,0,0,3,2.285366477742569,-1.426873822622055,High-Value Elite
8732,1969,Master,Widow,67369.0,0,1,2013-07-02,81,1298,0,70,37,14,42,4,7,4,10,4,0,1,1,0,0,0,1,1461,25,1,1,45,523,0.28,0.4,0.16,0.16,58.44,0.8884325804243669,0.04791238877481177,0.028747433264887063,2,1,0,2.509492402575885,1.1357230285806865,Digital Convenience Shoppers
2315,1960,Graduation,Divorced,58401.0,0,1,2013-07-02,55,10,0,11,17,29,29,1,1,2,2,4,0,0,0,0,0,0,0,96,6,1,1,54,523,0.16666666666666666,0.3333333333333333,0.3333333333333333,0.16666666666666666,16.0,0.10416666666666667,0.11458333333333333,0.3020833333333333,0,0,1,-1.4026011244212622,-1.495199665743296,Occasional / Low-Engagement
3515,1952,Graduation,Single,62307.0,0,1,2013-07-02,94,87,13,34,10,6,10,1,4,0,4,5,0,0,0,0,0,0,0,160,9,1,1,62,523,0.4444444444444444,0.4444444444444444,0.0,0.1111111111111111,17.77777777777778,0.54375,0.2125,0.0625,0,0,1,-0.9571050868715184,-0.7612692817736763,Occasional / Low-Engagement
2245,1969,Master,Married,43641.0,1,1,2013-07-02,50,57,2,51,4,2,23,3,2,1,4,6,0,0,0,0,0,0,0,139,10,2,1,45,523,0.2,0.4,0.1,0.3,13.9,0.41007194244604317,0.3669064748201439,0.16546762589928057,0,0,1,-1.7876573194213146,0.432108403476071,Occasional / Low-Engagement
6283,1968,Master,Divorced,63841.0,0,1,2013-07-02,64,635,15,100,20,7,131,1,9,3,9,6,0,0,0,0,0,0,0,908,22,1,1,46,523,0.4090909090909091,0.4090909090909091,0.13636363636363635,0.045454545454545456,41.27272727272727,0.6993392070484582,0.11013215859030837,0.14427312775330398,0,0,0,1.6413783080750923,0.648716446548561,Digital Convenience Shoppers
2246,1965,2n Cycle,Married,46891.0,0,1,2013-01-09,91,43,12,23,29,15,61,1,2,1,4,4,0,0,0,0,0,0,0,183,8,1,1,49,697,0.25,0.5,0.125,0.125,22.875,0.23497267759562843,0.12568306010928962,0.3333333333333333,0,0,1,-1.2110375889187206,-0.9410353416634105,Occasional / Low-Engagement
6606,1969,Master,Married,70091.0,1,0,2013-07-02,11,964,34,137,15,0,11,2,5,2,10,8,0,1,0,0,0,0,0,1161,19,1,1,45,523,0.2631578947368421,0.5263157894736842,0.10526315789473684,0.10526315789473684,61.10526315789474,0.830318690783807,0.11800172265288544,0.009474590869939707,1,1,0,1.0930902989751574,0.6879756568371415,Digital Convenience Shoppers
5545,1972,PhD,Married,78075.0,0,0,2014-05-04,72,572,8,259,34,35,80,1,3,5,5,1,0,0,0,0,0,0,0,988,14,0,0,42,217,0.21428571428571427,0.35714285714285715,0.35714285714285715,0.07142857142857142,70.57142857142857,0.5789473684210527,0.26214574898785425,0.08097165991902834,0,0,3,1.5630137287422363,-2.4007901889305656,High-Value Elite
7342,1961,2n Cycle,Widow,59184.0,0,1,2012-09-09,6,341,142,113,259,151,66,3,6,6,12,5,0,0,0,0,0,0,0,1072,27,1,1,53,819,0.2222222222222222,0.4444444444444444,0.2222222222222222,0.1111111111111111,39.7037037037037,0.3180970149253731,0.10541044776119403,0.061567164179104475,0,0,0,2.5027183489140223,1.4231738488927028,Digital Convenience Shoppers
837,1977,Graduation,Married,54809.0,1,1,2013-11-09,0,63,6,57,13,13,22,4,2,1,5,4,0,0,0,0,0,0,0,174,12,2,1,37,393,0.16666666666666666,0.4166666666666667,0.08333333333333333,0.3333333333333333,14.5,0.3620689655172414,0.3275862068965517,0.12643678160919541,0,0,1,-1.141514028582719,0.3357793391431719,Occasional / Low-Engagement
9500,1959,Graduation,Married,58113.0,0,1,2013-07-02,66,221,104,169,102,78,84,3,9,2,8,7,0,0,0,0,0,1,0,758,22,1,1,55,523,0.4090909090909091,0.36363636363636365,0.09090909090909091,0.13636363636363635,34.45454545454545,0.29155672823219,0.22295514511873352,0.11081794195250659,0,0,0,1.0622621590313897,1.4787752592146106,Digital Convenience Shoppers
3602,1958,Master,Married,51412.0,0,1,2013-07-02,42,140,3,29,4,5,14,2,3,2,4,4,0,0,0,0,0,0,0,195,11,1,1,56,523,0.2727272727272727,0.36363636363636365,0.18181818181818182,0.18181818181818182,17.727272727272727,0.717948717948718,0.14871794871794872,0.07179487179487179,0,0,1,-0.7683678060159939,-0.616563578048879,Occasional / Low-Engagement
234,1979,Graduation,Divorced,15287.0,1,0,2012-10-10,60,1,2,8,4,3,13,2,1,1,2,7,1,0,0,0,0,0,1,31,6,1,1,35,788,0.16666666666666666,0.3333333333333333,0.16666666666666666,0.3333333333333333,5.166666666666667,0.03225806451612903,0.25806451612903225,0.41935483870967744,1,1,1,-2.681095387619096,-0.1262302256638509,Occasional / Low-Engagement
2995,1957,Master,Together,66636.0,0,0,2013-07-02,64,291,10,689,84,10,0,1,3,4,9,1,0,0,0,0,0,0,0,1084,17,0,0,57,523,0.17647058823529413,0.5294117647058824,0.23529411764705882,0.058823529411764705,63.76470588235294,0.26845018450184505,0.6356088560885609,0.0,0,0,3,1.952045138384649,-1.686717741818744,High-Value Elite
1118,1956,Master,Married,50965.0,0,1,2013-07-02,87,544,13,85,8,6,29,3,10,4,5,8,1,0,0,0,0,0,0,685,22,1,1,58,523,0.45454545454545453,0.22727272727272727,0.18181818181818182,0.13636363636363635,31.136363636363637,0.7941605839416058,0.12408759124087591,0.042335766423357665,1,1,0,0.7919973957023613,1.6723268798966975,Digital Convenience Shoppers
7789,1965,PhD,Married,84618.0,0,0,2013-07-02,96,684,100,801,21,66,0,1,6,9,10,2,0,0,1,0,0,0,0,1672,26,0,0,49,523,0.23076923076923078,0.38461538461538464,0.34615384615384615,0.038461538461538464,64.3076923076923,0.4090909090909091,0.47906698564593303,0.0,1,1,3,4.141361612010097,-0.9330480307886346,High-Value Elite
3068,1990,Graduation,Married,18351.0,0,0,2013-07-02,1,1,12,9,0,14,7,1,2,0,3,7,0,0,0,0,0,0,0,43,6,0,0,24,523,0.3333333333333333,0.5,0.0,0.16666666666666666,7.166666666666667,0.023255813953488372,0.20930232558139536,0.16279069767441862,0,0,1,-2.266429235519239,-1.136551953918521,Occasional / Low-Engagement
8955,1957,PhD,Together,40451.0,0,2,2013-07-02,54,35,0,4,0,0,10,1,1,1,2,5,1,0,0,0,0,0,0,49,5,2,1,57,523,0.2,0.4,0.2,0.2,9.8,0.7142857142857143,0.08163265306122448,0.20408163265306123,1,1,1,-2.3810233677294974,-0.762330893611063,Occasional / Low-Engagement
945,1965,Graduation,Together,36317.0,0,1,2013-07-02,53,87,3,25,3,2,13,2,3,0,4,7,0,0,0,0,0,0,0,133,9,1,1,49,523,0.3333333333333333,0.4444444444444444,0.0,0.2222222222222222,14.777777777777779,0.6541353383458647,0.18796992481203006,0.09774436090225563,0,0,1,-1.8035693265046533,-0.1102677471971258,Occasional / Low-Engagement
5644,1957,Graduation,Together,42213.0,0,1,2013-12-10,96,309,3,24,4,3,20,2,5,1,7,7,0,1,0,0,0,0,0,363,15,1,1,57,362,0.3333333333333333,0.4666666666666667,0.06666666666666667,0.13333333333333333,24.2,0.8512396694214877,0.06611570247933884,0.05509641873278237,1,1,1,-0.5528621599737863,0.21619585023203042,Occasional / Low-Engagement
7192,1955,Graduation,Together,65748.0,0,1,2013-07-02,58,172,73,93,95,78,34,2,2,4,10,1,0,0,0,0,0,1,0,545,18,1,1,59,523,0.1111111111111111,0.5555555555555556,0.2222222222222222,0.1111111111111111,30.27777777777778,0.3155963302752294,0.1706422018348624,0.062385321100917435,0,0,3,1.304879585504477,-0.8661458470944173,High-Value Elite
2324,1972,Graduation,Together,77044.0,0,1,2013-07-02,12,625,38,242,50,34,76,2,7,11,11,4,1,0,0,0,0,0,0,1065,31,1,1,42,523,0.22580645161290322,0.3548387096774194,0.3548387096774194,0.06451612903225806,34.354838709677416,0.5868544600938967,0.2272300469483568,0.07136150234741784,1,1,0,3.757706151588744,0.6531668345158081,Digital Convenience Shoppers
697,1969,Graduation,Together,74918.0,0,0,2013-12-03,78,972,59,913,25,19,59,1,5,9,6,3,0,0,1,0,0,0,0,2047,21,0,0,45,369,0.23809523809523808,0.2857142857142857,0.42857142857142855,0.047619047619047616,97.47619047619048,0.4748412310698583,0.44601856375183196,0.02882266731802638,1,1,3,3.2518966996047602,-1.406938050408602,High-Value Elite
3439,1972,Graduation,Married,56721.0,1,1,2013-07-02,64,157,6,39,6,13,75,5,4,1,5,6,0,0,0,0,0,0,0,296,15,2,1,42,523,0.26666666666666666,0.3333333333333333,0.06666666666666667,0.3333333333333333,19.733333333333334,0.5304054054054054,0.13175675675675674,0.2533783783783784,0,0,2,-0.8560838395678457,1.5058731266814882,Deal & Discount Hunters
1506,1975,Graduation,Single,42160.0,1,1,2013-07-02,26,48,9,45,3,15,20,4,2,1,4,6,0,0,0,0,0,0,1,140,11,2,1,39,523,0.18181818181818182,0.36363636363636365,0.09090909090909091,0.36363636363636365,12.727272727272727,0.34285714285714286,0.32142857142857145,0.14285714285714285,0,0,1,-1.770563455440876,0.8104021114216181,Occasional / Low-Engagement
232,1965,Graduation,Single,61559.0,0,1,2013-07-02,8,279,83,88,32,14,34,1,4,2,10,3,0,0,0,0,0,0,0,530,17,1,1,49,523,0.23529411764705882,0.5882352941176471,0.11764705882352941,0.058823529411764705,31.176470588235293,0.5264150943396226,0.1660377358490566,0.06415094339622641,0,0,0,0.8714637796697438,-0.5917400146146949,Digital Convenience Shoppers
8876,1963,PhD,Together,33629.0,1,1,2012-08-08,49,132,0,16,0,0,4,5,3,1,4,9,0,0,0,0,0,0,0,152,13,2,1,51,851,0.23076923076923078,0.3076923076923077,0.07692307692307693,0.38461538461538464,11.692307692307692,0.868421052631579,0.10526315789473684,0.02631578947368421,0,0,2,-2.002981726931335,2.294530930987325,Deal & Discount Hunters
4500,1991,PhD,Together,68682.0,0,0,2013-06-10,56,919,0,505,99,30,45,1,4,9,10,2,0,0,0,0,0,0,0,1598,24,0,0,23,545,0.16666666666666666,0.4166666666666667,0.375,0.041666666666666664,66.58333333333333,0.5750938673341677,0.3160200250312891,0.028160200250312892,0,0,3,3.4776234948000484,-1.1574254408669356,High-Value Elite
9739,1963,Graduation,Single,34377.0,0,1,2013-07-02,55,62,0,22,3,1,26,2,2,2,2,7,0,0,0,0,0,0,0,114,8,1,1,51,523,0.25,0.25,0.25,0.25,14.25,0.543859649122807,0.19298245614035087,0.22807017543859648,0,0,1,-1.9750534469204637,-0.36447485981740224,Occasional / Low-Engagement
10395,1986,Basic,Single,8940.0,1,0,2013-07-02,25,1,45,3,4,6,42,3,3,1,3,8,0,0,0,0,0,0,0,101,10,1,1,28,523,0.3,0.3,0.1,0.3,10.1,0.009900990099009901,0.0297029702970297,0.4158415841584158,0,0,1,-2.3864592027019005,0.5010901873060536,Occasional / Low-Engagement
1176,1973,Graduation,Married,26228.0,1,0,2013-07-02,50,2,6,4,3,1,9,1,1,0,2,8,0,0,0,0,0,0,0,25,4,1,1,41,523,0.25,0.5,0.0,0.25,6.25,0.08,0.16,0.36,0,0,1,-2.8781291549460377,-0.7458777772025377,Occasional / Low-Engagement
1627,1957,2n Cycle,Divorced,77297.0,0,0,2013-07-02,84,408,61,109,48,122,41,1,5,7,9,4,0,0,0,1,0,0,0,789,22,0,0,57,523,0.22727272727272727,0.4090909090909091,0.3181818181818182,0.045454545454545456,35.86363636363637,0.5171102661596958,0.13814955640050697,0.051964512040557666,1,1,3,2.466700037079009,-0.8165297632323824,High-Value Elite
938,1981,Graduation,Married,40211.0,1,1,2013-07-02,30,51,1,7,2,1,25,2,2,1,2,8,1,0,0,0,0,0,0,87,7,2,1,33,523,0.2857142857142857,0.2857142857142857,0.14285714285714285,0.2857142857142857,12.428571428571429,0.5862068965517241,0.08045977011494253,0.28735632183908044,1,1,1,-2.506321910708898,0.26732212763670193,Occasional / Low-Engagement
2740,1958,PhD,Widow,33438.0,1,1,2013-07-02,81,62,1,16,3,2,6,4,2,1,4,5,0,0,0,0,0,0,0,90,11,2,1,56,523,0.18181818181818182,0.36363636363636365,0.09090909090909091,0.36363636363636365,8.181818181818182,0.6888888888888889,0.17777777777777778,0.06666666666666667,0,0,1,-1.8384409435682223,0.6762830962275407,Occasional / Low-Engagement
257,1959,PhD,Married,75032.0,0,1,2013-07-02,74,952,12,180,47,12,12,2,5,4,9,3,0,0,0,0,0,0,0,1215,20,1,1,55,523,0.25,0.45,0.2,0.1,60.75,0.7835390946502058,0.14814814814814814,0.009876543209876543,0,0,0,2.0158925375680754,-0.18994770608947664,Digital Convenience Shoppers
4058,1955,PhD,Single,61284.0,0,0,2013-12-10,76,618,15,106,20,7,45,1,11,2,8,6,0,1,0,0,0,0,0,811,22,0,0,59,362,0.5,0.36363636363636365,0.09090909090909091,0.045454545454545456,36.86363636363637,0.7620221948212084,0.13070283600493218,0.055487053020961775,1,1,0,1.7800747239637265,0.1762351297354645,Digital Convenience Shoppers
7736,1986,Graduation,Married,22518.0,1,0,2013-07-02,36,11,7,12,2,2,27,2,2,1,2,5,1,0,0,0,0,0,1,61,7,1,1,28,523,0.2857142857142857,0.2857142857142857,0.14285714285714285,0.2857142857142857,8.714285714285714,0.18032786885245902,0.19672131147540983,0.4426229508196721,1,1,1,-2.1867092832430663,-0.6584526003248958,Occasional / Low-Engagement
8210,1975,Master,Married,54730.0,0,1,2013-07-02,64,318,3,17,4,7,56,5,4,1,8,4,0,0,0,0,0,0,0,405,18,1,1,39,523,0.2222222222222222,0.4444444444444444,0.05555555555555555,0.2777777777777778,22.5,0.7851851851851852,0.04197530864197531,0.1382716049382716,0,0,2,0.23108374582569052,0.8896883515004047,Deal & Discount Hunters
833,1955,Master,Married,38452.0,1,1,2013-07-02,62,56,0,14,0,0,2,3,3,0,3,7,0,0,0,0,0,0,0,72,9,2,1,59,523,0.3333333333333333,0.3333333333333333,0.0,0.3333333333333333,8.0,0.7777777777777778,0.19444444444444445,0.027777777777777776,0,0,1,-2.2377309055270356,0.6878078190785494,Occasional / Low-Engagement
6230,1971,Graduation,Divorced,44421.0,1,1,2013-07-02,53,110,5,59,7,1,7,5,5,0,4,8,0,0,0,0,0,0,0,189,14,2,1,43,523,0.35714285714285715,0.2857142857142857,0.0,0.35714285714285715,13.5,0.582010582010582,0.31216931216931215,0.037037037037037035,0,0,2,-1.5857785330856513,1.9637518798711455,Deal & Discount Hunters
7325,1986,PhD,Together,38197.0,1,0,2013-07-02,86,23,0,11,2,1,3,1,1,0,3,5,0,0,0,0,0,0,0,40,5,1,1,28,523,0.2,0.6,0.0,0.2,8.0,0.575,0.275,0.075,0,0,1,-2.1244295108068023,-1.2243361040566565,Occasional / Low-Engagement
1307,1978,Graduation,Divorced,41986.0,0,1,2014-09-02,15,27,5,8,8,3,12,3,3,0,4,4,0,0,0,0,0,0,0,63,10,1,1,36,96,0.3,0.4,0.0,0.3,6.3,0.42857142857142855,0.12698412698412698,0.19047619047619047,0,0,1,-1.4290998494246476,-0.8027257677220305,Occasional / Low-Engagement
1502,1983,Graduation,Together,28427.0,1,0,2013-07-02,67,18,3,19,3,3,6,2,2,0,3,8,0,0,0,0,0,0,0,52,7,1,1,31,523,0.2857142857142857,0.42857142857142855,0.0,0.2857142857142857,7.428571428571429,0.34615384615384615,0.36538461538461536,0.11538461538461539,0,0,1,-2.442352459761123,-0.152205107951077,Occasional / Low-Engagement
6211,1976,PhD,Together,37395.0,1,0,2014-02-05,47,18,0,9,0,1,11,1,1,0,3,6,0,0,0,0,0,0,0,39,5,1,1,38,305,0.2,0.6,0.0,0.2,7.8,0.46153846153846156,0.23076923076923078,0.28205128205128205,0,0,1,-2.2998516106046916,-1.3322105929132104,Occasional / Low-Engagement
843,1971,Graduation,Married,64722.0,1,0,2013-07-02,47,303,0,280,60,147,15,4,8,2,11,6,0,0,0,0,0,0,0,805,25,1,1,43,523,0.32,0.44,0.08,0.16,32.2,0.3763975155279503,0.34782608695652173,0.018633540372670808,0,0,0,1.7221703213358959,1.7075708937318796,Digital Convenience Shoppers
4174,1956,Master,Together,55249.0,0,1,2013-07-02,81,97,1,19,2,0,11,1,2,1,4,3,0,0,0,0,0,0,0,130,8,1,1,58,523,0.25,0.5,0.125,0.125,16.25,0.7461538461538462,0.14615384615384616,0.08461538461538462,0,0,1,-1.0084725020941723,-1.3627780380520524,Occasional / Low-Engagement
9757,1972,Graduation,Together,84906.0,0,0,2013-04-10,98,997,15,414,99,30,76,1,5,6,12,2,0,1,1,0,1,0,0,1631,24,0,0,42,606,0.20833333333333334,0.5,0.25,0.041666666666666664,67.95833333333333,0.6112814224402208,0.25383200490496627,0.04659717964438995,3,1,3,3.7571533279654497,-0.9234051982668221,High-Value Elite
6918,1989,Graduation,Married,28691.0,1,0,2013-04-07,56,5,4,13,8,0,4,1,1,0,3,8,0,0,0,0,0,0,0,34,5,1,1,25,609,0.2,0.6,0.0,0.2,6.8,0.14705882352941177,0.38235294117647056,0.11764705882352941,0,0,1,-2.6438792047677477,-0.5728864134596213,Occasional / Low-Engagement
286,1952,Graduation,Single,44213.0,1,1,2013-07-02,48,95,11,35,0,4,7,4,2,1,5,6,0,0,0,0,0,0,0,152,12,2,1,62,523,0.16666666666666666,0.4166666666666667,0.08333333333333333,0.3333333333333333,12.666666666666666,0.625,0.23026315789473684,0.046052631578947366,0,0,1,-1.552518578942931,0.8697837474238974,Occasional / Low-Engagement
11086,1984,Basic,Single,25707.0,1,0,2013-07-02,18,1,6,2,3,6,3,1,1,0,3,7,0,0,0,0,0,0,0,21,5,1,1,30,523,0.2,0.6,0.0,0.2,4.2,0.047619047619047616,0.09523809523809523,0.14285714285714285,0,0,1,-2.6140678889535827,-0.8262645362908967,Occasional / Low-Engagement
1921,1967,PhD,Married,59062.0,2,1,2013-03-10,74,46,1,12,3,0,9,2,2,0,3,4,0,0,0,0,0,0,0,71,7,3,1,47,637,0.2857142857142857,0.42857142857142855,0.0,0.2857142857142857,10.142857142857142,0.647887323943662,0.16901408450704225,0.1267605633802817,0,0,1,-2.0097756449961484,0.2301684522836466,Occasional / Low-Engagement
4138,1962,Graduation,Single,76624.0,0,1,2013-07-02,68,411,106,147,54,115,66,1,5,10,7,1,1,0,0,0,0,0,0,899,23,1,1,52,523,0.21739130434782608,0.30434782608695654,0.43478260869565216,0.043478260869565216,39.08695652173913,0.457174638487208,0.1635150166852058,0.07341490545050056,1,1,3,2.7786821242884754,-0.8629404304665348,High-Value Elite
7718,1947,Master,Together,66000.0,0,0,2013-07-02,36,244,51,270,101,0,45,1,1,3,5,1,0,0,0,0,0,0,0,711,10,0,0,67,523,0.1,0.5,0.3,0.1,71.1,0.3431786216596343,0.379746835443038,0.06329113924050633,0,0,3,0.508574076147582,-2.3149682506373224,High-Value Elite
1291,1978,PhD,Together,27683.0,1,0,2012-04-08,90,152,9,121,12,12,45,4,6,2,4,8,0,0,0,0,0,0,0,351,16,1,1,36,973,0.375,0.25,0.125,0.25,21.9375,0.43304843304843305,0.34472934472934474,0.1282051282051282,0,0,2,-0.9090187704728271,1.946428013329913,Deal & Discount Hunters
6862,1971,Graduation,Divorced,1730.0,0,0,2013-07-02,65,1,1,3,1,1,1,15,0,0,0,20,0,0,0,0,0,0,0,8,15,0,0,43,523,0.0,0.0,0.0,1.0,0.5333333333333333,0.125,0.375,0.125,0,0,2,-4.223870343942931,5.627629168928675,Deal & Discount Hunters
4136,1992,Basic,Single,7500.0,1,0,2012-03-12,63,10,17,18,8,26,40,4,3,2,2,9,0,0,0,0,0,0,0,119,11,1,1,22,1000,0.2727272727272727,0.18181818181818182,0.18181818181818182,0.36363636363636365,10.818181818181818,0.08403361344537816,0.15126050420168066,0.33613445378151263,0,0,1,-2.364456197171637,1.6011234808596329,Occasional / Low-Engagement
803,1968,Graduation,Together,40521.0,1,1,2013-05-04,82,12,0,5,0,0,4,1,0,1,2,5,0,0,0,0,0,0,0,21,4,2,1,46,582,0.0,0.5,0.25,0.25,5.25,0.5714285714285714,0.23809523809523808,0.19047619047619047,0,0,1,-2.5405012137978042,-0.8584303700747766,Occasional / Low-Engagement
4298,1973,PhD,Together,20427.0,1,0,2013-07-02,63,5,0,4,0,0,1,1,1,0,2,8,0,0,0,0,0,0,0,10,4,1,1,41,523,0.25,0.5,0.0,0.25,2.5,0.5,0.4,0.1,0,0,1,-2.99270651305305,-0.7222033023450366,Occasional / Low-Engagement
10833,1975,Graduation,Married,65106.0,0,1,2013-07-02,55,790,19,133,12,0,19,3,8,3,13,6,0,1,0,0,0,0,0,973,27,1,1,39,523,0.2962962962962963,0.48148148148148145,0.1111111111111111,0.1111111111111111,36.03703703703704,0.8119218910585817,0.1366906474820144,0.019527235354573486,1,1,0,2.31743974509982,1.5020995157378874,Digital Convenience Shoppers
9606,1965,PhD,Married,69969.0,0,0,2013-07-02,64,882,29,514,38,29,44,1,4,2,6,3,0,0,1,1,0,0,1,1536,13,0,0,49,523,0.3076923076923077,0.46153846153846156,0.15384615384615385,0.07692307692307693,118.15384615384616,0.57421875,0.3346354166666667,0.028645833333333332,2,1,3,1.3819724438072865,-1.5048571296289865,High-Value Elite
8534,1952,Graduation,Married,67433.0,0,2,2013-07-02,51,615,28,259,12,48,30,4,6,5,13,4,0,1,0,0,0,0,0,992,28,2,1,62,523,0.21428571428571427,0.4642857142857143,0.17857142857142858,0.14285714285714285,35.42857142857143,0.6199596774193549,0.2610887096774194,0.03024193548387097,1,1,0,2.3933107895886017,1.7605682615174705,Digital Convenience Shoppers
5153,1967,PhD,Married,77766.0,0,1,2013-07-02,97,1004,59,265,115,59,27,2,11,10,11,6,1,0,0,0,0,0,1,1529,34,1,1,47,523,0.3235294117647059,0.3235294117647059,0.29411764705882354,0.058823529411764705,44.970588235294116,0.6566383257030739,0.17331589274035317,0.01765860039241334,1,1,0,4.322493852639837,1.5794407136893895,Digital Convenience Shoppers
961,1972,Graduation,Married,74716.0,0,1,2013-12-09,92,133,27,421,13,195,71,2,7,3,5,4,0,0,0,0,0,0,0,860,17,1,1,42,363,0.4117647058823529,0.29411764705882354,0.17647058823529413,0.11764705882352941,50.588235294117645,0.15465116279069768,0.48953488372093024,0.08255813953488372,0,0,0,1.0860271336936447,-0.20275972230774775,Digital Convenience Shoppers
5011,1963,Graduation,Divorced,68118.0,0,1,2013-07-02,51,595,23,123,10,23,154,2,8,9,4,6,0,0,0,0,0,0,0,928,23,1,1,51,523,0.34782608695652173,0.17391304347826086,0.391304347826087,0.08695652173913043,40.34782608695652,0.6411637931034483,0.13254310344827586,0.16594827586206898,0,0,0,1.892286694142359,0.6178727644287687,Digital Convenience Shoppers
6653,1970,PhD,Married,55158.0,1,1,2013-07-02,72,293,0,87,4,11,23,4,7,2,5,7,0,0,0,0,0,0,1,418,18,2,1,44,523,0.3888888888888889,0.2777777777777778,0.1111111111111111,0.2222222222222222,23.22222222222222,0.7009569377990431,0.20813397129186603,0.05502392344497608,0,0,2,-0.30826395408858553,1.83158400518436,Deal & Discount Hunters
9094,1955,2n Cycle,Married,62972.0,0,1,2012-03-08,39,313,15,47,20,0,192,2,7,4,3,6,0,0,0,0,0,0,1,587,16,1,1,59,1004,0.4375,0.1875,0.25,0.125,36.6875,0.5332197614991482,0.08006814310051108,0.3270868824531516,0,0,0,0.391950757661696,0.9147132339115926,Digital Convenience Shoppers
810,1975,Graduation,Married,74190.0,0,1,2014-12-05,49,151,81,86,168,91,64,2,4,2,11,2,0,0,0,0,0,0,0,641,19,1,1,39,2,0.21052631578947367,0.5789473684210527,0.10526315789473684,0.10526315789473684,33.73684210526316,0.23556942277691106,0.13416536661466458,0.0998439937597504,0,0,0,1.4364172366319723,-1.063034414895004,Digital Convenience Shoppers
5493,1976,Graduation,Married,39356.0,1,1,2013-07-02,21,15,0,2,0,0,6,1,1,0,2,6,1,0,0,0,0,0,0,23,4,2,1,38,523,0.25,0.5,0.0,0.25,5.75,0.6521739130434783,0.08695652173913043,0.2608695652173913,1,1,1,-2.726382944574507,-0.6115216241506033,Occasional / Low-Engagement
2147,1969,Graduation,Together,76653.0,0,0,2013-07-02,91,736,63,946,219,189,126,1,4,7,11,2,0,0,1,1,0,0,0,2279,23,0,0,45,523,0.17391304347826086,0.4782608695652174,0.30434782608695654,0.043478260869565216,99.08695652173913,0.3229486616937253,0.41509433962264153,0.055287406757349715,2,1,3,3.899639402433282,-1.2446872589603855,High-Value Elite
5107,1973,PhD,Divorced,35860.0,1,1,2013-07-02,37,15,0,8,4,2,20,2,1,1,2,5,1,0,0,0,0,0,0,49,6,2,1,41,523,0.16666666666666666,0.3333333333333333,0.16666666666666666,0.3333333333333333,8.166666666666666,0.30612244897959184,0.16326530612244897,0.40816326530612246,1,1,1,-2.4204635764948077,-0.37173861725623264,Occasional / Low-Engagement
3979,1983,PhD,Divorced,90687.0,0,0,2013-07-02,98,982,17,672,23,34,51,1,6,2,8,2,0,0,1,0,0,0,1,1779,17,0,0,31,523,0.35294117647058826,0.47058823529411764,0.11764705882352941,0.058823529411764705,104.6470588235294,0.5519955030916245,0.3777403035413153,0.02866779089376054,1,1,3,2.7038814695095414,-1.2969529338955204,High-Value Elite
6049,1982,Master,Together,73450.0,0,0,2013-05-12,85,1142,51,415,90,69,37,1,7,8,11,3,1,0,0,1,0,0,0,1804,27,0,0,32,574,0.25925925925925924,0.4074074074074074,0.2962962962962963,0.037037037037037035,66.81481481481481,0.6330376940133038,0.23004434589800443,0.020509977827051,2,1,3,4.057162645340721,-0.4429379265561903,High-Value Elite
8147,1960,Graduation,Married,31454.0,1,1,2013-06-07,40,28,0,11,0,0,9,3,2,0,3,8,0,0,0,0,0,0,0,48,8,2,1,54,548,0.25,0.375,0.0,0.375,6.0,0.5833333333333334,0.22916666666666666,0.1875,0,0,1,-2.65678302722317,0.7528643217232488,Occasional / Low-Engagement
1857,1952,Graduation,Single,47139.0,1,1,2014-06-03,2,46,0,12,0,2,23,2,2,1,2,7,0,0,0,0,0,0,1,83,7,2,1,62,187,0.2857142857142857,0.2857142857142857,0.14285714285714285,0.2857142857142857,11.857142857142858,0.5542168674698795,0.14457831325301204,0.27710843373493976,0,0,1,-2.326485656305934,-0.3575741877298789,Occasional / Low-Engagement
3910,1975,Graduation,Divorced,83829.0,0,0,2013-08-10,78,897,161,430,186,161,27,0,4,7,6,1,1,0,1,1,0,0,1,1862,17,0,0,39,484,0.23529411764705882,0.35294117647058826,0.4117647058823529,0.0,109.52941176470588,0.4817400644468314,0.23093447905477982,0.014500537056928034,3,1,3,2.9644119176835013,-2.2008519085532403,High-Value Elite
5207,1963,PhD,Married,53378.0,1,1,2013-07-02,41,489,6,152,8,6,132,10,9,4,6,8,0,0,0,0,0,0,1,793,29,2,1,51,523,0.3103448275862069,0.20689655172413793,0.13793103448275862,0.3448275862068966,27.344827586206897,0.6166456494325346,0.19167717528373265,0.1664564943253468,0,0,2,0.9387271116461721,4.651236977836511,Deal & Discount Hunters
11114,1970,Graduation,Together,19656.0,1,0,2013-08-02,94,25,4,9,6,8,32,3,2,1,3,7,0,0,0,0,0,0,0,84,9,1,1,44,492,0.2222222222222222,0.3333333333333333,0.1111111111111111,0.3333333333333333,9.333333333333334,0.2976190476190476,0.10714285714285714,0.38095238095238093,0,0,1,-2.232252209372347,0.067893961503061,Occasional / Low-Engagement
5429,1948,PhD,Married,45579.0,0,1,2013-07-02,10,145,1,33,2,1,1,1,4,1,4,6,0,0,0,0,0,0,0,183,10,1,1,66,523,0.4,0.4,0.1,0.1,18.3,0.7923497267759563,0.18032786885245902,0.00546448087431694,0,0,1,-1.1989119458743123,-0.4807989167531823,Occasional / Low-Engagement
9400,1958,2n Cycle,Single,85485.0,0,0,2013-07-02,73,630,26,611,44,18,54,1,6,6,6,2,0,0,0,0,0,0,0,1383,19,0,0,56,523,0.3157894736842105,0.3157894736842105,0.3157894736842105,0.05263157894736842,72.78947368421052,0.455531453362256,0.4417932031814895,0.039045553145336226,0,0,3,2.730351851015077,-1.2898736514708726,High-Value Elite
1740,1944,Graduation,Married,55956.0,0,0,2014-07-04,22,760,38,104,50,9,38,2,7,3,4,4,0,1,0,0,0,0,0,999,16,0,0,70,156,0.4375,0.25,0.1875,0.125,62.4375,0.7607607607607607,0.1041041041041041,0.03803803803803804,1,1,0,0.9353637663949048,-0.9687281529800474,Digital Convenience Shoppers
7488,1963,Master,Single,64191.0,0,1,2013-07-02,30,420,15,186,151,38,15,3,5,3,13,3,0,0,0,0,0,0,0,825,24,1,1,51,523,0.20833333333333334,0.5416666666666666,0.125,0.125,34.375,0.509090909090909,0.22545454545454546,0.01818181818181818,0,0,0,2.0696883545012774,0.5246950880258572,Digital Convenience Shoppers
195,1972,Graduation,Single,38808.0,1,0,2013-07-02,21,125,17,52,3,19,30,4,5,1,4,8,1,0,0,0,0,0,1,246,14,1,1,42,523,0.35714285714285715,0.2857142857142857,0.07142857142857142,0.2857142857142857,17.571428571428573,0.508130081300813,0.21138211382113822,0.12195121951219512,1,1,2,-1.2063671916081553,1.1385243077339267,Deal & Discount Hunters
635,1966,Master,Married,57183.0,1,1,2013-07-02,51,464,5,64,7,0,70,8,9,1,7,8,0,0,0,0,0,0,0,610,25,2,1,48,523,0.36,0.28,0.04,0.32,24.4,0.760655737704918,0.10491803278688525,0.11475409836065574,0,0,2,0.40104924792259733,3.9043970452791763,Deal & Discount Hunters
7527,1968,Master,Divorced,23748.0,1,0,2013-07-02,97,6,6,29,12,15,8,3,2,1,3,8,0,0,0,0,0,0,0,76,9,1,1,46,523,0.2222222222222222,0.3333333333333333,0.1111111111111111,0.3333333333333333,8.444444444444445,0.07894736842105263,0.3815789473684211,0.10526315789473684,0,0,1,-2.27262380580679,0.2535261397643801,Occasional / Low-Engagement
10319,1971,Graduation,Married,66303.0,0,1,2013-07-02,56,1090,12,96,16,12,60,4,3,4,11,8,0,1,0,0,0,0,0,1286,22,1,1,43,523,0.13636363636363635,0.5,0.18181818181818182,0.18181818181818182,58.45454545454545,0.8475894245723172,0.07465007776049767,0.04665629860031104,1,1,0,1.4388482605141137,1.2115707267605198,Digital Convenience Shoppers
2296,1975,Master,Married,37368.0,1,0,2013-07-02,4,3,2,11,2,2,10,1,1,0,2,6,1,0,0,0,0,0,0,30,4,1,1,39,523,0.25,0.5,0.0,0.25,7.5,0.1,0.36666666666666664,0.3333333333333333,1,1,1,-2.447147203298818,-1.1127463996796312,Occasional / Low-Engagement
10637,1964,Graduation,Married,40800.0,1,2,2013-01-01,77,24,0,27,8,30,10,2,3,0,3,7,0,0,0,0,0,1,0,99,8,3,1,50,705,0.375,0.375,0.0,0.25,12.375,0.24242424242424243,0.2727272727272727,0.10101010101010101,0,0,1,-2.506067582275407,1.0559984288798627,Occasional / Low-Engagement
2931,1978,Graduation,Divorced,71847.0,0,0,2013-07-02,95,737,21,106,55,63,210,0,6,7,9,3,0,0,0,1,0,0,0,1192,22,0,0,36,523,0.2727272727272727,0.4090909090909091,0.3181818181818182,0.0,54.18181818181818,0.6182885906040269,0.08892617449664429,0.1761744966442953,1,1,3,2.872331099492178,-1.1791868491833157,High-Value Elite
907,1975,Graduation,Married,46149.0,0,1,2013-07-02,36,254,6,71,4,0,27,5,5,1,7,5,0,0,0,0,0,0,0,362,18,1,1,39,523,0.2777777777777778,0.3888888888888889,0.05555555555555555,0.2777777777777778,20.11111111111111,0.7016574585635359,0.19613259668508287,0.07458563535911603,0,0,2,-0.08907682786326401,1.1938018698601636,Deal & Discount Hunters
3698,1983,Graduation,Together,78687.0,0,0,2012-09-08,13,817,185,687,145,55,241,1,4,6,8,2,0,0,1,0,0,0,1,2130,19,0,0,31,820,0.21052631578947367,0.42105263157894735,0.3157894736842105,0.05263157894736842,112.10526315789474,0.3835680751173709,0.32253521126760565,0.11314553990610329,1,1,3,3.1800642666137326,-1.0902337222226886,High-Value Elite
9516,1971,2n Cycle,Divorced,49118.0,0,0,2013-07-02,90,620,54,239,99,98,119,2,9,7,10,7,0,1,0,0,1,0,1,1229,28,0,0,43,523,0.32142857142857145,0.35714285714285715,0.25,0.07142857142857142,43.892857142857146,0.5044751830756713,0.19446704637917006,0.096826688364524,2,1,0,2.7497727983431997,0.8860176907211307,Digital Convenience Shoppers
679,1957,PhD,Married,37633.0,1,1,2013-07-02,49,13,4,20,0,0,1,2,1,0,3,9,0,0,0,0,0,0,0,38,6,2,1,57,523,0.16666666666666666,0.5,0.0,0.3333333333333333,6.333333333333333,0.34210526315789475,0.5263157894736842,0.02631578947368421,0,0,1,-2.8736867796712673,0.3205914970706442,Occasional / Low-Engagement
7384,1951,Master,Together,39767.0,0,0,2013-07-02,18,113,61,204,34,26,47,2,7,1,7,8,0,0,0,0,0,0,0,485,17,0,0,63,523,0.4117647058823529,0.4117647058823529,0.058823529411764705,0.11764705882352941,28.529411764705884,0.2329896907216495,0.42061855670103093,0.09690721649484536,0,0,0,0.009163732394392683,0.43279425674972155,Digital Convenience Shoppers
5043,1951,Basic,Married,26997.0,0,0,2012-05-11,89,7,23,78,133,49,144,2,4,2,5,7,0,0,0,0,0,0,0,434,13,0,0,63,940,0.3076923076923077,0.38461538461538464,0.15384615384615385,0.15384615384615385,33.38461538461539,0.016129032258064516,0.17972350230414746,0.3317972350230415,0,0,1,-0.6832723349414661,0.22977482546682546,Occasional / Low-Engagement
5267,1970,Graduation,Divorced,33986.0,1,0,2013-07-02,43,16,2,18,2,1,5,1,1,0,3,7,0,0,0,0,0,0,0,44,5,1,1,44,523,0.2,0.6,0.0,0.2,8.8,0.36363636363636365,0.4090909090909091,0.11363636363636363,0,0,1,-2.440249199194989,-0.8694868164895895,Occasional / Low-Engagement
339,1972,PhD,Married,57091.0,0,1,2013-07-02,82,462,0,24,6,0,4,2,9,2,5,7,0,1,0,0,0,0,1,496,18,1,1,42,523,0.5,0.2777777777777778,0.1111111111111111,0.1111111111111111,27.555555555555557,0.9314516129032258,0.04838709677419355,0.008064516129032258,1,1,0,0.31453429601236865,0.906098776804001,Digital Convenience Shoppers
2516,1969,2n Cycle,Married,46831.0,1,1,2013-08-06,84,22,2,10,6,4,34,2,1,2,2,4,0,0,0,0,0,0,0,78,7,2,1,45,488,0.14285714285714285,0.2857142857142857,0.2857142857142857,0.2857142857142857,11.142857142857142,0.28205128205128205,0.1282051282051282,0.4358974358974359,0,0,1,-1.8937930121391742,-0.6148778806091395,Occasional / Low-Engagement
9010,1972,Master,Married,83151.0,0,0,2013-10-02,80,968,147,842,137,42,210,1,5,7,10,2,1,0,1,1,0,0,1,2346,23,0,0,42,431,0.21739130434782608,0.43478260869565216,0.30434782608695654,0.043478260869565216,102.0,0.41261722080136404,0.3589087809036658,0.08951406649616368,3,1,3,4.03816425823656,-1.3001560876746507,High-Value Elite
378,1971,Graduation,Married,52531.0,0,0,2013-07-02,68,283,112,151,51,72,125,2,7,2,10,6,0,0,0,0,0,0,0,794,21,0,0,43,523,0.3333333333333333,0.47619047619047616,0.09523809523809523,0.09523809523809523,37.80952380952381,0.35642317380352645,0.190176322418136,0.1574307304785894,0,0,0,1.3872076429663873,0.26909969171304154,Digital Convenience Shoppers
4808,1956,Graduation,Married,15759.0,0,0,2013-05-09,12,1,2,5,6,0,3,1,1,0,2,7,0,0,0,0,0,0,0,17,4,0,0,58,577,0.25,0.5,0.0,0.25,4.25,0.058823529411764705,0.29411764705882354,0.17647058823529413,0,0,1,-2.6452265270563817,-1.2976854089410481,Occasional / Low-Engagement
5068,1971,Graduation,Single,22804.0,1,0,2013-07-02,75,14,1,7,2,1,1,1,2,0,2,9,0,0,0,0,0,0,0,26,5,1,1,43,523,0.4,0.4,0.0,0.2,5.2,0.5384615384615384,0.2692307692307692,0.038461538461538464,0,0,1,-2.8942907483628106,-0.4045143436330898,Occasional / Low-Engagement
7628,1973,2n Cycle,Married,43050.0,1,0,2013-07-02,10,30,5,24,6,3,8,2,2,0,4,5,0,0,0,0,0,0,0,76,8,1,1,41,523,0.25,0.5,0.0,0.25,9.5,0.39473684210526316,0.3157894736842105,0.10526315789473684,0,0,1,-1.6531235626733969,-0.6229291846102198,Occasional / Low-Engagement
7128,1977,PhD,Single,42997.0,1,1,2013-07-12,91,4,0,5,0,1,5,1,1,0,2,7,0,0,0,0,0,0,0,15,4,2,1,37,513,0.25,0.5,0.0,0.25,3.75,0.26666666666666666,0.3333333333333333,0.3333333333333333,0,0,1,-2.7676507212397277,-0.49158646515012466,Occasional / Low-Engagement
2811,1963,PhD,Single,48918.0,1,1,2014-12-04,21,52,0,9,0,0,1,2,1,0,4,4,0,0,0,0,0,0,0,62,7,2,1,51,3,0.14285714285714285,0.5714285714285714,0.0,0.2857142857142857,8.857142857142858,0.8387096774193549,0.14516129032258066,0.016129032258064516,0,0,1,-1.9932471608444804,-1.144970790959375,Occasional / Low-Engagement
3551,1954,Master,Together,60033.0,0,1,2013-07-02,28,62,1,57,19,11,48,2,2,1,5,2,0,0,0,0,0,0,0,198,10,1,1,60,523,0.2,0.5,0.1,0.2,19.8,0.31313131313131315,0.2878787878787879,0.24242424242424243,0,0,1,-0.5523523351066241,-1.0994116057325547,Occasional / Low-Engagement
1663,1978,PhD,Together,34043.0,1,0,2013-07-02,97,20,2,14,3,0,10,1,2,0,2,9,0,0,0,0,0,0,0,49,5,1,1,36,523,0.4,0.4,0.0,0.2,9.8,0.40816326530612246,0.2857142857142857,0.20408163265306123,0,0,1,-2.666552113284617,-0.4601757030182614,Occasional / Low-Engagement
5543,1966,Graduation,Together,57811.0,0,1,2013-07-02,49,545,7,114,37,21,78,5,7,2,11,5,0,1,0,0,0,0,0,802,25,1,1,48,523,0.28,0.44,0.08,0.2,32.08,0.6795511221945137,0.14214463840399003,0.09725685785536159,1,1,0,1.6009282774206284,1.7728544619042725,Digital Convenience Shoppers
1577,1946,Graduation,Married,78569.0,0,0,2013-07-02,14,558,79,622,207,175,95,1,4,6,4,1,0,0,1,0,0,0,1,1736,15,0,0,68,523,0.26666666666666666,0.26666666666666666,0.4,0.06666666666666667,115.73333333333333,0.32142857142857145,0.358294930875576,0.054723502304147464,1,1,3,2.3029978116814833,-1.9134088944788017,High-Value Elite
10641,1978,Graduation,Single,7500.0,1,1,2013-07-02,5,6,5,4,13,4,25,4,2,1,3,6,0,0,0,0,0,0,0,57,10,2,1,36,523,0.2,0.3,0.1,0.4,5.7,0.10526315789473684,0.07017543859649122,0.43859649122807015,0,0,1,-2.6386131310845653,0.8988290083418103,Occasional / Low-Engagement
5336,1971,Master,Together,157733.0,1,0,2013-04-06,37,39,1,9,2,0,8,0,1,0,1,1,0,0,0,0,0,0,0,59,2,1,1,43,610,0.5,0.5,0.0,0.0,29.5,0.6610169491525424,0.15254237288135594,0.13559322033898305,0,0,3,0.17632952724471085,-2.798862014194114,High-Value Elite
6024,1953,Graduation,Together,94384.0,0,0,2013-04-03,62,1111,24,790,160,45,172,0,5,8,5,2,0,1,1,1,0,0,1,2302,18,0,0,61,613,0.2777777777777778,0.2777777777777778,0.4444444444444444,0.0,127.88888888888889,0.4826238053866203,0.34317984361424847,0.07471763683753258,3,1,3,3.539982832496912,-1.8165545928030564,High-Value Elite
1878,1985,2n Cycle,Married,23148.0,0,0,2013-07-02,83,4,6,8,6,3,10,1,2,0,3,7,0,0,0,0,0,0,0,37,6,0,0,29,523,0.3333333333333333,0.5,0.0,0.16666666666666666,6.166666666666667,0.10810810810810811,0.21621621621621623,0.2702702702702703,0,0,1,-2.1648757977132926,-1.1750230772101347,Occasional / Low-Engagement
3099,1970,Graduation,Divorced,44267.0,1,1,2013-07-02,48,183,5,65,3,5,49,5,5,2,4,9,0,0,0,0,0,0,0,310,16,2,1,44,523,0.3125,0.25,0.125,0.3125,19.375,0.5903225806451613,0.20967741935483872,0.15806451612903225,0,0,2,-1.2532331279436817,2.1747808330930165,Deal & Discount Hunters
6055,1979,Graduation,Married,71626.0,0,0,2012-01-11,94,546,72,376,94,145,72,1,5,5,8,3,0,1,0,0,0,0,0,1305,19,0,0,35,1061,0.2631578947368421,0.42105263157894735,0.2631578947368421,0.05263157894736842,68.6842105263158,0.41839080459770117,0.28812260536398465,0.05517241379310345,1,1,3,2.3908678317265006,-0.41219687234185937,High-Value Elite
5841,1966,Graduation,Together,60894.0,0,1,2013-07-02,61,606,7,155,10,0,54,5,10,3,8,7,0,0,0,0,0,0,0,832,26,1,1,48,523,0.38461538461538464,0.3076923076923077,0.11538461538461539,0.19230769230769232,32.0,0.7283653846153846,0.18629807692307693,0.06490384615384616,0,0,0,1.602474117291235,2.390984764249884,Digital Convenience Shoppers
3972,1976,Graduation,Together,50200.0,1,1,2013-03-04,70,266,6,51,8,6,64,6,7,1,5,8,0,0,0,0,0,0,0,401,19,2,1,38,643,0.3684210526315789,0.2631578947368421,0.05263157894736842,0.3157894736842105,21.105263157894736,0.6633416458852868,0.12718204488778054,0.1596009975062344,0,0,2,-0.5948252471781058,2.8816556132829954,Deal & Discount Hunters
4394,1965,PhD,Married,81051.0,0,0,2013-07-02,43,1142,29,249,38,29,14,1,5,5,12,2,0,1,1,0,0,0,0,1501,23,0,0,49,523,0.21739130434782608,0.5217391304347826,0.21739130434782608,0.043478260869565216,65.26086956521739,0.7608261159227182,0.1658894070619587,0.009327115256495669,2,1,3,3.3864600323634906,-1.0214945545498633,High-Value Elite
5758,1982,Graduation,Married,65169.0,0,0,2013-07-02,23,1074,0,69,0,0,46,1,10,4,13,6,1,0,1,1,1,0,1,1189,28,0,0,32,523,0.35714285714285715,0.4642857142857143,0.14285714285714285,0.03571428571428571,42.464285714285715,0.9032800672834315,0.05803195962994113,0.03868797308662742,4,1,0,3.176881176021639,0.6124634839141517,Digital Convenience Shoppers
6658,1972,Graduation,Together,59868.0,0,1,2013-07-02,37,771,51,154,54,10,154,7,11,2,12,6,0,0,0,0,0,0,0,1194,32,1,1,42,523,0.34375,0.375,0.0625,0.21875,37.3125,0.6457286432160804,0.12897822445561138,0.12897822445561138,0,0,0,2.684819577848093,3.38768699123044,Digital Convenience Shoppers
4603,1960,PhD,Married,65695.0,0,1,2013-07-02,50,371,32,189,0,58,6,2,5,4,10,4,0,0,0,0,0,0,0,656,21,1,1,54,523,0.23809523809523808,0.47619047619047616,0.19047619047619047,0.09523809523809523,31.238095238095237,0.5655487804878049,0.28810975609756095,0.009146341463414634,0,0,0,1.5021520968612831,0.1246534801243333,Digital Convenience Shoppers
8427,1956,Master,Single,64857.0,0,0,2013-07-02,78,556,14,717,210,0,43,1,7,5,10,4,0,0,0,0,0,0,0,1540,23,0,0,58,523,0.30434782608695654,0.43478260869565216,0.21739130434782608,0.043478260869565216,66.95652173913044,0.36103896103896105,0.4655844155844156,0.02792207792207792,0,0,3,2.8699205290267837,-0.4439479651176744,High-Value Elite
10260,1965,Master,Together,45143.0,0,1,2013-07-02,74,202,5,74,11,5,14,3,6,1,5,7,0,0,0,0,0,0,0,311,15,1,1,49,523,0.4,0.3333333333333333,0.06666666666666667,0.2,20.733333333333334,0.6495176848874598,0.2379421221864952,0.04501607717041801,0,0,2,-0.6419640278910657,0.8071828507289709,Deal & Discount Hunters
7143,1955,2n Cycle,Together,74805.0,0,1,2013-06-11,14,209,162,209,41,162,37,5,4,7,10,2,0,0,0,0,0,0,0,820,26,1,1,59,544,0.15384615384615385,0.38461538461538464,0.2692307692307692,0.19230769230769232,31.53846153846154,0.2548780487804878,0.2548780487804878,0.045121951219512194,0,0,0,2.5536093587185986,0.7935651734507131,Digital Convenience Shoppers
8789,1989,2n Cycle,Married,59060.0,1,0,2014-11-01,77,35,40,111,36,40,12,3,3,1,7,4,0,0,0,0,0,0,0,274,14,1,1,25,36,0.21428571428571427,0.5,0.07142857142857142,0.21428571428571427,19.571428571428573,0.12773722627737227,0.4051094890510949,0.043795620437956206,0,0,1,-0.2788415243978353,-0.7334458291620394,Occasional / Low-Engagement
6197,1962,PhD,Single,27238.0,1,1,2013-07-02,39,37,0,17,0,0,3,3,3,0,3,9,0,0,0,0,0,0,0,57,9,2,1,52,523,0.3333333333333333,0.3333333333333333,0.0,0.3333333333333333,6.333333333333333,0.6491228070175439,0.2982456140350877,0.05263157894736842,0,0,1,-2.691578986091384,1.0703618843452054,Occasional / Low-Engagement
4554,1965,Graduation,Together,47009.0,0,1,2013-01-10,89,171,45,73,59,10,90,4,3,2,8,4,0,0,0,0,0,0,0,448,17,1,1,49,696,0.17647058823529413,0.47058823529411764,0.11764705882352941,0.23529411764705882,26.352941176470587,0.38169642857142855,0.16294642857142858,0.20089285714285715,0,0,2,0.13080630291861148,0.632500152920537,Deal & Discount Hunters
4937,1973,2n Cycle,Married,46094.0,1,1,2014-10-06,62,12,2,20,3,2,5,1,1,0,3,7,0,0,0,0,0,0,0,44,5,2,1,41,62,0.2,0.6,0.0,0.2,8.8,0.2727272727272727,0.45454545454545453,0.11363636363636363,0,0,1,-2.603315170620749,-1.0132293194577355,Occasional / Low-Engagement
1920,1972,Graduation,Married,40321.0,1,1,2013-07-02,59,44,4,21,6,0,27,2,3,0,3,7,0,0,0,0,0,0,0,102,8,2,1,42,523,0.375,0.375,0.0,0.25,12.75,0.43137254901960786,0.20588235294117646,0.2647058823529412,0,0,1,-2.2318625664154834,0.31188967226551684,Occasional / Low-Engagement
8749,1984,Graduation,Together,37235.0,1,0,2014-01-02,68,20,2,9,4,6,20,1,1,1,2,4,0,0,0,0,0,0,0,61,5,1,1,30,339,0.2,0.4,0.2,0.2,12.2,0.32786885245901637,0.14754098360655737,0.32786885245901637,0,0,1,-2.028635613535935,-1.6679196196186825,Occasional / Low-Engagement
1650,1960,Master,Married,81843.0,0,0,2013-07-02,13,779,86,537,34,69,138,1,5,9,12,3,0,0,0,0,0,0,0,1643,27,0,0,54,523,0.18518518518518517,0.4444444444444444,0.3333333333333333,0.037037037037037035,60.851851851851855,0.47413268411442483,0.3268411442483262,0.08399269628727937,0,0,3,4.114170287841654,-0.7581229785788192,High-Value Elite
10377,1958,Master,Together,46692.0,0,1,2013-06-06,37,170,6,97,24,12,88,3,6,1,5,6,0,0,0,0,0,0,0,397,15,1,1,56,549,0.4,0.3333333333333333,0.06666666666666667,0.2,26.466666666666665,0.4282115869017632,0.24433249370277077,0.2216624685138539,0,0,2,-0.4413319443897376,0.6737422930181609,Deal & Discount Hunters
9206,1968,Graduation,Together,77382.0,0,1,2014-07-01,36,491,48,231,112,105,134,2,5,7,12,1,0,0,1,0,0,0,0,1121,26,1,1,46,159,0.19230769230769232,0.46153846153846156,0.2692307692307692,0.07692307692307693,43.11538461538461,0.43800178412132024,0.20606601248884923,0.11953612845673506,1,1,3,3.212524923935017,-0.6875572665409455,High-Value Elite
10971,1977,Graduation,Single,37774.0,2,0,2012-03-09,28,173,8,107,7,2,176,4,7,2,3,9,1,0,0,0,0,1,1,473,16,2,1,37,1003,0.4375,0.1875,0.125,0.25,29.5625,0.3657505285412262,0.226215644820296,0.37209302325581395,1,1,2,-1.0874238400990284,2.71852256220135,Deal & Discount Hunters
6398,1974,Basic,Married,18393.0,1,0,2013-07-02,2,7,10,13,16,0,4,2,3,0,3,8,0,0,0,0,0,0,0,50,8,1,1,40,523,0.375,0.375,0.0,0.25,6.25,0.14,0.26,0.08,0,0,1,-2.4854596248787986,0.07424026490002794,Occasional / Low-Engagement
9212,1962,Master,Married,72828.0,0,1,2013-07-02,17,1205,0,235,19,14,205,6,6,3,13,7,0,0,0,0,0,0,0,1678,28,1,1,52,523,0.21428571428571427,0.4642857142857143,0.10714285714285714,0.21428571428571427,59.92857142857143,0.7181168057210966,0.1400476758045292,0.12216924910607867,0,0,0,2.6573892784570905,2.3648660669433843,Digital Convenience Shoppers
7937,1982,Graduation,Married,24711.0,0,0,2013-07-02,86,10,7,25,6,3,7,1,3,0,3,7,0,0,0,0,0,0,0,58,7,0,0,32,523,0.42857142857142855,0.42857142857142855,0.0,0.14285714285714285,8.285714285714286,0.1724137931034483,0.43103448275862066,0.1206896551724138,0,0,1,-1.9639373076207955,-1.0156938108625442,Occasional / Low-Engagement
839,1975,PhD,Married,45503.0,1,0,2013-07-02,54,97,4,44,6,1,18,1,3,1,4,5,0,0,0,0,0,0,0,170,9,1,1,39,523,0.3333333333333333,0.4444444444444444,0.1111111111111111,0.1111111111111111,18.88888888888889,0.5705882352941176,0.25882352941176473,0.10588235294117647,0,0,1,-1.241018691663401,-0.820841607305866,Occasional / Low-Engagement
4246,1982,Master,Single,6560.0,0,0,2013-12-12,2,67,11,26,4,3,262,0,1,0,1,17,0,0,0,0,0,0,0,373,2,0,0,32,360,0.5,0.5,0.0,0.0,186.5,0.17962466487935658,0.06970509383378017,0.7024128686327078,0,0,1,-3.981002300002543,-0.36095655068490873,Occasional / Low-Engagement
158,1945,PhD,Together,71604.0,0,0,2013-07-02,3,345,53,528,98,75,97,1,8,3,5,4,1,0,0,0,0,0,1,1196,17,0,0,69,523,0.47058823529411764,0.29411764705882354,0.17647058823529413,0.058823529411764705,70.3529411764706,0.28846153846153844,0.4414715719063545,0.08110367892976589,1,1,0,1.6920487157167032,-0.6922236210617946,Digital Convenience Shoppers
4832,1979,Graduation,Married,27244.0,1,0,2014-07-03,84,6,5,17,3,24,46,2,2,2,2,7,0,0,0,0,0,0,0,101,8,1,1,35,157,0.25,0.25,0.25,0.25,12.625,0.0594059405940594,0.16831683168316833,0.45544554455445546,0,0,1,-2.16945340839079,-0.8143551378316537,Occasional / Low-Engagement
5621,1969,Graduation,Married,48752.0,1,1,2012-12-12,8,73,57,100,71,15,0,5,6,1,5,9,0,0,0,0,0,0,1,316,17,2,1,45,725,0.35294117647058826,0.29411764705882354,0.058823529411764705,0.29411764705882354,18.58823529411765,0.2310126582278481,0.31645569620253167,0.0,0,0,2,-1.0017695156681123,2.6415830769695803,Deal & Discount Hunters
1945,1962,Graduation,Married,71434.0,0,1,2013-07-02,4,711,36,217,172,96,168,3,7,4,7,4,0,1,0,1,0,0,0,1400,21,1,1,52,523,0.3333333333333333,0.3333333333333333,0.19047619047619047,0.14285714285714285,66.66666666666667,0.5078571428571429,0.155,0.12,2,1,0,1.9753581198260388,0.5494721425610665,Digital Convenience Shoppers
5147,1948,Graduation,Single,90842.0,0,0,2013-07-02,57,774,70,118,182,187,93,1,4,9,13,1,0,0,0,0,0,0,0,1424,27,0,0,66,523,0.14814814814814814,0.48148148148148145,0.3333333333333333,0.037037037037037035,52.74074074074074,0.5435393258426966,0.08286516853932584,0.06530898876404495,0,0,3,4.379571717963595,-1.2167288976268436,High-Value Elite
2535,1978,Master,Married,88097.0,1,0,2013-07-02,24,163,0,480,0,126,75,1,6,5,8,9,0,1,1,1,0,0,1,844,20,1,1,36,523,0.3,0.4,0.25,0.05,42.2,0.19312796208530805,0.5687203791469194,0.08886255924170616,3,1,0,1.4181177839915076,0.5188209311123749,Digital Convenience Shoppers
11039,1975,Graduation,Married,51948.0,0,1,2013-07-02,51,82,33,54,71,30,41,2,5,2,4,5,0,0,0,0,0,0,0,311,13,1,1,39,523,0.38461538461538464,0.3076923076923077,0.15384615384615385,0.15384615384615385,23.923076923076923,0.26366559485530544,0.17363344051446947,0.13183279742765272,0,0,1,-0.4781999972493062,-0.12755522187278506,Occasional / Low-Engagement
9495,1982,Graduation,Together,71853.0,0,0,2013-08-05,29,358,108,413,141,97,32,1,2,8,6,1,0,0,0,0,0,0,0,1149,17,0,0,32,489,0.11764705882352941,0.35294117647058826,0.47058823529411764,0.058823529411764705,67.58823529411765,0.31157528285465624,0.35944299390774587,0.0278503046127067,0,0,3,2.158561353252468,-2.034968357611836,High-Value Elite
9635,1983,Master,Married,35876.0,0,0,2013-07-02,13,66,2,40,4,3,14,1,3,1,3,6,0,0,0,0,0,0,0,129,8,0,0,31,523,0.375,0.375,0.125,0.125,16.125,0.5116279069767442,0.31007751937984496,0.10852713178294573,0,0,1,-1.4241351231710022,-1.190735913715305,Occasional / Low-Engagement
2173,1952,Graduation,Widow,40049.0,0,1,2013-07-02,23,13,6,7,0,3,3,1,1,0,3,6,0,0,0,0,0,0,0,32,5,1,1,62,523,0.2,0.6,0.0,0.2,6.4,0.40625,0.21875,0.09375,0,0,1,-2.2251001545416873,-1.0549468732184244,Occasional / Low-Engagement
942,1982,Graduation,Single,39660.0,1,0,2012-08-08,36,139,13,78,20,13,36,3,7,1,3,9,0,0,0,0,0,0,1,299,14,1,1,32,851,0.5,0.21428571428571427,0.07142857142857142,0.21428571428571427,21.357142857142858,0.46488294314381273,0.2608695652173913,0.12040133779264214,0,0,2,-1.1150166389617329,1.6143107101099339,Deal & Discount Hunters
9386,1962,Graduation,Together,50127.0,0,1,2013-07-02,88,274,0,21,4,6,15,1,5,1,6,6,0,1,0,0,0,0,0,320,13,1,1,52,523,0.38461538461538464,0.46153846153846156,0.07692307692307693,0.07692307692307693,24.615384615384617,0.85625,0.065625,0.046875,1,1,1,-0.5121643846114993,-0.2094624225704663,Occasional / Low-Engagement
5510,1977,Master,Married,43263.0,0,1,2013-07-02,2,262,6,61,0,10,102,3,5,2,6,5,0,0,0,0,0,0,0,441,16,1,1,37,523,0.3125,0.375,0.125,0.1875,27.5625,0.5941043083900227,0.1383219954648526,0.23129251700680273,0,0,0,-0.17516775491021322,0.42852729260460926,Digital Convenience Shoppers
873,1949,Master,Married,62845.0,1,1,2012-01-10,3,1099,0,45,0,0,34,11,3,4,10,8,0,1,0,0,0,0,1,1178,28,2,1,65,1062,0.10714285714285714,0.35714285714285715,0.14285714285714285,0.39285714285714285,42.07142857142857,0.932937181663837,0.038200339558573854,0.028862478777589132,1,1,2,1.2368896644080283,4.951013415993257,Deal & Discount Hunters
2253,1990,Graduation,Married,18929.0,0,0,2013-07-02,15,32,0,8,23,4,18,1,1,0,4,6,0,0,0,0,0,0,0,85,6,0,0,24,523,0.16666666666666666,0.6666666666666666,0.0,0.16666666666666666,14.166666666666666,0.3764705882352941,0.09411764705882353,0.21176470588235294,0,0,1,-2.097413679557986,-1.4022333117443286,Occasional / Low-Engagement
5181,1982,Basic,Single,24367.0,1,0,2013-07-02,58,2,4,2,0,11,5,1,1,0,2,9,0,0,0,0,0,0,0,24,4,1,1,32,523,0.25,0.5,0.0,0.25,6.0,0.08333333333333333,0.08333333333333333,0.20833333333333334,0,0,1,-3.0273880098417147,-0.5757001047672942,Occasional / Low-Engagement
979,1975,Graduation,Single,33249.0,1,0,2013-07-02,11,6,10,21,19,14,42,2,2,1,3,6,0,0,0,0,0,0,0,112,8,1,1,39,523,0.25,0.375,0.125,0.25,14.0,0.05357142857142857,0.1875,0.375,0,0,1,-1.9075419319654912,-0.4658697012977894,Occasional / Low-Engagement
10390,1959,2n Cycle,Married,26887.0,0,1,2013-10-02,27,6,7,4,3,4,6,1,1,0,3,6,0,0,0,0,0,0,0,30,5,1,1,55,431,0.2,0.6,0.0,0.2,6.0,0.2,0.13333333333333333,0.2,0,0,1,-2.483312469515675,-1.117145239388106,Occasional / Low-Engagement
4698,1983,PhD,Married,50150.0,0,0,2013-07-02,32,135,46,92,65,61,11,2,5,2,7,5,0,0,0,0,0,0,0,410,16,0,0,31,523,0.3125,0.4375,0.125,0.125,25.625,0.32926829268292684,0.22439024390243903,0.026829268292682926,0,0,0,0.36966547673544825,-0.41273718281832233,Digital Convenience Shoppers
7793,1976,Graduation,Together,62061.0,0,1,2013-07-02,12,641,7,84,0,30,38,3,10,4,7,6,0,1,0,0,0,0,0,800,24,1,1,38,523,0.4166666666666667,0.2916666666666667,0.16666666666666666,0.125,33.333333333333336,0.80125,0.105,0.0475,1,1,0,1.6268494817040007,1.4535034885080373,Digital Convenience Shoppers
1745,1962,PhD,Divorced,85696.0,0,0,2013-03-05,88,714,76,395,116,0,12,1,4,6,9,1,0,0,0,0,0,0,1,1313,20,0,0,52,642,0.2,0.45,0.3,0.05,65.65,0.5437928408225438,0.3008377760853008,0.00913937547600914,0,0,3,3.0121695643889748,-1.4136203993384624,High-Value Elite
10590,1956,PhD,Together,76542.0,0,0,2013-07-02,91,794,73,573,0,29,14,1,4,8,10,2,0,0,0,0,0,0,0,1483,23,0,0,58,523,0.17391304347826086,0.43478260869565216,0.34782608695652173,0.043478260869565216,64.47826086956522,0.5354012137559002,0.3863789615643965,0.009440323668240054,0,0,3,3.362249483078754,-1.2481178794314525,High-Value Elite
5080,1993,Graduation,Single,70515.0,0,0,2013-07-02,12,420,0,452,182,64,140,1,6,6,4,2,0,0,0,0,0,0,1,1258,17,0,0,21,523,0.35294117647058826,0.23529411764705882,0.35294117647058826,0.058823529411764705,74.0,0.3338632750397456,0.35930047694753575,0.11128775834658187,0,0,3,2.0203678956500912,-1.3514181450249654,High-Value Elite
8369,1987,Graduation,Together,18227.0,1,0,2012-08-11,21,1,2,7,4,3,11,1,0,1,2,8,0,0,0,0,0,0,0,28,4,1,1,27,848,0.0,0.5,0.25,0.25,7.0,0.03571428571428571,0.25,0.39285714285714285,0,0,1,-2.949024970784157,-0.4237473108304133,Occasional / Low-Engagement
5232,1965,Graduation,Married,69139.0,0,1,2013-07-02,23,86,12,75,33,15,6,1,4,1,5,4,0,0,0,0,0,0,0,227,11,1,1,49,523,0.36363636363636365,0.45454545454545453,0.09090909090909091,0.09090909090909091,20.636363636363637,0.3788546255506608,0.3303964757709251,0.02643171806167401,0,0,1,-0.3322760560178256,-0.8435322647090605,Occasional / Low-Engagement
2407,1982,Graduation,Married,69109.0,0,0,2012-09-11,10,823,25,459,124,29,95,1,6,6,7,4,0,0,1,0,0,0,1,1555,20,0,0,32,817,0.3,0.35,0.3,0.05,77.75,0.5292604501607717,0.29517684887459805,0.06109324758842444,1,1,3,2.5181448999022678,-0.430083538841228,High-Value Elite
3834,1962,Graduation,Single,69627.0,0,1,2013-07-02,35,231,161,215,171,30,53,2,8,2,11,5,0,0,0,0,0,0,0,861,23,1,1,52,523,0.34782608695652173,0.4782608695652174,0.08695652173913043,0.08695652173913043,37.43478260869565,0.2682926829268293,0.2497096399535424,0.06155632984901278,0,0,0,1.8673281148094876,0.7884699794995592,Digital Convenience Shoppers
7912,1978,Graduation,Married,38136.0,1,0,2013-07-02,69,8,15,27,0,20,33,2,3,1,2,8,1,0,0,0,0,0,0,103,8,1,1,36,523,0.375,0.25,0.125,0.25,12.875,0.07766990291262135,0.2621359223300971,0.32038834951456313,1,1,1,-2.0536973607666464,-0.07799558639316205,Occasional / Low-Engagement
7712,1946,PhD,Single,62159.0,0,0,2013-07-02,68,182,17,259,77,70,29,1,6,2,10,4,0,0,0,0,0,0,0,634,19,0,0,68,523,0.3157894736842105,0.5263157894736842,0.10526315789473684,0.05263157894736842,33.36842105263158,0.2870662460567823,0.4085173501577287,0.04574132492113565,0,0,0,1.4798548090097732,-0.6265755934326454,Digital Convenience Shoppers
1065,1963,Graduation,Single,80695.0,0,0,2013-07-02,85,557,129,984,193,37,18,1,5,8,5,2,0,0,0,0,0,0,0,1918,19,0,0,51,523,0.2631578947368421,0.2631578947368421,0.42105263157894735,0.05263157894736842,100.94736842105263,0.29040667361835243,0.5130344108446299,0.009384775808133473,0,0,3,3.0600967961020276,-1.4902488209248117,High-Value Elite
7275,1971,Master,Single,33316.0,1,1,2013-04-10,34,79,1,31,4,4,12,3,2,1,4,6,0,0,0,0,0,0,0,131,10,2,1,43,606,0.2,0.4,0.1,0.3,13.1,0.6030534351145038,0.2366412213740458,0.0916030534351145,0,0,1,-1.9732610314950827,0.5895399264496363,Occasional / Low-Engagement
1343,1968,Graduation,Together,58554.0,1,1,2013-07-02,55,368,24,68,38,0,88,6,8,2,6,7,0,0,0,0,0,0,0,586,22,2,1,46,523,0.36363636363636365,0.2727272727272727,0.09090909090909091,0.2727272727272727,26.636363636363637,0.6279863481228669,0.11604095563139932,0.15017064846416384,0,0,2,0.28899418953969125,2.7861636783593435,Deal & Discount Hunters
1384,1992,Basic,Married,17256.0,1,0,2013-07-02,10,6,4,14,8,8,22,2,2,1,2,8,1,0,0,0,0,0,0,62,7,1,1,22,523,0.2857142857142857,0.2857142857142857,0.14285714285714285,0.2857142857142857,8.857142857142858,0.0967741935483871,0.22580645161290322,0.3548387096774194,1,1,1,-2.6363475865148045,-0.13882737942719825,Occasional / Low-Engagement
9967,1974,Graduation,Divorced,53034.0,1,1,2013-07-02,30,160,15,196,15,11,50,8,6,1,7,8,0,0,0,0,0,0,0,447,22,2,1,40,523,0.2727272727272727,0.3181818181818182,0.045454545454545456,0.36363636363636365,20.318181818181817,0.3579418344519016,0.43847874720357943,0.11185682326621924,0,0,2,-0.2637341768391809,3.4320953116866035,Deal & Discount Hunters
6181,1950,2n Cycle,Together,52203.0,0,0,2013-07-02,36,488,21,238,56,108,28,1,8,7,11,6,0,0,0,0,0,0,0,939,27,0,0,64,523,0.2962962962962963,0.4074074074074074,0.25925925925925924,0.037037037037037035,34.77777777777778,0.5197018104366348,0.2534611288604899,0.029818956336528223,0,0,0,2.671513337203765,0.27544904014350086,Digital Convenience Shoppers
10507,1977,2n Cycle,Divorced,59601.0,0,1,2013-07-02,14,691,7,69,0,7,23,4,2,2,7,8,0,1,0,0,0,0,0,797,15,1,1,37,523,0.13333333333333333,0.4666666666666667,0.13333333333333333,0.26666666666666666,53.13333333333333,0.8670012547051443,0.08657465495608532,0.028858218318695106,1,1,2,-0.2271541878226497,0.7613924867196906,Deal & Discount Hunters
2674,1958,Master,Single,75154.0,0,1,2012-04-09,79,543,10,205,160,143,82,1,6,3,6,3,0,0,0,0,0,0,1,1143,16,1,1,56,972,0.375,0.375,0.1875,0.0625,71.4375,0.47506561679790027,0.17935258092738407,0.07174103237095363,0,0,0,1.4651269232922906,-0.050064856962492764,Digital Convenience Shoppers
2698,1976,Graduation,Single,47025.0,0,1,2013-07-11,52,254,7,108,20,0,26,3,6,3,5,6,0,0,0,0,0,0,0,415,17,1,1,38,514,0.35294117647058826,0.29411764705882354,0.17647058823529413,0.17647058823529413,24.41176470588235,0.6120481927710844,0.26024096385542167,0.06265060240963856,0,0,2,-0.056845121727266676,0.6748651354284181,Deal & Discount Hunters
3231,1973,Graduation,Married,37971.0,1,0,2013-07-02,97,5,4,10,2,2,7,1,1,0,3,8,0,0,0,0,0,0,0,30,5,1,1,41,523,0.2,0.6,0.0,0.2,6.0,0.16666666666666666,0.3333333333333333,0.23333333333333334,0,0,1,-2.4810769222940263,-0.7343056930755923,Occasional / Low-Engagement
4096,1968,Master,Divorced,41335.0,1,0,2013-07-02,24,112,19,21,16,14,5,3,4,1,4,7,0,0,0,0,0,0,0,187,12,1,1,46,523,0.3333333333333333,0.3333333333333333,0.08333333333333333,0.25,15.583333333333334,0.5989304812834224,0.11229946524064172,0.026737967914438502,0,0,1,-1.2898328458472073,0.43165275981618617,Occasional / Low-Engagement
10476,1958,Graduation,Married,67267.0,0,1,2013-07-02,0,134,11,59,15,2,30,1,3,2,5,2,0,0,0,0,0,0,0,251,11,1,1,56,523,0.2727272727272727,0.45454545454545453,0.18181818181818182,0.09090909090909091,22.818181818181817,0.5338645418326693,0.2350597609561753,0.11952191235059761,0,0,1,-0.09577867937841247,-1.300749198754006,Occasional / Low-Engagement
5948,1975,Graduation,Single,57338.0,0,1,2013-07-02,96,143,6,52,11,8,17,2,4,1,5,5,0,0,0,0,0,0,0,237,12,1,1,39,523,0.3333333333333333,0.4166666666666667,0.08333333333333333,0.16666666666666666,19.75,0.6033755274261603,0.21940928270042195,0.07172995780590717,0,0,1,-0.594617777088704,-0.2773235941714055,Occasional / Low-Engagement
9140,1960,2n Cycle,Together,50523.0,1,1,2013-07-02,89,51,4,24,4,7,1,2,2,0,4,6,0,0,0,0,0,0,0,91,8,2,1,54,523,0.25,0.5,0.0,0.25,11.375,0.5604395604395604,0.26373626373626374,0.01098901098901099,0,0,1,-1.918873851722797,0.003150842265965494,Occasional / Low-Engagement
10258,1965,Master,Single,35791.0,2,1,2013-06-05,94,27,0,5,0,0,3,2,1,0,3,8,0,0,0,0,0,0,0,35,6,3,1,49,550,0.16666666666666666,0.5,0.0,0.3333333333333333,5.833333333333333,0.7714285714285715,0.14285714285714285,0.08571428571428572,0,0,1,-3.09444038645122,0.7040083898816895,Occasional / Low-Engagement
5675,1960,PhD,Divorced,50611.0,0,1,2012-04-10,98,459,0,24,6,0,4,6,4,5,7,6,0,1,0,0,0,0,0,493,22,1,1,54,971,0.18181818181818182,0.3181818181818182,0.22727272727272727,0.2727272727272727,22.40909090909091,0.9310344827586207,0.0486815415821501,0.008113590263691683,1,1,2,0.6833800710308289,2.202948577137902,Deal & Discount Hunters
4743,1969,PhD,Married,56242.0,0,1,2013-03-03,72,689,8,167,11,8,88,5,8,4,11,6,0,0,0,0,0,0,0,971,28,1,1,45,644,0.2857142857142857,0.39285714285714285,0.14285714285714285,0.17857142857142858,34.67857142857143,0.709577754891864,0.17198764160659114,0.09062821833161688,0,0,0,2.1233873348850762,2.3068579064128856,Digital Convenience Shoppers
8805,1960,Graduation,Single,48904.0,0,1,2012-02-12,1,283,10,38,0,13,27,4,7,2,4,8,0,0,0,0,0,0,0,371,17,1,1,54,1029,0.4117647058823529,0.23529411764705882,0.11764705882352941,0.23529411764705882,21.823529411764707,0.7628032345013477,0.10242587601078167,0.07277628032345014,0,0,2,-0.3567067929318938,2.1114855394605727,Deal & Discount Hunters
1542,1975,Graduation,Single,56243.0,1,2,2013-07-02,26,347,0,35,4,3,7,6,4,2,8,5,0,0,0,0,0,0,0,396,20,3,1,39,523,0.2,0.4,0.1,0.3,19.8,0.8762626262626263,0.08838383838383838,0.017676767676767676,0,0,2,-0.2674853571529722,2.474624343066713,Deal & Discount Hunters
6770,1985,Graduation,Married,21355.0,1,0,2013-07-02,5,5,13,14,0,5,31,2,2,1,2,6,1,0,0,0,0,0,1,68,7,1,1,29,523,0.2857142857142857,0.2857142857142857,0.14285714285714285,0.2857142857142857,9.714285714285714,0.07352941176470588,0.20588235294117646,0.45588235294117646,1,1,1,-2.3257844993772196,-0.48342972231693704,Occasional / Low-Engagement
8773,1971,Master,Together,57420.0,0,1,2013-07-02,22,280,0,18,0,0,24,3,5,1,6,7,0,1,0,0,0,0,0,322,15,1,1,43,523,0.3333333333333333,0.4,0.06666666666666667,0.2,21.466666666666665,0.8695652173913043,0.055900621118012424,0.07453416149068323,1,1,2,-0.4087300687829914,0.6692761293110295,Deal & Discount Hunters
10475,1970,Master,Together,50943.0,0,1,2013-01-04,39,187,5,65,26,20,14,2,4,2,6,5,0,0,0,0,0,0,0,317,14,1,1,44,702,0.2857142857142857,0.42857142857142855,0.14285714285714285,0.14285714285714285,22.642857142857142,0.5899053627760252,0.20504731861198738,0.04416403785488959,0,0,1,-0.2881805756307228,0.09151849144806395,Occasional / Low-Engagement
10420,1955,Master,Divorced,46390.0,0,1,2014-05-05,56,95,14,64,2,9,38,1,4,2,3,7,0,0,0,0,0,0,0,222,10,1,1,59,216,0.4,0.3,0.2,0.1,22.2,0.42792792792792794,0.2882882882882883,0.17117117117117117,0,0,1,-1.2965304861369606,-0.7796486416607071,Occasional / Low-Engagement
7514,1956,2n Cycle,Together,54342.0,1,1,2013-03-07,74,84,10,34,11,10,28,4,3,1,4,6,0,0,0,0,0,0,0,177,12,2,1,58,640,0.25,0.3333333333333333,0.08333333333333333,0.3333333333333333,14.75,0.4745762711864407,0.192090395480226,0.15819209039548024,0,0,1,-1.3341229692494636,1.0643903752763189,Occasional / Low-Engagement
2902,1958,Graduation,Together,52028.5,1,1,2012-03-09,87,19,4,12,2,2,6,1,1,0,3,5,0,0,0,0,0,0,0,45,5,2,1,56,1003,0.2,0.6,0.0,0.2,9.0,0.4222222222222222,0.26666666666666666,0.13333333333333333,0,0,1,-2.1016997299213336,-0.1485554934010314,Occasional / Low-Engagement
4345,1964,2n Cycle,Single,46805.0,1,1,2014-12-01,49,5,1,9,2,0,4,1,1,0,2,7,0,0,0,0,0,0,0,21,4,2,1,50,6,0.25,0.5,0.0,0.25,5.25,0.23809523809523808,0.42857142857142855,0.19047619047619047,0,0,1,-2.7853384462495705,-1.1589694629781666,Occasional / Low-Engagement
793,1973,Graduation,Married,20895.0,1,0,2012-06-10,24,18,3,17,3,0,4,1,2,0,3,9,0,0,0,0,0,0,0,45,6,1,1,41,910,0.3333333333333333,0.5,0.0,0.16666666666666666,7.5,0.4,0.37777777777777777,0.08888888888888889,0,0,1,-2.696333368206651,0.19086513288694465,Occasional / Low-Engagement
10909,1948,Graduation,Married,92344.0,0,0,2013-07-02,9,992,24,694,51,19,119,0,5,10,5,1,1,0,1,0,0,0,0,1899,20,0,0,66,523,0.25,0.25,0.5,0.0,94.95,0.5223802001053186,0.36545550289626116,0.06266456029489205,2,1,3,3.6811943259896798,-2.0023341789364015,High-Value Elite
3769,1972,PhD,Together,55212.0,1,0,2014-02-03,17,25,1,13,0,0,3,1,1,0,3,7,0,0,0,0,0,0,0,42,5,1,1,42,307,0.2,0.6,0.0,0.2,8.4,0.5952380952380952,0.30952380952380953,0.07142857142857142,0,0,1,-2.09135957595489,-1.2384717853510894,Occasional / Low-Engagement
8702,1976,2n Cycle,Together,26907.0,1,1,2013-07-02,10,9,1,7,0,3,2,2,1,0,3,7,0,0,0,0,0,0,0,22,6,2,1,38,523,0.16666666666666666,0.5,0.0,0.3333333333333333,3.6666666666666665,0.4090909090909091,0.3181818181818182,0.09090909090909091,0,0,1,-2.858791642173967,0.050020749392065994,Occasional / Low-Engagement
4791,1980,Graduation,Together,44964.0,1,1,2013-07-02,35,19,1,17,2,0,2,1,1,0,3,8,0,0,0,0,0,0,0,41,5,2,1,34,523,0.2,0.6,0.0,0.2,8.2,0.4634146341463415,0.4146341463414634,0.04878048780487805,0,0,1,-2.6722544148129215,-0.23923729065131985,Occasional / Low-Engagement
2963,1979,Graduation,Together,75507.0,0,0,2014-02-05,56,709,93,374,104,80,80,1,8,6,6,3,0,0,0,0,0,0,0,1440,21,0,0,35,305,0.38095238095238093,0.2857142857142857,0.2857142857142857,0.047619047619047616,68.57142857142857,0.49236111111111114,0.25972222222222224,0.05555555555555555,0,0,3,2.744558488652418,-1.0290293483391955,High-Value Elite
8216,1972,Master,Married,53761.0,1,1,2013-11-10,7,158,0,76,13,7,71,6,4,4,3,5,0,0,0,0,0,0,0,325,17,2,1,42,392,0.23529411764705882,0.17647058823529413,0.23529411764705882,0.35294117647058826,19.11764705882353,0.48615384615384616,0.23384615384615384,0.21846153846153846,0,0,2,-0.5411418718170152,1.4930929630412682,Deal & Discount Hunters
8140,1973,Graduation,Together,22682.0,1,0,2013-03-10,51,10,14,29,4,2,36,3,2,1,4,4,0,0,0,0,0,0,0,95,10,1,1,41,637,0.2,0.4,0.1,0.3,9.5,0.10526315789473684,0.30526315789473685,0.37894736842105264,0,0,1,-1.6390370662022646,-0.16532348970359478,Occasional / Low-Engagement
10146,1972,PhD,Together,38887.0,1,0,2014-02-03,17,25,1,13,0,0,3,1,1,0,3,7,0,0,0,0,0,0,0,42,5,1,1,42,307,0.2,0.6,0.0,0.2,8.4,0.5952380952380952,0.30952380952380953,0.07142857142857142,0,0,1,-2.392231220363105,-1.1663167599549995,Occasional / Low-Engagement
5289,1975,2n Cycle,Single,41658.0,1,1,2012-09-11,30,8,4,12,15,4,29,2,1,1,2,4,0,0,0,0,0,0,0,72,6,2,1,39,817,0.16666666666666666,0.3333333333333333,0.16666666666666666,0.3333333333333333,12.0,0.1111111111111111,0.16666666666666666,0.4027777777777778,0,0,1,-2.1349414124275627,-0.17846260685136323,Occasional / Low-Engagement
2587,1972,PhD,Married,29791.0,1,0,2013-07-02,21,14,0,6,0,0,0,2,2,0,3,5,0,0,0,0,0,0,0,20,7,1,1,42,523,0.2857142857142857,0.42857142857142855,0.0,0.2857142857142857,2.857142857142857,0.7,0.3,0.0,0,0,1,-2.1012616064644374,-0.6374448434211286,Occasional / Low-Engagement
4405,1956,Master,Married,63915.0,0,2,2013-07-02,2,622,7,115,30,0,15,2,6,3,12,5,0,0,0,0,0,0,0,789,23,2,1,58,523,0.2608695652173913,0.5217391304347826,0.13043478260869565,0.08695652173913043,34.30434782608695,0.788339670468948,0.14575411913814956,0.019011406844106463,0,0,0,1.4281255589613835,1.1019538997648664,Digital Convenience Shoppers
8663,1974,Graduation,Divorced,39996.0,1,1,2013-07-02,85,11,0,3,0,0,1,1,1,0,2,6,0,0,0,0,0,0,0,15,4,2,1,40,523,0.25,0.5,0.0,0.25,3.75,0.7333333333333333,0.2,0.06666666666666667,0,0,1,-2.706630436663221,-0.6276461142208979,Occasional / Low-Engagement
2589,1972,Graduation,Divorced,26759.0,1,0,2014-07-02,65,25,3,16,8,5,2,2,2,1,3,6,0,0,0,0,0,0,0,59,8,1,1,42,158,0.25,0.375,0.125,0.25,7.375,0.423728813559322,0.2711864406779661,0.03389830508474576,0,0,1,-2.11240560760055,-0.9204581970128877,Occasional / Low-Engagement
3421,1968,Master,Divorced,63841.0,0,1,2013-07-02,64,635,15,100,20,7,131,1,9,3,9,6,0,0,0,0,0,0,0,908,22,1,1,46,523,0.4090909090909091,0.4090909090909091,0.13636363636363635,0.045454545454545456,41.27272727272727,0.6993392070484582,0.11013215859030837,0.14427312775330398,0,0,0,1.6413783080750923,0.648716446548561,Digital Convenience Shoppers
10490,1969,PhD,Married,51039.0,1,1,2012-10-12,11,100,64,79,65,0,109,2,6,2,4,7,0,0,0,0,0,0,0,417,14,2,1,45,786,0.42857142857142855,0.2857142857142857,0.14285714285714285,0.14285714285714285,29.785714285714285,0.23980815347721823,0.18944844124700239,0.26139088729016785,0,0,2,-0.7762908099171636,1.229730046210114,Deal & Discount Hunters
4094,1961,Graduation,Married,60544.0,1,1,2013-07-02,92,201,2,43,3,5,35,4,5,1,5,6,0,0,0,0,0,0,0,289,15,2,1,53,523,0.3333333333333333,0.3333333333333333,0.06666666666666667,0.26666666666666666,19.266666666666666,0.6955017301038062,0.14878892733564014,0.12110726643598616,0,0,2,-0.676405691609288,1.2847352564183045,Deal & Discount Hunters
9958,1972,Graduation,Married,65685.0,0,1,2013-07-02,54,642,14,49,0,7,57,1,9,2,9,5,0,0,0,0,0,0,0,769,21,1,1,42,523,0.42857142857142855,0.42857142857142855,0.09523809523809523,0.047619047619047616,36.61904761904762,0.834850455136541,0.06371911573472042,0.0741222366710013,0,0,0,1.5085416982106867,0.46058307899311945,Digital Convenience Shoppers
2534,1953,Graduation,Married,37716.0,0,1,2013-07-02,4,97,1,41,6,2,41,2,4,1,3,7,0,0,0,0,0,0,0,188,10,1,1,61,523,0.4,0.3,0.1,0.2,18.8,0.5159574468085106,0.21808510638297873,0.21808510638297873,0,0,1,-1.5760573637215844,0.011396836146408273,Occasional / Low-Engagement
4188,1957,Graduation,Single,36864.0,0,1,2013-07-02,53,204,5,39,17,0,89,3,5,2,4,8,0,0,0,0,0,0,1,354,14,1,1,57,523,0.35714285714285715,0.2857142857142857,0.14285714285714285,0.21428571428571427,25.285714285714285,0.576271186440678,0.11016949152542373,0.2514124293785311,0,0,1,-1.025045755498674,0.7938161120138449,Occasional / Low-Engagement
6613,1970,Master,Married,44511.0,1,0,2012-12-10,39,513,7,133,46,14,14,6,8,4,8,8,0,0,0,0,0,0,0,727,26,1,1,44,727,0.3076923076923077,0.3076923076923077,0.15384615384615385,0.23076923076923078,27.96153846153846,0.7056396148555708,0.1829436038514443,0.01925722145804677,0,0,2,1.059665173341688,2.959495569863282,Deal & Discount Hunters
10827,1967,PhD,Married,36947.0,1,1,2012-07-08,49,88,3,21,4,1,29,4,3,0,4,9,0,0,0,0,0,0,0,146,11,2,1,47,882,0.2727272727272727,0.36363636363636365,0.0,0.36363636363636365,13.272727272727273,0.6027397260273972,0.14383561643835616,0.19863013698630136,0,0,1,-2.173886823078144,1.9276954342148096,Occasional / Low-Engagement
5491,1951,Master,Together,47352.0,0,1,2013-11-04,70,172,12,112,8,0,15,4,6,1,5,7,0,0,0,0,0,0,0,319,16,1,1,63,398,0.375,0.3125,0.0625,0.25,19.9375,0.5391849529780565,0.3510971786833856,0.047021943573667714,0,0,2,-0.568289545071279,1.0019563657652877,Deal & Discount Hunters
8402,1953,Master,Married,67087.0,0,1,2013-07-02,40,329,35,222,130,35,43,2,7,5,8,4,0,0,0,0,0,0,0,794,22,1,1,61,523,0.3181818181818182,0.36363636363636365,0.22727272727272727,0.09090909090909091,36.09090909090909,0.41435768261964734,0.2795969773299748,0.05415617128463476,0,0,0,1.7850479446611778,0.3276149660672584,Digital Convenience Shoppers
8783,1950,Graduation,Married,57045.0,0,1,2012-08-09,40,296,13,104,11,13,17,3,4,2,9,3,0,0,0,0,0,0,0,454,18,1,1,64,850,0.2222222222222222,0.5,0.1111111111111111,0.16666666666666666,25.22222222222222,0.6519823788546255,0.2290748898678414,0.037444933920704845,0,0,0,0.7262141065793372,0.5101764307183795,Digital Convenience Shoppers
10010,1953,PhD,Divorced,36957.0,1,1,2012-06-09,43,100,2,16,2,1,31,4,3,2,2,9,0,0,0,0,0,0,1,152,11,2,1,61,911,0.2727272727272727,0.18181818181818182,0.18181818181818182,0.36363636363636365,13.818181818181818,0.6578947368421053,0.10526315789473684,0.20394736842105263,0,0,1,-2.132089079686528,1.8709557667413972,Occasional / Low-Engagement
618,1977,PhD,Married,69389.0,0,1,2013-07-02,17,422,7,238,69,46,15,1,7,2,12,4,0,0,0,0,0,0,0,797,22,1,1,37,523,0.3181818181818182,0.5454545454545454,0.09090909090909091,0.045454545454545456,36.22727272727273,0.5294855708908407,0.2986198243412798,0.018820577164366373,0,0,0,1.8922393353914095,0.17243831689032907,Digital Convenience Shoppers
9121,1972,Graduation,Married,80134.0,1,0,2013-07-02,40,1218,16,272,104,0,80,2,5,3,6,6,0,1,1,1,0,0,1,1690,16,1,1,42,523,0.3125,0.375,0.1875,0.125,105.625,0.7207100591715976,0.16094674556213018,0.047337278106508875,3,1,0,1.3985404818472298,0.011861417987049167,Digital Convenience Shoppers
361,1969,Master,Married,43142.0,1,1,2013-07-02,84,5,1,7,2,1,4,1,1,0,2,7,0,0,0,0,0,0,0,20,4,2,1,45,523,0.25,0.5,0.0,0.25,5.0,0.25,0.35,0.2,0,0,1,-2.761346049567771,-0.47799721335939277,Occasional / Low-Engagement
4310,1944,Graduation,Married,80589.0,0,0,2013-07-02,25,507,93,520,242,40,26,1,5,10,5,1,0,0,0,1,0,0,1,1428,21,0,0,70,523,0.23809523809523808,0.23809523809523808,0.47619047619047616,0.047619047619047616,68.0,0.3550420168067227,0.3641456582633053,0.018207282913165267,1,1,3,3.1898711764811933,-1.5612672898929052,High-Value Elite
2678,1990,Graduation,Single,34412.0,1,0,2013-07-02,62,52,12,50,4,36,55,3,5,0,3,9,0,0,0,0,0,0,0,209,11,1,1,24,523,0.45454545454545453,0.2727272727272727,0.0,0.2727272727272727,19.0,0.24880382775119617,0.23923444976076555,0.2631578947368421,0,0,1,-1.8205767910730053,0.8481577360571285,Occasional / Low-Engagement
6376,1979,Graduation,Single,57537.0,1,0,2013-10-06,83,191,56,139,51,8,100,4,4,3,8,4,0,0,0,0,0,0,0,545,19,1,1,35,427,0.21052631578947367,0.42105263157894735,0.15789473684210525,0.21052631578947367,28.68421052631579,0.3504587155963303,0.25504587155963304,0.1834862385321101,0,0,0,0.6878966050173049,0.4263426931315856,Digital Convenience Shoppers
524,1966,Basic,Together,22634.0,0,0,2013-07-02,47,2,23,11,8,6,46,1,2,1,2,8,0,0,0,0,0,0,0,96,6,0,0,48,523,0.3333333333333333,0.3333333333333333,0.16666666666666666,0.16666666666666666,16.0,0.020833333333333332,0.11458333333333333,0.4791666666666667,0,0,1,-2.2399840157638415,-1.0523348385619762,Occasional / Low-Engagement
10341,1948,Graduation,Together,51315.0,0,0,2013-07-02,45,68,28,39,16,30,41,1,2,2,5,2,0,0,0,0,0,0,0,222,10,0,0,66,523,0.2,0.5,0.2,0.1,22.2,0.3063063063063063,0.17567567567567569,0.18468468468468469,0,0,1,-0.2427221172624842,-1.9196174882789292,Occasional / Low-Engagement
5654,1972,Graduation,Married,36026.0,2,1,2013-07-02,34,20,4,10,6,4,17,2,2,0,3,6,0,0,0,0,0,0,0,61,7,3,1,42,523,0.2857142857142857,0.42857142857142855,0.0,0.2857142857142857,8.714285714285714,0.32786885245901637,0.16393442622950818,0.2786885245901639,0,0,1,-2.700323823740024,0.5201177232116256,Occasional / Low-Engagement
4098,1973,Graduation,Married,24639.0,1,1,2013-07-02,3,20,3,16,0,4,1,3,2,0,4,6,0,0,0,0,0,0,0,44,9,2,1,41,523,0.2222222222222222,0.4444444444444444,0.0,0.3333333333333333,4.888888888888889,0.45454545454545453,0.36363636363636365,0.022727272727272728,0,0,1,-2.3979221687845764,0.5052486638151762,Occasional / Low-Engagement
5824,1972,PhD,Together,34578.0,2,1,2014-11-04,1,7,0,1,0,0,0,1,1,0,2,6,0,0,0,0,0,0,0,8,4,3,1,42,33,0.25,0.5,0.0,0.25,2.0,0.875,0.125,0.0,0,0,1,-3.2240566938204607,-0.709142611207,Occasional / Low-Engagement
7000,1972,2n Cycle,Single,65704.0,0,0,2013-07-02,18,279,172,74,38,8,246,1,2,10,10,1,0,0,0,0,0,0,0,817,23,0,0,42,523,0.08695652173913043,0.43478260869565216,0.43478260869565216,0.043478260869565216,35.52173913043478,0.34149326805385555,0.09057527539779682,0.3011015911872705,0,0,3,2.855510809459962,-1.5953082035406576,High-Value Elite
2561,1966,Graduation,Single,63810.0,0,1,2012-11-11,45,977,12,253,16,12,101,4,4,3,12,8,0,1,0,0,0,0,0,1371,23,1,1,48,756,0.17391304347826086,0.5217391304347826,0.13043478260869565,0.17391304347826086,59.608695652173914,0.712618526622903,0.18453683442742524,0.0736688548504741,1,1,0,1.6277287316534637,1.7389565562519007,Digital Convenience Shoppers
5229,1969,PhD,Together,54132.0,0,1,2013-07-02,81,30,1,8,0,0,3,1,1,0,3,7,0,0,0,0,0,0,0,42,5,1,1,45,523,0.2,0.6,0.0,0.2,8.4,0.7142857142857143,0.19047619047619047,0.07142857142857142,0,0,1,-2.0623233197361768,-0.9665758456262203,Occasional / Low-Engagement
4086,1959,Graduation,Married,18690.0,0,0,2013-07-02,77,6,1,7,23,4,19,1,1,1,2,8,0,0,0,0,0,0,0,60,5,0,0,55,523,0.2,0.4,0.2,0.2,12.0,0.1,0.11666666666666667,0.31666666666666665,0,0,1,-2.4882475459695717,-1.207398077415559,Occasional / Low-Engagement
2428,1970,Graduation,Married,28164.0,1,0,2013-04-05,23,3,18,26,11,8,12,3,2,0,4,7,0,0,0,0,0,0,0,78,9,1,1,44,611,0.2222222222222222,0.4444444444444444,0.0,0.3333333333333333,8.666666666666666,0.038461538461538464,0.3333333333333333,0.15384615384615385,0,0,1,-2.092056727276277,0.24826957779249775,Occasional / Low-Engagement
8254,1974,PhD,Married,34596.0,1,0,2013-07-02,48,14,0,2,0,0,7,1,1,0,2,8,0,0,0,0,0,0,0,23,4,1,1,40,523,0.25,0.5,0.0,0.25,5.75,0.6086956521739131,0.08695652173913043,0.30434782608695654,0,0,1,-2.725715824497006,-0.7823243976516358,Occasional / Low-Engagement
2836,1972,PhD,Married,43269.0,1,0,2013-07-02,61,10,1,7,0,0,1,1,1,0,2,8,0,0,0,0,0,0,0,19,4,1,1,42,523,0.25,0.5,0.0,0.25,4.75,0.5263157894736842,0.3684210526315789,0.05263157894736842,0,0,1,-2.5659030663001325,-0.823228409706498,Occasional / Low-Engagement
8418,1958,2n Cycle,Single,38741.0,1,1,2013-07-02,60,7,10,17,8,6,13,2,2,0,3,7,0,0,0,0,0,0,0,61,7,2,1,56,523,0.2857142857142857,0.42857142857142855,0.0,0.2857142857142857,8.714285714285714,0.11475409836065574,0.2786885245901639,0.21311475409836064,0,0,1,-2.4461475891501285,0.15287655370573647,Occasional / Low-Engagement
1362,1972,Graduation,Single,31907.0,0,0,2013-04-03,75,33,87,64,175,16,74,1,6,1,6,7,0,0,0,0,0,0,0,449,14,0,0,42,613,0.42857142857142855,0.42857142857142855,0.07142857142857142,0.07142857142857142,32.07142857142857,0.07349665924276169,0.14253897550111358,0.16481069042316257,0,0,1,-0.3908532024627854,-0.197834287616204,Occasional / Low-Engagement
7152,1983,Master,Married,27100.0,1,0,2013-05-04,64,12,0,13,2,0,10,1,1,0,3,7,0,0,0,0,0,0,0,37,5,1,1,31,582,0.2,0.6,0.0,0.2,7.4,0.32432432432432434,0.35135135135135137,0.2702702702702703,0,0,1,-2.557905374307078,-0.7664576379670299,Occasional / Low-Engagement
10033,1973,2n Cycle,Divorced,31163.0,1,0,2013-07-02,54,2,3,10,11,2,10,1,1,0,3,6,0,0,0,0,0,0,0,38,5,1,1,41,523,0.2,0.6,0.0,0.2,7.6,0.05263157894736842,0.2631578947368421,0.2631578947368421,0,0,1,-2.378163872490445,-1.0226545522886987,Occasional / Low-Engagement
9349,1985,Graduation,Married,92533.0,0,0,2013-07-02,84,693,21,118,110,147,42,1,6,5,11,2,0,0,1,1,0,0,0,1131,23,0,0,29,523,0.2608695652173913,0.4782608695652174,0.21739130434782608,0.043478260869565216,49.17391304347826,0.6127320954907162,0.10433244916003537,0.03713527851458886,2,1,3,3.3396846198550034,-0.9665039946548573,High-Value Elite
274,1973,Graduation,Single,34853.0,1,1,2013-07-02,75,9,3,15,2,3,2,2,2,0,3,6,0,0,0,0,0,0,0,34,7,2,1,41,523,0.2857142857142857,0.42857142857142855,0.0,0.2857142857142857,4.857142857142857,0.2647058823529412,0.4411764705882353,0.058823529411764705,0,0,1,-2.4174174309459224,0.004712005059757753,Occasional / Low-Engagement
3388,1967,Graduation,Divorced,70844.0,1,1,2013-07-02,16,129,26,67,3,67,2,5,6,1,5,7,0,0,0,0,0,0,0,294,17,2,1,47,523,0.35294117647058826,0.29411764705882354,0.058823529411764705,0.29411764705882354,17.294117647058822,0.4387755102040816,0.22789115646258504,0.006802721088435374,0,0,2,-0.40941397020465864,1.9535483209805078,Deal & Discount Hunters
922,1979,2n Cycle,Married,31086.0,1,1,2013-04-05,79,16,2,11,3,0,16,2,1,1,2,8,1,0,0,0,0,0,0,48,6,2,1,35,611,0.16666666666666666,0.3333333333333333,0.16666666666666666,0.3333333333333333,8.0,0.3333333333333333,0.22916666666666666,0.3333333333333333,1,1,1,-2.8337077548601743,0.24566924482890093,Occasional / Low-Engagement
8588,1961,Graduation,Married,60544.0,1,1,2013-07-02,92,201,2,43,3,5,35,4,5,1,5,6,0,0,0,0,0,0,0,289,15,2,1,53,523,0.3333333333333333,0.3333333333333333,0.06666666666666667,0.26666666666666666,19.266666666666666,0.6955017301038062,0.14878892733564014,0.12110726643598616,0,0,2,-0.676405691609288,1.2847352564183045,Deal & Discount Hunters
2518,1986,2n Cycle,Together,20491.0,0,0,2013-07-02,16,5,4,5,4,2,10,1,0,1,2,7,0,0,0,0,0,0,0,30,4,0,0,28,523,0.0,0.5,0.25,0.25,7.5,0.16666666666666666,0.16666666666666666,0.3333333333333333,0,0,1,-2.529718762013965,-1.5322675094324951,Occasional / Low-Engagement
574,1964,Graduation,Married,42523.0,0,0,2013-07-02,96,14,36,11,3,26,35,1,1,1,4,2,0,0,0,0,0,0,0,125,7,0,0,50,523,0.14285714285714285,0.5714285714285714,0.14285714285714285,0.14285714285714285,17.857142857142858,0.112,0.088,0.28,0,0,1,-0.969684322292636,-2.154399987468404,Occasional / Low-Engagement
3220,1983,Graduation,Married,39922.0,1,0,2013-07-02,30,29,12,59,19,1,36,2,3,0,4,8,0,0,0,0,0,0,0,156,9,1,1,31,523,0.3333333333333333,0.4444444444444444,0.0,0.2222222222222222,17.333333333333332,0.1858974358974359,0.3782051282051282,0.23076923076923078,0,0,1,-1.8419792329782,0.04108447451616608,Occasional / Low-Engagement
5967,1952,Graduation,Together,33402.0,1,1,2013-07-02,60,26,2,19,10,5,8,3,2,1,3,8,0,0,0,0,0,0,0,70,9,2,1,62,523,0.2222222222222222,0.3333333333333333,0.1111111111111111,0.3333333333333333,7.777777777777778,0.37142857142857144,0.2714285714285714,0.11428571428571428,0,0,1,-2.421277970287799,0.7324022756883074,Occasional / Low-Engagement
1183,1949,Master,Married,36408.0,1,1,2013-07-02,11,9,1,4,3,2,3,1,1,0,2,6,0,0,0,0,0,0,0,22,4,2,1,65,523,0.25,0.5,0.0,0.25,5.5,0.4090909090909091,0.18181818181818182,0.13636363636363635,0,0,1,-2.7835194614778285,-0.5962905782658475,Occasional / Low-Engagement
6856,1979,Graduation,Together,21645.0,1,0,2012-03-09,75,14,0,23,4,5,19,3,3,0,3,9,0,0,0,0,0,0,1,65,9,1,1,35,1003,0.3333333333333333,0.3333333333333333,0.0,0.3333333333333333,7.222222222222222,0.2153846153846154,0.35384615384615387,0.2923076923076923,0,0,1,-2.3881644291600264,1.1977700036469157,Occasional / Low-Engagement
4530,1948,Master,Widow,78427.0,0,0,2013-07-02,36,972,19,595,180,26,138,3,3,7,10,3,0,0,0,1,0,0,1,1930,23,0,0,66,523,0.13043478260869565,0.43478260869565216,0.30434782608695654,0.13043478260869565,83.91304347826087,0.5036269430051813,0.3082901554404145,0.07150259067357513,1,1,3,3.3359642090440906,-0.5664930214075881,High-Value Elite
1553,1946,Graduation,Together,82657.0,0,0,2013-07-02,71,966,168,672,246,105,126,1,7,5,10,4,0,1,0,1,0,0,0,2283,23,0,0,68,523,0.30434782608695654,0.43478260869565216,0.21739130434782608,0.043478260869565216,99.26086956521739,0.4231274638633377,0.2943495400788436,0.05519053876478318,2,1,3,3.7120476960355173,-0.56196573614236,High-Value Elite
4682,1958,Graduation,Married,51876.0,0,0,2013-07-02,88,99,27,102,28,48,6,1,2,2,8,1,0,0,0,0,0,0,0,310,13,0,0,56,523,0.15384615384615385,0.6153846153846154,0.15384615384615385,0.07692307692307693,23.846153846153847,0.3193548387096774,0.32903225806451614,0.01935483870967742,0,0,3,0.4554227271963382,-1.8782665547297777,High-Value Elite
8204,1971,2n Cycle,Married,78041.0,0,0,2013-07-02,93,482,35,553,72,160,17,1,4,4,9,2,0,0,0,0,0,0,0,1319,18,0,0,43,523,0.2222222222222222,0.5,0.2222222222222222,0.05555555555555555,73.27777777777777,0.36542835481425323,0.41925701288855194,0.01288855193328279,0,0,3,2.3723945732658445,-1.4246195428237949,High-Value Elite
5221,1957,Graduation,Married,52852.0,0,1,2012-01-12,93,714,8,99,11,0,47,4,10,7,5,8,1,0,0,0,0,0,0,879,26,1,1,57,1060,0.38461538461538464,0.19230769230769232,0.2692307692307692,0.15384615384615385,33.80769230769231,0.8122866894197952,0.11262798634812286,0.053469852104664393,1,1,0,1.6521557467327799,2.795399248103149,Digital Convenience Shoppers
1232,1982,PhD,Together,70038.0,0,0,2013-07-02,54,587,54,348,71,54,130,1,4,4,8,2,0,0,0,0,0,0,0,1244,17,0,0,32,523,0.23529411764705882,0.47058823529411764,0.23529411764705882,0.058823529411764705,73.17647058823529,0.47186495176848875,0.2797427652733119,0.1045016077170418,0,0,3,1.997388305935521,-1.4505908496067974,High-Value Elite
1927,1973,2n Cycle,Together,69401.0,0,1,2013-07-02,41,399,27,159,58,8,39,4,4,4,5,2,0,0,0,0,0,0,0,690,17,1,1,41,523,0.23529411764705882,0.29411764705882354,0.23529411764705882,0.23529411764705882,40.588235294117645,0.5782608695652174,0.23043478260869565,0.05652173913043478,0,0,0,0.9284603350741231,-0.022809550724977687,Digital Convenience Shoppers
5788,1972,Graduation,Together,46053.0,1,0,2013-07-02,46,56,10,92,19,7,25,3,3,2,4,5,0,0,0,0,0,0,0,209,12,1,1,42,523,0.25,0.3333333333333333,0.16666666666666666,0.25,17.416666666666668,0.2679425837320574,0.44019138755980863,0.11961722488038277,0,0,1,-0.923770780439177,-0.06423923255097358,Occasional / Low-Engagement
6652,1965,Graduation,Married,77343.0,0,0,2014-09-06,28,227,151,573,98,54,31,1,3,4,9,1,0,0,0,0,0,0,0,1134,17,0,0,49,92,0.17647058823529413,0.5294117647058824,0.23529411764705882,0.058823529411764705,66.70588235294117,0.2001763668430335,0.5052910052910053,0.027336860670194002,0,0,3,2.1057706567847334,-2.2894798611840996,High-Value Elite
6246,1953,Graduation,Single,73892.0,0,0,2013-07-02,40,703,102,601,0,58,43,1,3,11,8,1,0,0,0,0,0,0,1,1507,23,0,0,61,523,0.13043478260869565,0.34782608695652173,0.4782608695652174,0.043478260869565216,65.52173913043478,0.46648971466489714,0.3988055739880557,0.028533510285335104,0,0,3,3.496502761370695,-1.6276337510215275,High-Value Elite
5975,1967,PhD,Single,40304.0,1,0,2013-07-02,82,37,0,17,0,0,3,1,2,0,3,7,0,0,0,0,0,0,0,57,6,1,1,47,523,0.3333333333333333,0.5,0.0,0.16666666666666666,9.5,0.6491228070175439,0.2982456140350877,0.05263157894736842,0,0,1,-2.149628123248265,-0.7384606697135945,Occasional / Low-Engagement
6875,1965,PhD,Together,32727.0,0,0,2013-07-02,38,167,13,180,86,13,70,2,7,3,5,8,0,0,0,0,0,0,0,529,17,0,0,49,523,0.4117647058823529,0.29411764705882354,0.17647058823529413,0.11764705882352941,31.11764705882353,0.31568998109640833,0.34026465028355385,0.1323251417769376,0,0,0,-0.051873052003481954,0.3618380921891661,Digital Convenience Shoppers
4399,1969,Graduation,Together,68695.0,0,0,2013-07-02,3,458,81,356,106,50,40,1,4,4,7,2,0,0,0,0,0,0,0,1091,16,0,0,45,523,0.25,0.4375,0.25,0.0625,68.1875,0.41979835013748856,0.32630614115490375,0.03666361136571952,0,0,3,1.6884716276903526,-1.4991353667709482,High-Value Elite
4042,1971,Graduation,Divorced,43300.0,0,1,2013-07-02,87,91,3,52,2,1,31,3,4,0,4,8,0,0,0,0,0,0,1,180,11,1,1,43,523,0.36363636363636365,0.36363636363636365,0.0,0.2727272727272727,16.363636363636363,0.5055555555555555,0.28888888888888886,0.17222222222222222,0,0,1,-1.54535031554772,0.5472892889602843,Occasional / Low-Engagement
2157,1972,Graduation,Together,26290.0,1,1,2013-12-01,49,15,8,16,11,5,22,4,2,0,4,6,0,0,0,0,0,0,0,77,10,2,1,42,371,0.2,0.4,0.0,0.4,7.7,0.19480519480519481,0.2077922077922078,0.2857142857142857,0,0,1,-2.311060601028381,0.6552759998362833,Occasional / Low-Engagement
10133,1970,Graduation,Single,93790.0,0,0,2014-12-02,16,1302,68,731,89,114,45,0,6,7,12,2,0,1,1,1,0,0,1,2349,25,0,0,44,5,0.24,0.48,0.28,0.0,93.96,0.5542784163473818,0.3111962537249894,0.019157088122605363,3,1,3,4.595577680310694,-1.9384653262992138,High-Value Elite
2525,1974,PhD,Married,38410.0,0,0,2013-07-02,65,153,64,123,116,64,14,2,5,2,9,6,0,0,0,0,0,0,1,534,18,0,0,40,523,0.2777777777777778,0.5,0.1111111111111111,0.1111111111111111,29.666666666666668,0.28651685393258425,0.2303370786516854,0.026217228464419477,0,0,0,0.46482224561700947,-0.06345844007521076,Digital Convenience Shoppers
8233,1950,Master,Widow,64866.0,0,1,2013-07-02,9,508,5,21,7,5,10,4,7,3,7,5,0,1,0,0,0,0,0,556,21,1,1,64,523,0.3333333333333333,0.3333333333333333,0.14285714285714285,0.19047619047619047,26.476190476190474,0.9136690647482014,0.03776978417266187,0.017985611510791366,1,1,0,1.0183224727755655,1.1279368246616948,Digital Convenience Shoppers
9483,1959,Graduation,Together,57957.0,0,1,2013-07-02,24,290,59,177,77,5,29,7,4,6,8,3,0,0,0,0,0,1,0,637,25,1,1,55,523,0.16,0.32,0.24,0.28,25.48,0.4552590266875981,0.2778649921507064,0.04552590266875981,0,0,2,1.5776582619270367,1.571727954601822,Deal & Discount Hunters
2945,1955,PhD,Together,46015.0,1,1,2013-07-02,25,38,0,2,0,0,6,1,1,0,3,7,1,0,0,0,1,0,0,46,5,2,1,59,523,0.2,0.6,0.0,0.2,9.2,0.8260869565217391,0.043478260869565216,0.13043478260869565,2,1,1,-2.5355705890460265,-0.4056254967397796,Occasional / Low-Engagement
10403,1978,Graduation,Together,16531.0,1,0,2013-07-02,43,2,13,6,7,5,11,3,3,0,3,7,0,0,0,0,0,0,0,44,9,1,1,36,523,0.3333333333333333,0.3333333333333333,0.0,0.3333333333333333,4.888888888888889,0.045454545454545456,0.13636363636363635,0.25,0,0,1,-2.3505703980219885,0.27703842968656306,Occasional / Low-Engagement
5074,1986,Master,Married,28072.0,1,0,2013-08-07,10,30,0,10,2,0,5,1,1,0,3,7,0,0,0,0,0,0,0,47,5,1,1,28,487,0.2,0.6,0.0,0.2,9.4,0.6382978723404256,0.2127659574468085,0.10638297872340426,0,0,1,-2.5600338882556817,-0.8832396678043308,Occasional / Low-Engagement
10524,1963,Master,Divorced,49476.0,0,1,2013-07-02,29,386,23,95,54,41,196,4,2,11,5,2,0,0,0,0,0,0,0,795,22,1,1,51,523,0.09090909090909091,0.22727272727272727,0.5,0.18181818181818182,36.13636363636363,0.48553459119496856,0.11949685534591195,0.24654088050314465,0,0,3,1.607232338006711,-0.09091646328809991,High-Value Elite
4690,1953,Graduation,Married,50725.0,0,1,2013-07-02,45,443,10,75,0,10,48,4,8,1,8,8,0,0,0,0,0,0,0,586,21,1,1,61,523,0.38095238095238093,0.38095238095238093,0.047619047619047616,0.19047619047619047,27.904761904761905,0.7559726962457338,0.12798634812286688,0.08191126279863481,0,0,2,0.39398193040862,1.8614658896980933,Deal & Discount Hunters
7521,1952,Graduation,Together,83844.0,0,0,2013-12-05,57,901,31,345,75,31,191,1,4,4,11,1,0,0,1,0,0,0,0,1574,20,0,0,62,367,0.2,0.55,0.2,0.05,78.7,0.5724269377382465,0.21918678526048285,0.12134688691232529,1,1,3,3.0735247845128617,-1.6753424946770175,High-Value Elite
7196,1950,PhD,Married,41145.0,1,1,2014-08-02,20,9,0,3,0,0,1,1,0,0,3,3,0,0,0,0,0,0,0,13,4,2,1,64,127,0.0,0.75,0.0,0.25,3.25,0.6923076923076923,0.23076923076923078,0.07692307692307693,0,0,1,-2.4073455255968126,-1.7186122457918152,Occasional / Low-Engagement
4406,1970,Graduation,Together,67419.0,0,1,2013-07-02,29,846,84,352,91,56,42,4,9,4,8,5,0,0,0,0,0,0,0,1471,25,1,1,44,523,0.36,0.32,0.16,0.16,58.84,0.5751189666893269,0.23929299796057105,0.028552005438477225,0,0,0,2.3698016673997038,1.498124412961441,Digital Convenience Shoppers
9672,1970,2n Cycle,Married,23162.0,1,1,2013-07-02,82,8,3,9,19,4,22,3,1,1,3,6,0,0,0,0,0,0,0,65,8,2,1,44,523,0.125,0.375,0.125,0.375,8.125,0.12307692307692308,0.13846153846153847,0.3384615384615385,0,0,1,-2.5338458116775975,0.2779511577031224,Occasional / Low-Engagement
4864,1977,Graduation,Married,34380.0,1,0,2013-02-05,68,72,7,58,13,1,24,4,4,1,3,8,0,0,0,0,0,0,0,175,12,1,1,37,670,0.3333333333333333,0.25,0.08333333333333333,0.3333333333333333,14.583333333333334,0.4114285714285714,0.3314285714285714,0.13714285714285715,0,0,1,-1.6273724562395975,1.1011783593499578,Occasional / Low-Engagement
4706,1966,Graduation,Single,34704.0,0,1,2013-07-02,65,29,0,5,0,1,5,1,1,0,3,5,0,0,0,0,0,0,0,40,5,1,1,48,523,0.2,0.6,0.0,0.2,8.0,0.725,0.125,0.125,0,0,1,-2.1932382933280192,-1.2043903854728477,Occasional / Low-Engagement
4070,1969,PhD,Married,94871.0,0,2,2012-01-09,99,169,24,553,188,0,144,1,8,5,4,7,0,1,1,0,0,0,1,1078,18,2,1,45,1063,0.4444444444444444,0.2222222222222222,0.2777777777777778,0.05555555555555555,59.888888888888886,0.1567717996289425,0.512987012987013,0.13358070500927643,2,1,0,1.371949319963564,1.3888358333186137,Digital Convenience Shoppers
25,1958,Graduation,Married,65148.0,0,1,2013-07-02,9,460,35,422,33,12,153,2,6,6,7,4,0,0,0,0,0,0,0,1115,21,1,1,56,523,0.2857142857142857,0.3333333333333333,0.2857142857142857,0.09523809523809523,53.095238095238095,0.4125560538116592,0.37847533632286995,0.13721973094170403,0,0,0,1.8255545953837464,0.10947520908568503,Digital Convenience Shoppers
3697,1954,Graduation,Together,39898.0,0,1,2013-12-02,20,69,8,26,12,7,12,2,3,0,4,7,0,0,0,0,0,0,0,134,9,1,1,60,370,0.3333333333333333,0.4444444444444444,0.0,0.2222222222222222,14.88888888888889,0.5149253731343284,0.19402985074626866,0.08955223880597014,0,0,1,-1.7689404456093487,-0.318009097210217,Occasional / Low-Engagement
217,1956,Master,Single,64857.0,0,0,2013-07-02,78,556,14,717,210,0,43,1,7,5,10,4,0,0,0,0,0,0,0,1540,23,0,0,58,523,0.30434782608695654,0.43478260869565216,0.21739130434782608,0.043478260869565216,66.95652173913044,0.36103896103896105,0.4655844155844156,0.02792207792207792,0,0,3,2.8699205290267837,-0.4439479651176744,High-Value Elite
4220,1970,PhD,Married,59892.0,0,1,2013-02-11,26,73,0,13,0,1,0,1,2,1,3,3,0,0,0,0,0,0,0,87,7,1,1,44,664,0.2857142857142857,0.42857142857142855,0.14285714285714285,0.14285714285714285,12.428571428571429,0.8390804597701149,0.14942528735632185,0.0,0,0,1,-1.1084550191843072,-1.2596309600955364,Occasional / Low-Engagement
5286,1987,Master,Single,41020.0,0,0,2013-07-02,68,112,1,54,7,7,36,1,3,2,4,3,0,0,0,0,0,0,0,217,10,0,0,27,523,0.3,0.4,0.2,0.1,21.7,0.5161290322580645,0.2488479262672811,0.16589861751152074,0,0,1,-0.5573403196804577,-1.6209627663710924,Occasional / Low-Engagement
9559,1961,PhD,Married,57072.0,0,1,2013-07-02,79,944,0,60,0,0,30,2,7,5,13,5,1,0,0,0,0,0,0,1034,27,1,1,53,523,0.25925925925925924,0.48148148148148145,0.18518518518518517,0.07407407407407407,38.2962962962963,0.9129593810444874,0.058027079303675046,0.029013539651837523,1,1,0,2.495466184701954,0.8831156428367435,Digital Convenience Shoppers
2849,1979,Graduation,Single,60474.0,0,1,2013-01-04,25,265,199,303,234,9,170,7,10,2,12,7,0,0,0,0,0,0,0,1180,31,1,1,35,702,0.3225806451612903,0.3870967741935484,0.06451612903225806,0.22580645161290322,38.064516129032256,0.2245762711864407,0.25677966101694916,0.1440677966101695,0,0,0,2.440221560201225,3.6166799180289386,Digital Convenience Shoppers
7787,1960,Graduation,Together,62807.0,0,1,2013-07-02,83,526,28,135,10,21,99,3,5,3,12,5,0,0,0,0,0,0,0,819,23,1,1,54,523,0.21739130434782608,0.5217391304347826,0.13043478260869565,0.13043478260869565,35.608695652173914,0.6422466422466423,0.16483516483516483,0.12087912087912088,0,0,0,1.6520562990362322,0.7731587302508915,Digital Convenience Shoppers
3102,1981,2n Cycle,Together,19414.0,1,0,2013-07-02,32,2,3,12,3,5,7,1,1,0,3,8,0,0,0,0,0,0,0,32,5,1,1,33,523,0.2,0.6,0.0,0.2,6.4,0.0625,0.375,0.21875,0,0,1,-2.83541613087921,-0.638445219422939,Occasional / Low-Engagement
5868,1980,Graduation,Married,19107.0,1,0,2013-07-02,49,2,4,9,10,5,16,2,1,0,3,7,0,0,0,0,0,0,0,46,6,1,1,34,523,0.16666666666666666,0.5,0.0,0.3333333333333333,7.666666666666667,0.043478260869565216,0.1956521739130435,0.34782608695652173,0,0,1,-2.663056174030942,-0.438468667214705,Occasional / Low-Engagement
8370,1976,2n Cycle,Together,75484.0,0,1,2012-02-08,50,378,97,259,197,194,34,2,7,3,6,4,0,0,0,0,0,0,0,1159,18,1,1,38,1033,0.3888888888888889,0.3333333333333333,0.16666666666666666,0.1111111111111111,64.38888888888889,0.3261432269197584,0.22346850733390855,0.029335634167385678,0,0,0,1.5759295247783067,0.7314393286855378,Digital Convenience Shoppers
9988,1976,Master,Single,70379.0,0,1,2013-03-03,84,553,25,142,65,67,8,3,6,3,13,4,0,0,0,0,0,0,0,860,25,1,1,38,644,0.24,0.52,0.12,0.12,34.4,0.6430232558139535,0.16511627906976745,0.009302325581395349,0,0,0,2.280238468238823,0.9728137943032799,Digital Convenience Shoppers
2939,1970,Master,Together,79419.0,0,0,2013-07-02,96,751,127,687,20,15,31,1,4,6,4,2,0,0,0,0,0,0,0,1631,15,0,0,44,523,0.26666666666666666,0.26666666666666666,0.4,0.06666666666666667,108.73333333333333,0.46045370938074803,0.4212139791538933,0.01900674432863274,0,0,3,2.1471589680920755,-1.7653780164012534,High-Value Elite
5529,1946,PhD,Together,64014.0,2,1,2014-10-06,56,406,0,30,0,0,8,7,8,2,5,7,0,0,0,1,0,0,0,444,22,3,1,68,62,0.36363636363636365,0.22727272727272727,0.09090909090909091,0.3181818181818182,20.181818181818183,0.9144144144144144,0.06756756756756757,0.018018018018018018,1,1,2,-0.21740185224602068,2.976289145055718,Deal & Discount Hunters
9743,1955,Graduation,Married,76998.0,0,1,2013-11-01,85,1449,89,161,69,35,107,2,11,8,8,6,0,0,1,0,0,0,0,1910,29,1,1,59,401,0.3793103448275862,0.27586206896551724,0.27586206896551724,0.06896551724137931,65.86206896551724,0.7586387434554974,0.08429319371727749,0.05602094240837696,1,1,0,3.6800110216035353,1.132008927527729,Digital Convenience Shoppers
5763,1972,Master,Together,49854.0,1,0,2013-10-11,63,123,17,171,39,0,30,5,6,2,5,6,0,0,0,0,0,0,0,380,18,1,1,42,422,0.3333333333333333,0.2777777777777778,0.1111111111111111,0.2777777777777778,21.11111111111111,0.3236842105263158,0.45,0.07894736842105263,0,0,2,-0.12845831125398466,1.249447315091292,Deal & Discount Hunters
3478,1971,PhD,Married,60585.0,1,1,2013-07-02,17,267,42,309,55,42,21,10,7,4,9,5,0,0,0,0,0,0,1,736,30,2,1,43,523,0.23333333333333334,0.3,0.13333333333333333,0.3333333333333333,24.533333333333335,0.36277173913043476,0.41983695652173914,0.028532608695652172,0,0,2,1.5626601195455503,4.0222636549927735,Deal & Discount Hunters
7494,1950,PhD,Divorced,42873.0,1,1,2013-07-02,11,209,0,40,3,2,15,4,6,1,4,8,0,0,0,0,0,0,0,269,15,2,1,64,523,0.4,0.26666666666666666,0.06666666666666667,0.26666666666666666,17.933333333333334,0.7769516728624535,0.14869888475836432,0.055762081784386616,0,0,2,-1.275278476630645,1.8027502842055965,Deal & Discount Hunters
1763,1988,Graduation,Together,87679.0,0,0,2013-07-02,62,1259,172,815,97,148,33,1,7,11,10,4,1,0,1,1,0,0,1,2524,29,0,0,26,523,0.2413793103448276,0.3448275862068966,0.3793103448275862,0.034482758620689655,87.03448275862068,0.49881141045958793,0.32290015847860537,0.013074484944532488,3,1,3,5.075233595757697,-0.43854110352506526,High-Value Elite
7250,1978,Graduation,Together,57867.0,1,0,2013-01-10,48,344,35,178,15,23,17,7,7,2,9,6,0,0,0,0,0,0,0,612,25,1,1,36,696,0.28,0.36,0.08,0.28,24.48,0.5620915032679739,0.2908496732026144,0.027777777777777776,0,0,2,1.1453823250168866,2.7574572096818475,Deal & Discount Hunters
2005,1990,Graduation,Married,35765.0,1,0,2013-11-12,86,22,3,30,0,5,15,2,2,0,4,6,0,0,0,0,0,0,0,75,8,1,1,24,390,0.25,0.5,0.0,0.25,9.375,0.29333333333333333,0.4,0.2,0,0,1,-1.909812142173945,-0.6163076325251269,Occasional / Low-Engagement
10770,1959,Graduation,Married,65492.0,0,0,2013-07-02,73,247,161,295,210,85,47,2,4,7,13,2,0,0,0,0,0,0,0,1045,26,0,0,55,523,0.15384615384615385,0.5,0.2692307692307692,0.07692307692307693,40.19230769230769,0.23636363636363636,0.2822966507177033,0.044976076555023926,0,0,3,3.2171372553889093,-0.6093296247931741,High-Value Elite
6885,1977,Graduation,Divorced,32952.0,1,0,2013-01-12,36,38,0,12,3,1,1,1,2,0,3,7,0,0,0,0,0,0,0,55,6,1,1,37,694,0.3333333333333333,0.5,0.0,0.16666666666666666,9.166666666666666,0.6909090909090909,0.21818181818181817,0.01818181818181818,0,0,1,-2.2681723516045786,-0.4736372275227447,Occasional / Low-Engagement
2072,1969,PhD,Together,53374.0,0,1,2013-07-02,34,896,10,101,13,10,34,6,4,2,9,9,1,0,0,0,0,0,1,1064,21,1,1,45,523,0.19047619047619047,0.42857142857142855,0.09523809523809523,0.2857142857142857,50.666666666666664,0.8421052631578947,0.09492481203007519,0.03195488721804511,1,1,2,0.4774644457804234,2.1506087357268986,Deal & Discount Hunters
9463,1959,Graduation,Together,71706.0,0,1,2013-07-02,16,931,56,253,91,98,14,4,9,5,7,5,0,0,0,0,0,0,0,1443,25,1,1,55,523,0.36,0.28,0.2,0.16,57.72,0.6451836451836452,0.17532917532917533,0.009702009702009701,0,0,0,2.4436189596209945,1.435825007050423,Digital Convenience Shoppers
6318,1988,Graduation,Married,68487.0,0,0,2013-07-02,48,758,12,385,33,89,89,1,9,7,13,4,0,0,0,0,0,0,0,1366,30,0,0,26,523,0.3,0.43333333333333335,0.23333333333333334,0.03333333333333333,45.53333333333333,0.554904831625183,0.28184480234260617,0.06515373352855051,0,0,0,3.993760037896771,0.16590740369889564,Digital Convenience Shoppers
4093,1975,Master,Together,53253.0,1,1,2013-11-02,61,216,9,57,20,9,125,7,4,3,5,5,0,0,0,0,0,0,0,436,19,2,1,39,400,0.21052631578947367,0.2631578947368421,0.15789473684210525,0.3684210526315789,22.94736842105263,0.4954128440366973,0.13073394495412843,0.286697247706422,0,0,2,-0.2617556870456831,1.9762184618482554,Deal & Discount Hunters
5751,1973,2n Cycle,Divorced,31163.0,1,0,2013-07-02,54,2,3,10,11,2,10,1,1,0,3,6,0,0,0,0,0,0,0,38,5,1,1,41,523,0.2,0.6,0.0,0.2,7.6,0.05263157894736842,0.2631578947368421,0.2631578947368421,0,0,1,-2.378163872490445,-1.0226545522886987,Occasional / Low-Engagement
3340,1977,Graduation,Married,42014.0,1,0,2013-07-02,56,244,15,108,4,15,50,6,7,1,6,8,0,0,0,0,0,0,1,436,20,1,1,37,523,0.35,0.3,0.05,0.3,21.8,0.5596330275229358,0.24770642201834864,0.11467889908256881,0,0,2,-0.2622045362232144,2.3234470928048987,Deal & Discount Hunters
3594,1973,Master,Married,54108.0,1,1,2012-05-11,74,539,6,91,8,6,97,13,8,2,9,8,0,0,0,0,0,0,0,747,32,2,1,41,940,0.25,0.28125,0.0625,0.40625,23.34375,0.7215528781793842,0.12182061579651941,0.12985274431057564,0,0,2,1.1182651036847298,6.2867869071333295,Deal & Discount Hunters
3584,1955,PhD,Single,49667.0,0,0,2013-07-02,35,1181,26,120,17,13,39,2,5,10,5,8,1,0,0,0,0,0,1,1396,22,0,0,59,523,0.22727272727272727,0.22727272727272727,0.45454545454545453,0.09090909090909091,63.45454545454545,0.8459885386819485,0.08595988538681948,0.027936962750716332,1,1,0,1.8369569478550207,0.08696943912439845,Digital Convenience Shoppers
3643,1974,Master,Married,63206.0,0,0,2013-07-02,65,750,8,125,11,8,26,1,4,3,6,2,0,0,1,0,0,0,0,928,14,0,0,40,523,0.2857142857142857,0.42857142857142855,0.21428571428571427,0.07142857142857142,66.28571428571429,0.8081896551724138,0.13469827586206898,0.028017241379310345,1,1,3,1.1358377838273024,-1.5792134444314598,High-Value Elite
851,1972,Master,Married,57136.0,1,1,2013-09-07,48,306,5,109,21,109,92,9,5,2,10,6,0,0,0,0,0,0,0,642,26,2,1,42,456,0.19230769230769232,0.38461538461538464,0.07692307692307693,0.34615384615384615,24.692307692307693,0.4766355140186916,0.16978193146417445,0.14330218068535824,0,0,2,0.7496545530967824,3.4313189048567123,Deal & Discount Hunters
7706,1975,2n Cycle,Together,46772.0,0,1,2012-07-11,88,350,104,189,197,151,57,6,11,8,5,8,1,0,0,0,0,0,0,1048,30,1,1,39,879,0.36666666666666664,0.16666666666666666,0.26666666666666666,0.2,34.93333333333333,0.33396946564885494,0.1803435114503817,0.05438931297709924,1,1,2,2.065285332092592,3.5062024570787615,Deal & Discount Hunters
3967,1971,PhD,Married,78931.0,0,0,2013-07-02,19,331,197,170,58,152,35,1,2,8,13,1,0,0,0,0,0,0,0,943,24,0,0,43,523,0.08333333333333333,0.5416666666666666,0.3333333333333333,0.041666666666666664,39.291666666666664,0.35100742311770944,0.18027571580063625,0.03711558854718982,0,0,3,3.3202036346893498,-1.491713588333006,High-Value Elite
10128,1958,Graduation,Together,53977.0,0,1,2013-08-06,21,620,16,165,0,24,82,5,5,5,12,5,0,0,0,0,0,0,0,907,27,1,1,56,488,0.18518518518518517,0.4444444444444444,0.18518518518518517,0.18518518518518517,33.592592592592595,0.6835722160970231,0.1819184123484013,0.09040793825799338,0,0,0,1.9975082330839973,1.560762531068602,Digital Convenience Shoppers
486,1988,Graduation,Married,84219.0,0,0,2014-02-02,27,434,137,400,45,137,45,1,3,4,10,1,0,0,0,0,0,0,0,1198,18,0,0,26,308,0.16666666666666666,0.5555555555555556,0.2222222222222222,0.05555555555555555,66.55555555555556,0.3622704507512521,0.333889816360601,0.037562604340567615,0,0,3,2.4793634783356158,-1.9684799119198486,High-Value Elite
9,1975,Master,Single,46098.0,1,1,2013-07-02,86,57,0,27,0,0,36,4,3,2,2,8,0,0,0,0,0,0,0,120,11,2,1,39,523,0.2727272727272727,0.18181818181818182,0.18181818181818182,0.36363636363636365,10.909090909090908,0.475,0.225,0.3,0,0,1,-1.9244398266195113,1.1549656417508625,Occasional / Low-Engagement
9451,1965,Graduation,Married,73538.0,0,1,2013-07-02,92,811,76,428,99,137,107,3,10,4,9,7,0,0,0,0,0,0,0,1658,26,1,1,49,523,0.38461538461538464,0.34615384615384615,0.15384615384615385,0.11538461538461539,63.76923076923077,0.48914354644149577,0.25814234016887816,0.06453558504221954,0,0,0,2.669122055037388,1.649727213824398,Digital Convenience Shoppers
9264,1986,Graduation,Married,79529.0,0,0,2013-07-02,1,423,42,706,73,197,197,1,4,8,9,2,0,0,0,0,0,0,0,1638,22,0,0,28,523,0.18181818181818182,0.4090909090909091,0.36363636363636365,0.045454545454545456,74.45454545454545,0.25824175824175827,0.43101343101343104,0.12026862026862027,0,0,3,3.338616898482073,-1.3243625116578512,High-Value Elite
3865,1977,2n Cycle,Together,20981.0,0,0,2013-07-02,14,2,12,10,6,13,30,1,3,1,2,8,0,0,0,0,0,0,1,73,7,0,0,37,523,0.42857142857142855,0.2857142857142857,0.14285714285714285,0.14285714285714285,10.428571428571429,0.0273972602739726,0.136986301369863,0.410958904109589,0,0,1,-2.136445623660489,-0.8686460441190051,Occasional / Low-Engagement
2853,1980,Graduation,Single,51766.0,1,0,2014-11-03,74,60,51,87,6,20,51,2,4,2,4,5,0,0,0,0,0,0,0,275,12,1,1,34,34,0.3333333333333333,0.3333333333333333,0.16666666666666666,0.16666666666666666,22.916666666666668,0.21818181818181817,0.31636363636363635,0.18545454545454546,0,0,1,-0.738822258473064,-0.9335750905850314,Occasional / Low-Engagement
1490,1962,Graduation,Married,55759.0,0,1,2013-07-02,84,675,0,85,10,7,77,5,10,3,8,8,0,0,0,0,0,0,0,854,26,1,1,52,523,0.38461538461538464,0.3076923076923077,0.11538461538461539,0.19230769230769232,32.84615384615385,0.7903981264637002,0.09953161592505855,0.09016393442622951,0,0,2,1.4120001609422508,2.5711495510700932,Deal & Discount Hunters
6310,1978,Graduation,Married,33039.0,1,0,2013-09-09,4,30,8,12,8,8,12,1,2,0,4,5,0,0,0,0,0,0,0,78,7,1,1,36,454,0.2857142857142857,0.5714285714285714,0.0,0.14285714285714285,11.142857142857142,0.38461538461538464,0.15384615384615385,0.15384615384615385,0,0,1,-1.897585411688296,-1.0338741988196445,Occasional / Low-Engagement
10380,1972,Master,Married,37787.0,1,0,2013-07-02,50,40,1,40,4,3,18,1,3,0,3,8,0,0,0,0,0,0,0,106,7,1,1,42,523,0.42857142857142855,0.42857142857142855,0.0,0.14285714285714285,15.142857142857142,0.37735849056603776,0.37735849056603776,0.16981132075471697,0,0,1,-2.127798402874331,-0.3915116321971038,Occasional / Low-Engagement
3887,1970,Graduation,Single,27242.0,1,0,2012-11-11,2,3,17,26,20,1,39,2,2,0,3,9,0,0,0,0,0,0,1,106,7,1,1,44,756,0.2857142857142857,0.42857142857142855,0.0,0.2857142857142857,15.142857142857142,0.02830188679245283,0.24528301886792453,0.36792452830188677,0,0,1,-2.5181760676880307,0.3305907748172456,Occasional / Low-Engagement
4278,1983,PhD,Single,87188.0,0,0,2013-03-06,73,910,111,724,49,74,55,1,10,2,6,3,0,0,0,0,0,0,1,1923,19,0,0,31,641,0.5263157894736842,0.3157894736842105,0.10526315789473684,0.05263157894736842,101.21052631578948,0.47321892875715027,0.3764950598023921,0.02860114404576183,0,0,3,2.9306721806131906,-0.44252303169374224,High-Value Elite
8643,1971,Graduation,Together,69930.0,0,0,2013-07-02,21,252,98,827,219,70,196,1,4,5,12,3,0,0,0,0,0,0,0,1662,22,0,0,43,523,0.18181818181818182,0.5454545454545454,0.22727272727272727,0.045454545454545456,75.54545454545455,0.15162454873646208,0.49759326113116725,0.11793020457280386,0,0,3,3.01568628745471,-0.9808916700423274,High-Value Elite
1998,1976,Graduation,Single,37697.0,1,0,2014-07-02,82,34,6,21,11,4,8,1,2,1,3,6,0,0,0,0,0,0,0,84,7,1,1,38,158,0.2857142857142857,0.42857142857142855,0.14285714285714285,0.14285714285714285,12.0,0.40476190476190477,0.25,0.09523809523809523,0,0,1,-1.9386425961897762,-1.340477990781679,Occasional / Low-Engagement
10795,1973,PhD,Married,37401.0,1,0,2014-06-05,14,19,3,19,3,1,3,2,2,0,3,7,0,0,0,0,0,0,0,48,7,1,1,41,185,0.2857142857142857,0.42857142857142855,0.0,0.2857142857142857,6.857142857142857,0.3958333333333333,0.3958333333333333,0.0625,0,0,1,-2.2304129185433523,-0.7833796499779677,Occasional / Low-Engagement
11110,1973,Graduation,Single,3502.0,1,0,2013-07-02,56,2,1,1,0,0,1,0,0,0,0,14,0,0,0,0,0,0,0,5,0,1,1,41,523,0.0,0.0,0.0,0.0,0.0,0.4,0.2,0.2,0,0,1,-4.545477486098694,-0.34629584524427387,Occasional / Low-Engagement
2408,1976,Graduation,Married,58597.0,1,1,2013-07-02,20,490,0,184,10,28,21,12,7,4,9,7,0,0,0,0,0,0,0,733,32,2,1,38,523,0.21875,0.28125,0.125,0.375,22.90625,0.6684856753069577,0.25102319236016374,0.0286493860845839,0,0,2,1.3901836518900932,5.091103818522563,Deal & Discount Hunters
202,1948,PhD,Widow,82032.0,0,0,2014-05-04,54,332,194,377,149,125,57,0,4,6,7,1,0,0,0,0,0,0,0,1234,17,0,0,66,217,0.23529411764705882,0.4117647058823529,0.35294117647058826,0.0,72.58823529411765,0.26904376012965964,0.3055105348460292,0.046191247974068074,0,0,3,2.4296960921633133,-2.452725922058524,High-Value Elite
7998,1958,Graduation,Together,28087.0,1,1,2012-11-12,77,53,8,17,13,0,21,3,2,2,2,7,0,0,0,0,0,0,0,112,9,2,1,56,755,0.2222222222222222,0.2222222222222222,0.2222222222222222,0.3333333333333333,12.444444444444445,0.4732142857142857,0.15178571428571427,0.1875,0,0,1,-2.3155112227820895,0.8403042089815539,Occasional / Low-Engagement
830,1987,PhD,Single,74004.0,0,0,2013-07-02,5,784,48,560,42,176,48,1,4,6,4,3,0,0,1,1,0,0,1,1658,15,0,0,27,523,0.26666666666666666,0.26666666666666666,0.4,0.06666666666666667,110.53333333333333,0.47285886610373945,0.33775633293124246,0.028950542822677925,2,1,3,1.9309324200597182,-1.5597840941928494,High-Value Elite
3536,1960,Graduation,Together,19740.0,0,1,2013-07-02,65,7,11,3,10,4,20,2,1,1,3,5,0,0,0,0,0,0,0,55,7,1,1,54,523,0.14285714285714285,0.42857142857142855,0.14285714285714285,0.2857142857142857,7.857142857142857,0.12727272727272726,0.05454545454545454,0.36363636363636365,0,0,1,-2.2256402327705116,-0.7462670660915885,Occasional / Low-Engagement
6050,1975,2n Cycle,Married,57036.0,0,1,2012-11-12,33,1171,43,219,19,14,47,4,6,3,13,9,1,0,0,0,0,0,0,1513,26,1,1,39,755,0.23076923076923078,0.5,0.11538461538461539,0.15384615384615385,58.19230769230769,0.7739590218109715,0.14474553866490417,0.031064111037673495,1,1,0,1.963854599808824,2.3358888238824567,Digital Convenience Shoppers
125,1958,2n Cycle,Together,53083.0,1,1,2013-07-02,65,215,7,33,3,0,13,6,5,1,5,7,0,1,0,0,0,0,0,271,17,2,1,56,523,0.29411764705882354,0.29411764705882354,0.058823529411764705,0.35294117647058826,15.941176470588236,0.7933579335793358,0.12177121771217712,0.04797047970479705,1,1,2,-0.850535216584781,2.2214145414255553,Deal & Discount Hunters
3463,1975,PhD,Married,69283.0,0,1,2013-07-02,41,674,62,134,0,26,8,4,7,3,13,5,0,0,0,0,0,0,0,904,27,1,1,39,523,0.25925925925925924,0.48148148148148145,0.1111111111111111,0.14814814814814814,33.48148148148148,0.745575221238938,0.14823008849557523,0.008849557522123894,0,0,0,2.351378070821418,1.5254372964101064,Digital Convenience Shoppers
2804,1975,Master,Single,46098.0,1,1,2013-07-02,86,57,0,27,0,0,36,4,3,2,2,8,0,0,0,0,0,0,1,120,11,2,1,39,523,0.2727272727272727,0.18181818181818182,0.18181818181818182,0.36363636363636365,10.909090909090908,0.475,0.225,0.3,0,0,1,-1.9244398266195113,1.1549656417508625,Occasional / Low-Engagement
3745,1988,2n Cycle,Married,23331.0,1,0,2012-04-09,92,5,36,7,0,10,45,2,3,0,3,8,0,0,0,0,0,0,0,103,8,1,1,26,972,0.375,0.375,0.0,0.25,12.875,0.04854368932038835,0.06796116504854369,0.4368932038834951,0,0,1,-2.265026650706227,0.6140060419366746,Occasional / Low-Engagement
9771,1988,2n Cycle,Single,23331.0,1,0,2012-05-10,97,104,20,101,24,15,5,6,5,1,5,9,0,0,0,0,0,0,0,269,17,1,1,26,941,0.29411764705882354,0.29411764705882354,0.058823529411764705,0.35294117647058826,15.823529411764707,0.38661710037174724,0.3754646840148699,0.01858736059479554,0,0,2,-1.2422374214054024,2.703623206423906,Deal & Discount Hunters
451,1989,Graduation,Single,9255.0,1,0,2013-07-02,91,9,0,7,2,0,4,1,1,1,2,8,0,0,0,0,0,0,0,22,5,1,1,25,523,0.2,0.4,0.2,0.2,4.4,0.4090909090909091,0.3181818181818182,0.18181818181818182,0,0,1,-3.000153802564092,-0.6533366253603953,Occasional / Low-Engagement
10530,1959,PhD,Widow,67786.0,0,0,2013-07-12,0,431,82,441,80,20,102,1,3,6,6,1,0,0,0,0,0,0,1,1156,16,0,0,55,513,0.1875,0.375,0.375,0.0625,72.25,0.3728373702422145,0.3814878892733564,0.08823529411764706,0,0,3,1.8747716344054655,-1.8642240179677734,High-Value Elite
1079,1971,PhD,Married,71969.0,0,1,2013-07-02,59,1000,0,76,0,0,10,3,3,4,9,8,0,1,0,0,0,0,0,1086,19,1,1,43,523,0.15789473684210525,0.47368421052631576,0.21052631578947367,0.15789473684210525,57.1578947368421,0.9208103130755064,0.06998158379373849,0.009208103130755065,1,1,0,1.0218952621208754,0.6825525210701975,Digital Convenience Shoppers
8920,1967,Master,Single,59235.0,1,0,2013-12-01,4,448,40,469,80,0,91,3,11,2,12,7,0,0,0,0,0,0,0,1128,28,1,1,47,371,0.39285714285714285,0.42857142857142855,0.07142857142857142,0.10714285714285714,40.285714285714285,0.3971631205673759,0.4157801418439716,0.08067375886524823,0,0,0,2.2844610440114126,1.9005609851215783,Digital Convenience Shoppers
6678,1989,Graduation,Together,31928.0,1,0,2013-07-02,5,33,4,24,4,2,5,2,3,0,4,7,0,0,0,0,0,0,0,72,9,1,1,25,523,0.3333333333333333,0.4444444444444444,0.0,0.2222222222222222,8.0,0.4583333333333333,0.3333333333333333,0.06944444444444445,0,0,1,-1.9369166054482514,-0.07721369279202801,Occasional / Low-Engagement
3852,1961,Master,Together,74881.0,1,1,2013-08-03,48,505,72,270,36,27,54,4,9,2,12,5,0,0,0,0,0,0,0,964,27,2,1,53,491,0.3333333333333333,0.4444444444444444,0.07407407407407407,0.14814814814814814,35.7037037037037,0.5238589211618258,0.2800829875518672,0.056016597510373446,0,0,0,2.140204487362924,2.203638889315623,Digital Convenience Shoppers
528,1978,Graduation,Married,65819.0,0,0,2013-07-02,99,267,38,701,149,165,63,1,5,4,10,3,0,0,0,0,0,0,0,1383,20,0,0,36,523,0.25,0.5,0.2,0.05,69.15,0.19305856832971802,0.5068691250903832,0.0455531453362256,0,0,3,2.401026545334138,-0.9699183784963006,High-Value Elite
73,1953,PhD,Single,51411.0,1,2,2013-07-02,81,14,0,3,0,0,1,1,0,0,3,5,0,0,0,0,0,0,0,18,4,3,1,61,523,0.0,0.75,0.0,0.25,4.5,0.7777777777777778,0.16666666666666666,0.05555555555555555,0,0,1,-2.6833538129104264,-0.42194368477798705,Occasional / Low-Engagement
5589,1964,Graduation,Divorced,51983.0,0,1,2013-07-02,95,631,0,115,10,7,30,3,9,2,10,7,0,0,0,0,0,0,0,793,24,1,1,50,523,0.375,0.4166666666666667,0.08333333333333333,0.125,33.041666666666664,0.7957124842370744,0.1450189155107188,0.03783102143757881,0,0,0,1.3141678700551311,1.6453952795168019,Digital Convenience Shoppers
10212,1986,Master,Together,42386.0,1,0,2013-07-02,43,65,4,16,0,4,11,1,3,0,3,8,0,0,0,0,0,0,0,100,7,1,1,28,523,0.42857142857142855,0.42857142857142855,0.0,0.14285714285714285,14.285714285714286,0.65,0.16,0.11,0,0,1,-2.048679007053059,-0.41000662790491565,Occasional / Low-Engagement
6365,1987,2n Cycle,Married,30390.0,0,0,2013-02-09,5,10,12,12,25,1,20,1,2,0,3,6,0,0,0,0,0,0,0,80,6,0,0,27,666,0.3333333333333333,0.5,0.0,0.16666666666666666,13.333333333333334,0.125,0.15,0.25,0,0,1,-1.8786187310207783,-1.1703315626311823,Occasional / Low-Engagement
5636,1963,Graduation,Single,30983.0,0,0,2012-09-11,50,51,4,50,12,1,49,1,4,0,3,8,0,0,0,0,0,0,1,167,8,0,0,51,817,0.5,0.375,0.0,0.125,20.875,0.30538922155688625,0.2994011976047904,0.2934131736526946,0,0,1,-1.6911094640146198,-0.3277524162661854,Occasional / Low-Engagement
591,1957,Graduation,Widow,66033.0,0,1,2013-07-02,76,293,35,179,46,59,65,2,8,3,7,7,0,0,0,0,0,0,0,677,20,1,1,57,523,0.4,0.35,0.15,0.1,33.85,0.4327917282127031,0.26440177252584934,0.09601181683899557,0,0,0,0.9654270088069868,0.8637078738499382,Digital Convenience Shoppers
2217,1975,2n Cycle,Married,37284.0,1,1,2013-07-02,46,11,1,2,2,1,6,1,0,0,3,6,0,0,0,0,0,0,0,23,4,2,1,39,523,0.0,0.75,0.0,0.25,5.75,0.4782608695652174,0.08695652173913043,0.2608695652173913,0,0,1,-2.7489832509320586,-0.7019279190628581,Occasional / Low-Engagement
2544,1951,Master,Divorced,57530.0,0,1,2013-12-10,68,50,1,27,6,7,1,1,1,1,4,1,0,0,0,0,0,0,0,92,7,1,1,63,362,0.14285714285714285,0.5714285714285714,0.14285714285714285,0.14285714285714285,13.142857142857142,0.5434782608695652,0.29347826086956524,0.010869565217391304,0,0,1,-0.9469723984067583,-2.0725882932139763,Occasional / Low-Engagement
7725,1965,2n Cycle,Married,76800.0,0,0,2014-08-03,33,173,26,255,35,71,81,1,4,4,7,1,0,0,0,0,0,0,0,641,16,0,0,49,126,0.25,0.4375,0.25,0.0625,40.0625,0.2698907956318253,0.39781591263650545,0.12636505460218408,0,0,3,1.5827676310956549,-2.196479705350061,High-Value Elite
8091,1956,Graduation,Married,63943.0,0,1,2012-02-09,50,423,184,368,13,97,21,1,6,4,6,5,0,0,0,0,0,0,0,1106,17,1,1,58,1032,0.35294117647058826,0.35294117647058826,0.23529411764705882,0.058823529411764705,65.05882352941177,0.38245931283905965,0.33273056057866185,0.0189873417721519,0,0,0,1.1888625058634814,0.43914562220605874,Digital Convenience Shoppers
7321,1962,Graduation,Together,76081.0,0,0,2013-07-02,85,292,30,415,63,33,200,1,4,5,4,2,0,0,0,1,0,0,0,1033,14,0,0,52,523,0.2857142857142857,0.2857142857142857,0.35714285714285715,0.07142857142857142,73.78571428571429,0.28267182962245885,0.40174249757986447,0.1936108422071636,1,1,3,1.4841630893615894,-1.7415455258809784,High-Value Elite
5462,1974,Graduation,Married,67445.0,0,1,2012-12-08,63,757,80,217,29,80,11,5,9,6,12,6,0,0,0,0,0,0,0,1174,32,1,1,40,729,0.28125,0.375,0.1875,0.15625,36.6875,0.6448040885860307,0.1848381601362862,0.009369676320272573,0,0,0,3.175360986548821,2.6528220565613387,Digital Convenience Shoppers
7791,1967,Master,Married,37054.0,1,1,2013-07-02,89,12,1,6,0,1,5,2,1,0,3,7,0,0,0,0,0,0,0,25,6,2,1,47,523,0.16666666666666666,0.5,0.0,0.3333333333333333,4.166666666666667,0.48,0.24,0.2,0,0,1,-2.6530254135022155,-0.011947803463390548,Occasional / Low-Engagement
955,1962,Master,Together,47175.0,1,1,2013-07-02,81,167,2,44,6,2,19,7,4,2,4,8,1,0,0,0,0,0,1,240,17,2,1,52,523,0.23529411764705882,0.23529411764705882,0.11764705882352941,0.4117647058823529,14.117647058823529,0.6958333333333333,0.18333333333333332,0.07916666666666666,1,1,2,-1.184695812134685,2.560347384106212,Deal & Discount Hunters
4037,1976,Graduation,Divorced,31859.0,1,0,2013-07-02,77,3,1,3,8,0,5,1,1,0,2,7,0,0,0,0,0,0,0,20,4,1,1,38,523,0.25,0.5,0.0,0.25,5.0,0.15,0.15,0.25,0,0,1,-2.656164696065686,-0.9399002884262002,Occasional / Low-Engagement
6642,1961,Graduation,Divorced,27215.0,2,1,2013-07-02,50,30,5,22,8,9,28,4,2,1,4,6,0,0,0,0,0,0,0,102,11,3,1,53,523,0.18181818181818182,0.36363636363636365,0.09090909090909091,0.36363636363636365,9.272727272727273,0.29411764705882354,0.21568627450980393,0.27450980392156865,0,0,1,-2.381908990871726,1.3866710876271802,Occasional / Low-Engagement
2793,1976,PhD,Divorced,70179.0,0,1,2013-07-02,10,532,88,168,69,44,133,3,7,3,13,5,0,0,0,0,0,0,0,1034,26,1,1,38,523,0.2692307692307692,0.5,0.11538461538461539,0.11538461538461539,39.76923076923077,0.5145067698259188,0.16247582205029013,0.1286266924564797,0,0,0,2.402791481919648,1.1543316176050893,Digital Convenience Shoppers
5424,1983,Graduation,Married,39922.0,1,0,2013-07-02,30,29,12,59,19,1,36,2,3,0,4,8,0,0,0,0,0,0,0,156,9,1,1,31,523,0.3333333333333333,0.4444444444444444,0.0,0.2222222222222222,17.333333333333332,0.1858974358974359,0.3782051282051282,0.23076923076923078,0,0,1,-1.8419792329782,0.04108447451616608,Occasional / Low-Engagement
879,1976,Master,Married,49681.0,0,2,2013-04-11,66,411,0,26,0,0,21,6,7,1,7,7,0,0,0,0,0,0,0,458,21,2,1,38,605,0.3333333333333333,0.3333333333333333,0.047619047619047616,0.2857142857142857,21.80952380952381,0.8973799126637555,0.056768558951965066,0.04585152838427948,0,0,2,-0.12148654322411315,2.8163240909004768,Deal & Discount Hunters
9530,1988,Graduation,Married,24645.0,1,0,2012-01-11,16,5,3,4,4,1,0,1,1,0,2,8,0,0,0,0,0,0,0,17,4,1,1,26,1061,0.25,0.5,0.0,0.25,4.25,0.29411764705882354,0.23529411764705882,0.0,0,0,1,-2.831777962856279,-0.03159985562400939,Occasional / Low-Engagement
4828,1954,Graduation,Divorced,79865.0,0,1,2013-07-02,12,71,99,278,185,121,38,1,5,10,5,1,0,0,0,0,0,0,0,792,21,1,1,60,523,0.23809523809523808,0.23809523809523808,0.47619047619047616,0.047619047619047616,37.714285714285715,0.08964646464646464,0.351010101010101,0.047979797979797977,0,0,3,2.417874078875921,-1.0070385206518329,High-Value Elite
10699,1985,Graduation,Married,44322.0,1,0,2013-07-02,30,46,0,40,3,0,3,2,3,0,3,8,0,0,0,0,0,0,0,92,8,1,1,29,523,0.375,0.375,0.0,0.25,11.5,0.5,0.43478260869565216,0.03260869565217391,0,0,1,-1.9725325781359284,-0.04868178100436405,Occasional / Low-Engagement
1497,1952,Graduation,Single,47958.0,0,1,2013-07-02,8,268,11,88,15,3,22,2,6,3,5,5,0,0,0,0,0,0,0,407,16,1,1,62,523,0.375,0.3125,0.1875,0.125,25.4375,0.6584766584766585,0.21621621621621623,0.05405405405405406,0,0,0,0.01418311871977406,0.1620605942597109,Digital Convenience Shoppers
7476,1964,Master,Single,63972.0,0,1,2012-02-12,93,928,63,254,0,12,12,4,5,4,10,4,0,1,0,0,0,0,0,1269,23,1,1,50,1029,0.21739130434782608,0.43478260869565216,0.17391304347826086,0.17391304347826086,55.17391304347826,0.731284475965327,0.20015760441292357,0.009456264775413711,1,1,0,2.085342951653737,1.4805810925107477,Digital Convenience Shoppers
4390,1954,Graduation,Together,75315.0,0,1,2013-07-02,14,459,15,171,142,23,31,2,5,4,12,2,0,0,0,0,0,0,0,841,23,1,1,60,523,0.21739130434782608,0.5217391304347826,0.17391304347826086,0.08695652173913043,36.56521739130435,0.5457788347205708,0.20332936979785968,0.036860879904875146,0,0,0,2.366604104908171,-0.09986440137578065,Digital Convenience Shoppers
10478,1950,PhD,Married,55517.0,1,1,2013-07-02,53,483,0,108,0,6,36,5,11,1,6,9,0,0,0,0,0,0,1,633,23,2,1,64,523,0.4782608695652174,0.2608695652173913,0.043478260869565216,0.21739130434782608,27.52173913043478,0.7630331753554502,0.17061611374407584,0.05687203791469194,0,0,2,0.27110653908286453,3.2359600565065176,Deal & Discount Hunters
1081,1957,PhD,Married,75283.0,1,2,2013-07-02,26,733,9,180,12,19,66,11,6,3,5,4,0,0,0,0,0,0,0,1019,25,3,1,57,523,0.24,0.2,0.12,0.44,40.76,0.719332679097154,0.17664376840039253,0.0647693817468106,0,0,2,0.8718248916251391,4.166583342099275,Deal & Discount Hunters
4261,1946,PhD,Single,82800.0,0,0,2013-07-02,23,1006,22,115,59,68,45,1,7,6,12,3,0,0,1,1,0,0,1,1315,26,0,0,68,523,0.2692307692307692,0.46153846153846156,0.23076923076923078,0.038461538461538464,50.57692307692308,0.7650190114068441,0.08745247148288973,0.034220532319391636,2,1,3,3.6675302607654556,-0.4888650421524189,High-Value Elite
9916,1954,Graduation,Married,38998.0,1,1,2012-03-11,92,34,1,14,0,0,5,3,2,0,3,8,0,0,0,0,0,1,0,54,8,2,1,60,1001,0.25,0.375,0.0,0.375,6.75,0.6296296296296297,0.25925925925925924,0.09259259259259259,0,0,1,-2.4282976118755117,1.2970521441156146,Occasional / Low-Engagement
5350,1991,Master,Single,90638.0,0,0,2013-07-02,29,1156,120,915,94,144,96,1,3,4,10,1,0,0,1,0,0,0,1,2525,18,0,0,23,523,0.16666666666666666,0.5555555555555556,0.2222222222222222,0.05555555555555555,140.27777777777777,0.45782178217821784,0.36237623762376237,0.03801980198019802,1,1,3,3.554128162422909,-1.7906733752656412,High-Value Elite
8135,1986,Master,Married,27161.0,1,0,2013-07-02,41,7,4,23,7,0,11,1,1,0,3,7,0,0,0,0,0,0,0,52,5,1,1,28,523,0.2,0.6,0.0,0.2,10.4,0.1346153846153846,0.4423076923076923,0.21153846153846154,0,0,1,-2.560905879345816,-0.8393314895815529,Occasional / Low-Engagement
8685,1977,Graduation,Married,42014.0,1,0,2013-07-02,56,244,15,108,4,15,50,6,7,1,6,8,0,0,0,0,0,0,1,436,20,1,1,37,523,0.35,0.3,0.05,0.3,21.8,0.5596330275229358,0.24770642201834864,0.11467889908256881,0,0,2,-0.2622045362232144,2.3234470928048987,Deal & Discount Hunters
4967,1960,PhD,Together,38201.0,0,1,2013-07-02,19,233,0,23,0,0,12,4,5,1,5,8,0,0,0,0,0,0,0,268,15,1,1,54,523,0.3333333333333333,0.3333333333333333,0.06666666666666667,0.26666666666666666,17.866666666666667,0.8694029850746269,0.08582089552238806,0.04477611940298507,0,0,2,-1.0354732666888553,1.2142639907157662,Deal & Discount Hunters
2130,1982,Graduation,Together,45203.0,2,0,2013-07-02,4,35,3,67,10,8,24,1,3,1,3,6,0,0,0,0,0,0,1,147,8,2,1,32,523,0.375,0.375,0.125,0.125,18.375,0.23809523809523808,0.4557823129251701,0.16326530612244897,0,0,1,-1.8708589193626883,-0.20446790222801317,Occasional / Low-Engagement
9298,1947,PhD,Together,81574.0,0,0,2013-07-02,89,1252,0,465,46,35,0,1,4,5,8,1,0,1,1,0,0,0,0,1798,18,0,0,67,523,0.2222222222222222,0.4444444444444444,0.2777777777777778,0.05555555555555555,99.88888888888889,0.696329254727475,0.25862068965517243,0.0,2,1,3,2.9019644577166472,-1.6770039189043073,High-Value Elite
8175,1992,Graduation,Married,34935.0,0,0,2013-07-02,71,34,4,66,3,10,20,1,2,1,4,7,0,0,0,0,0,0,0,137,8,0,0,22,523,0.25,0.5,0.125,0.125,17.125,0.24817518248175183,0.48175182481751827,0.145985401459854,0,0,1,-1.5293298576131447,-1.130049117548637,Occasional / Low-Engagement
6257,1976,Master,Single,60482.0,0,1,2013-07-02,81,255,43,134,37,14,24,1,7,2,7,7,0,0,0,0,0,0,0,507,17,1,1,38,523,0.4117647058823529,0.4117647058823529,0.11764705882352941,0.058823529411764705,29.823529411764707,0.5029585798816568,0.26429980276134124,0.047337278106508875,0,0,0,0.35631227855986286,0.33567099360031677,Digital Convenience Shoppers
3790,1956,Graduation,Together,34633.0,2,1,2013-07-02,31,8,1,5,0,0,1,1,1,0,2,6,0,0,0,0,0,0,0,15,4,3,1,58,523,0.25,0.5,0.0,0.25,3.75,0.5333333333333333,0.3333333333333333,0.06666666666666667,0,0,1,-3.1314745312559524,-0.07907753608369116,Occasional / Low-Engagement
9952,1947,Master,Together,78093.0,0,0,2013-11-12,53,368,32,639,13,43,10,1,4,7,5,1,0,0,0,0,0,0,0,1105,17,0,0,67,390,0.23529411764705882,0.29411764705882354,0.4117647058823529,0.058823529411764705,65.0,0.3330316742081448,0.5782805429864254,0.00904977375565611,0,0,3,2.194260267705741,-1.9579287748641372,High-Value Elite
3503,1950,Graduation,Divorced,82460.0,0,0,2013-02-12,78,255,47,573,52,32,15,1,5,3,6,1,0,0,0,0,0,0,0,974,15,0,0,64,663,0.3333333333333333,0.4,0.2,0.06666666666666667,64.93333333333334,0.2618069815195072,0.5882956878850103,0.015400410677618069,0,0,3,1.8212015808916036,-1.4831739400417496,High-Value Elite
5223,1966,Master,Together,45903.0,0,1,2013-07-02,80,33,8,10,2,10,3,2,2,1,3,4,0,0,0,0,0,0,0,66,8,1,1,48,523,0.25,0.375,0.125,0.25,8.25,0.5,0.15151515151515152,0.045454545454545456,0,0,1,-1.4597717746384289,-0.8613074401776964,Occasional / Low-Engagement
4608,1987,Graduation,Divorced,81361.0,0,0,2013-07-02,18,163,23,424,27,65,76,1,3,10,13,1,0,0,0,0,0,0,1,778,27,0,0,27,523,0.1111111111111111,0.48148148148148145,0.37037037037037035,0.037037037037037035,28.814814814814813,0.2095115681233933,0.5449871465295629,0.09768637532133675,0,0,3,3.7756514144742916,-1.2728198764643033,High-Value Elite
1626,1973,PhD,Divorced,35860.0,1,1,2013-07-02,37,15,0,8,4,2,20,2,1,1,2,5,1,0,0,0,0,0,1,49,6,2,1,41,523,0.16666666666666666,0.3333333333333333,0.16666666666666666,0.3333333333333333,8.166666666666666,0.30612244897959184,0.16326530612244897,0.40816326530612246,1,1,1,-2.4204635764948077,-0.37173861725623264,Occasional / Low-Engagement
4764,1952,Master,Together,40442.0,1,1,2013-07-02,52,45,12,52,25,22,13,4,3,1,4,7,0,0,0,0,0,0,1,169,12,2,1,62,523,0.25,0.3333333333333333,0.08333333333333333,0.3333333333333333,14.083333333333334,0.26627218934911245,0.3076923076923077,0.07692307692307693,0,0,1,-1.735643725979078,1.142471288463737,Occasional / Low-Engagement
2471,1965,Graduation,Married,61482.0,0,0,2013-07-02,39,48,58,68,16,66,43,1,3,2,6,2,0,0,0,0,0,0,0,299,12,0,0,49,523,0.25,0.5,0.16666666666666666,0.08333333333333333,24.916666666666668,0.1605351170568562,0.22742474916387959,0.14381270903010032,0,0,3,0.3209843585516509,-1.725627119225584,High-Value Elite
5892,1980,Graduation,Married,34968.0,1,0,2013-10-04,11,158,6,45,8,2,2,7,3,2,5,7,0,0,0,0,0,0,0,221,17,1,1,34,429,0.17647058823529413,0.29411764705882354,0.11764705882352941,0.4117647058823529,13.0,0.7149321266968326,0.20361990950226244,0.00904977375565611,0,0,2,-1.01217907477936,1.7370554121070985,Deal & Discount Hunters
2612,1987,Graduation,Married,75794.0,0,0,2013-07-02,33,754,160,625,63,32,48,1,7,5,12,3,0,0,0,1,0,0,0,1682,25,0,0,27,523,0.28,0.48,0.2,0.04,67.28,0.4482758620689655,0.37158145065398335,0.028537455410225922,1,1,3,3.610953749728826,-0.5063772350590973,High-Value Elite
4971,1962,PhD,Together,31497.0,0,1,2012-06-12,22,108,1,28,13,1,4,2,3,1,4,8,0,0,0,0,0,0,0,155,10,1,1,52,908,0.3,0.4,0.1,0.2,15.5,0.6967741935483871,0.18064516129032257,0.025806451612903226,0,0,1,-1.7522624903116448,0.6068539026540872,Occasional / Low-Engagement
5185,1955,Graduation,Married,74268.0,0,0,2013-07-02,83,199,66,315,97,174,41,1,4,3,5,2,0,0,0,0,0,0,0,892,13,0,0,59,523,0.3076923076923077,0.38461538461538464,0.23076923076923078,0.07692307692307693,68.61538461538461,0.22309417040358745,0.3531390134529148,0.04596412556053812,0,0,3,1.151293539615748,-1.7038275316563039,High-Value Elite
10069,1988,Basic,Together,13724.0,1,0,2013-07-02,43,2,7,5,2,15,27,1,2,0,2,9,1,0,0,0,0,0,0,58,5,1,1,26,523,0.4,0.4,0.0,0.2,11.6,0.034482758620689655,0.08620689655172414,0.46551724137931033,1,1,1,-3.0461863400061913,-0.35927296268342224,Occasional / Low-Engagement
2262,1965,Master,Together,45143.0,0,1,2013-07-02,74,202,5,74,11,5,14,3,6,1,5,7,0,0,0,0,0,0,0,311,15,1,1,49,523,0.4,0.3333333333333333,0.06666666666666667,0.2,20.733333333333334,0.6495176848874598,0.2379421221864952,0.04501607717041801,0,0,2,-0.6419640278910657,0.8071828507289709,Deal & Discount Hunters
1131,1967,PhD,Single,52569.0,0,1,2014-05-04,54,85,0,3,0,0,7,1,2,0,4,3,0,0,0,0,0,0,0,95,7,1,1,47,217,0.2857142857142857,0.5714285714285714,0.0,0.14285714285714285,13.571428571428571,0.8947368421052632,0.031578947368421054,0.07368421052631578,0,0,1,-1.322263339676141,-1.767252476044188,Occasional / Low-Engagement
1041,1973,PhD,Single,48432.0,0,1,2013-07-02,3,322,3,50,4,3,42,5,7,1,6,8,0,0,0,0,0,0,1,424,19,1,1,41,523,0.3684210526315789,0.3157894736842105,0.05263157894736842,0.2631578947368421,22.31578947368421,0.7594339622641509,0.1179245283018868,0.09905660377358491,0,0,2,-0.21219362032228306,1.9404625768253752,Deal & Discount Hunters
24,1960,Master,Together,17144.0,1,1,2013-07-02,96,18,2,19,0,2,6,5,3,0,4,7,0,0,0,0,0,0,0,47,12,2,1,54,523,0.25,0.3333333333333333,0.0,0.4166666666666667,3.9166666666666665,0.3829787234042553,0.40425531914893614,0.1276595744680851,0,0,1,-2.3758513704051927,1.583205526648378,Occasional / Low-Engagement
3409,1984,Graduation,Single,36108.0,1,0,2013-07-02,68,141,8,129,3,11,47,3,7,1,4,9,1,0,0,0,0,0,0,339,15,1,1,30,523,0.4666666666666667,0.26666666666666666,0.06666666666666667,0.2,22.6,0.415929203539823,0.3805309734513274,0.13864306784660768,1,1,2,-1.0325384127946946,1.268292449126368,Deal & Discount Hunters
7022,1971,Graduation,Married,76445.0,1,0,2013-07-02,2,739,107,309,140,80,35,1,2,5,13,6,0,0,0,0,0,0,0,1410,21,1,1,43,523,0.09523809523809523,0.6190476190476191,0.23809523809523808,0.047619047619047616,67.14285714285714,0.524113475177305,0.21914893617021278,0.024822695035460994,0,0,0,2.147803505359889,-0.24987317572718787,Digital Convenience Shoppers
7943,1975,PhD,Married,36663.0,1,0,2013-07-02,40,18,0,6,3,3,5,1,1,1,3,2,0,0,0,0,0,0,0,35,6,1,1,39,523,0.16666666666666666,0.5,0.16666666666666666,0.16666666666666666,5.833333333333333,0.5142857142857142,0.17142857142857143,0.14285714285714285,0,0,1,-1.6337969027829218,-1.6720948068046961,Occasional / Low-Engagement
5272,1965,Master,Married,53843.0,0,1,2013-07-02,64,378,0,88,19,4,73,4,8,5,3,7,0,0,0,0,0,0,0,562,20,1,1,49,523,0.4,0.15,0.25,0.2,28.1,0.6725978647686833,0.15658362989323843,0.1298932384341637,0,0,2,0.4554403537942647,1.4167528395454012,Deal & Discount Hunters
5453,1956,Master,Married,90226.0,0,0,2013-07-02,26,1083,108,649,253,151,108,1,4,7,12,2,0,0,0,1,0,0,0,2352,24,0,0,58,523,0.16666666666666666,0.5,0.2916666666666667,0.041666666666666664,98.0,0.4604591836734694,0.27593537414965985,0.04591836734693878,1,1,3,4.353962797783652,-1.2209046483100483,High-Value Elite
2565,1955,Master,Divorced,70638.0,0,0,2013-01-06,69,1016,12,215,16,12,63,1,4,5,10,3,0,1,0,0,0,0,0,1334,20,0,0,59,700,0.2,0.5,0.25,0.05,66.7,0.7616191904047976,0.16116941529235382,0.0472263868065967,1,1,3,2.505834429354352,-0.8938176120461165,High-Value Elite
800,1960,Graduation,Together,44512.0,1,1,2013-07-02,57,23,1,6,0,0,2,2,1,0,3,4,0,0,0,0,0,0,0,32,6,2,1,54,523,0.16666666666666666,0.5,0.0,0.3333333333333333,5.333333333333333,0.71875,0.1875,0.0625,0,0,1,-2.1696054127051085,-0.5292711050062381,Occasional / Low-Engagement
11092,1961,Graduation,Married,27116.0,1,1,2014-02-03,78,12,1,21,2,2,3,2,2,0,3,7,0,0,0,0,0,0,0,41,7,2,1,53,307,0.2857142857142857,0.42857142857142855,0.0,0.2857142857142857,5.857142857142857,0.2926829268292683,0.5121951219512195,0.07317073170731707,0,0,1,-2.7059085379803163,-0.07936361382437766,Occasional / Low-Engagement
5062,1963,PhD,Married,54072.0,1,1,2013-07-02,71,35,0,4,0,0,0,1,2,0,2,8,0,0,0,0,0,0,0,39,5,2,1,51,523,0.4,0.4,0.0,0.2,7.8,0.8974358974358975,0.10256410256410256,0.0,0,0,1,-2.5084925310310746,-0.19291121880309772,Occasional / Low-Engagement
8969,1977,Graduation,Married,71855.0,0,1,2013-07-02,59,548,31,422,0,112,28,4,5,5,11,3,0,0,0,0,0,0,0,1141,25,1,1,37,523,0.2,0.44,0.2,0.16,45.64,0.4802804557405784,0.3698510078878177,0.024539877300613498,0,0,0,2.5190419624232963,0.7385160436338988,Digital Convenience Shoppers
4656,1990,2n Cycle,Single,51250.0,1,0,2013-07-02,28,342,32,230,34,32,40,5,10,5,4,9,1,0,0,0,0,0,0,710,24,1,1,24,523,0.4166666666666667,0.16666666666666666,0.20833333333333334,0.20833333333333334,29.583333333333332,0.48169014084507045,0.323943661971831,0.056338028169014086,1,1,2,0.8006897506485271,2.5315928738477442,Deal & Discount Hunters
4480,1973,Master,Married,60432.0,0,1,2014-09-03,61,365,3,15,4,3,11,5,7,2,5,6,0,0,0,0,0,0,0,401,19,1,1,41,95,0.3684210526315789,0.2631578947368421,0.10526315789473684,0.2631578947368421,21.105263157894736,0.9102244389027432,0.03740648379052369,0.02743142144638404,0,0,2,0.18393139496709784,0.9448164134880302,Deal & Discount Hunters
9971,1964,PhD,Married,65526.0,0,1,2014-11-04,22,397,19,69,12,0,9,1,4,4,8,2,0,0,0,0,0,0,0,506,17,1,1,50,33,0.23529411764705882,0.47058823529411764,0.23529411764705882,0.058823529411764705,29.764705882352942,0.7845849802371542,0.13636363636363635,0.017786561264822136,0,0,3,1.0004130959459283,-1.5070658958831769,High-Value Elite
6729,1988,Graduation,Single,68655.0,0,0,2012-10-08,95,456,19,832,75,118,38,1,4,5,11,3,0,0,0,0,0,0,0,1538,21,0,0,26,790,0.19047619047619047,0.5238095238095238,0.23809523809523808,0.047619047619047616,73.23809523809524,0.2964889466840052,0.540962288686606,0.0247074122236671,0,0,3,2.798327040856861,-0.7109865481899819,High-Value Elite
1773,1978,2n Cycle,Married,12393.0,0,0,2012-04-12,38,5,6,15,11,7,13,1,2,0,3,9,0,0,0,0,0,0,0,57,6,0,0,36,969,0.3333333333333333,0.5,0.0,0.16666666666666666,9.5,0.08771929824561403,0.2631578947368421,0.22807017543859648,0,0,1,-2.5174606473755117,-0.21178053700832222,Occasional / Low-Engagement
9242,1990,Graduation,Single,64509.0,0,0,2013-07-02,19,836,185,575,24,25,77,1,6,3,9,4,1,0,0,0,0,0,1,1722,19,0,0,24,523,0.3157894736842105,0.47368421052631576,0.15789473684210525,0.05263157894736842,90.63157894736842,0.48548199767711964,0.3339140534262485,0.044715447154471545,1,1,3,2.284738245542014,-0.7339384093824332,High-Value Elite
1764,1975,Graduation,Single,33955.0,1,0,2013-09-08,92,100,2,128,23,7,10,4,5,1,5,8,0,0,0,0,0,0,0,270,15,1,1,39,455,0.3333333333333333,0.3333333333333333,0.06666666666666667,0.26666666666666666,18.0,0.37037037037037035,0.4740740740740741,0.037037037037037035,0,0,2,-1.1080866617202267,1.1288356265428259,Deal & Discount Hunters
6215,1977,Graduation,Married,31353.0,1,1,2013-07-02,24,10,0,10,3,1,7,2,1,1,2,8,0,0,0,0,0,0,1,31,6,2,1,37,523,0.16666666666666666,0.3333333333333333,0.16666666666666666,0.3333333333333333,5.166666666666667,0.3225806451612903,0.3225806451612903,0.22580645161290322,0,0,1,-2.866626894072043,0.1428040468051386,Occasional / Low-Engagement
10099,1984,Graduation,Married,55434.0,1,0,2013-05-10,21,238,115,215,169,69,76,3,5,3,13,4,0,0,0,0,0,0,0,882,24,1,1,30,576,0.20833333333333334,0.5416666666666666,0.125,0.125,36.75,0.2698412698412698,0.2437641723356009,0.08616780045351474,0,0,0,1.8386861014923341,0.7947266926526713,Digital Convenience Shoppers
5423,1983,Graduation,Together,28359.0,1,0,2013-07-02,35,6,0,5,2,1,2,1,1,0,2,7,0,0,0,0,0,0,0,16,4,1,1,31,523,0.25,0.5,0.0,0.25,4.0,0.375,0.3125,0.125,0,0,1,-2.732310373559788,-0.9151967602592408,Occasional / Low-Engagement
940,1987,Graduation,Single,57100.0,1,0,2013-07-02,9,158,11,99,15,11,17,2,3,2,7,3,0,0,0,0,0,0,0,311,14,1,1,27,523,0.21428571428571427,0.5,0.14285714285714285,0.14285714285714285,22.214285714285715,0.5080385852090032,0.3183279742765273,0.05466237942122187,0,0,1,0.027655701972973595,-0.5831018403174417,Occasional / Low-Engagement
3011,1965,Graduation,Married,69139.0,0,1,2013-07-02,23,86,12,75,33,15,6,1,4,1,5,4,0,0,0,0,0,0,0,227,11,1,1,49,523,0.36363636363636365,0.45454545454545453,0.09090909090909091,0.09090909090909091,20.636363636363637,0.3788546255506608,0.3303964757709251,0.02643171806167401,0,0,1,-0.3322760560178256,-0.8435322647090605,Occasional / Low-Engagement
3298,1956,Master,Married,52973.0,0,1,2012-08-11,92,856,0,76,12,9,199,7,9,6,9,8,0,0,0,0,0,0,0,1152,31,1,1,58,848,0.2903225806451613,0.2903225806451613,0.1935483870967742,0.22580645161290322,37.16129032258065,0.7430555555555556,0.06597222222222222,0.17274305555555555,0,0,2,2.282914057352007,3.705525784603156,Deal & Discount Hunters
8286,1965,PhD,Together,51717.0,0,1,2013-07-02,55,98,1,17,0,1,5,1,3,0,4,7,0,1,0,0,0,0,0,122,8,1,1,49,523,0.375,0.5,0.0,0.125,15.25,0.8032786885245902,0.13934426229508196,0.040983606557377046,1,1,1,-1.5757166009624546,-0.5448108456640051,Occasional / Low-Engagement
9668,1971,Graduation,Married,18793.0,1,0,2013-12-01,14,4,16,20,0,17,20,3,2,0,4,8,0,0,0,0,0,0,0,77,9,1,1,43,371,0.2222222222222222,0.4444444444444444,0.0,0.3333333333333333,8.555555555555555,0.05194805194805195,0.2597402597402597,0.2597402597402597,0,0,1,-2.4226833809968524,0.1432248553833286,Occasional / Low-Engagement
5120,1982,2n Cycle,Together,66664.0,0,0,2013-07-02,78,398,96,447,220,96,32,1,5,7,6,3,0,0,0,0,0,0,0,1289,19,0,0,32,523,0.2631578947368421,0.3157894736842105,0.3684210526315789,0.05263157894736842,67.84210526315789,0.30876648564778897,0.3467804499612102,0.02482544608223429,0,0,3,2.230644690100122,-1.1808573327973366,High-Value Elite
6097,1959,Graduation,Single,50664.0,1,1,2013-07-02,64,313,8,104,6,4,126,9,8,1,6,9,0,0,0,0,0,0,0,561,24,2,1,55,523,0.3333333333333333,0.25,0.041666666666666664,0.375,23.375,0.5579322638146168,0.18538324420677363,0.22459893048128343,0,0,2,-0.14171270951702003,4.221507405458601,Deal & Discount Hunters
7019,1963,Graduation,Together,54414.0,1,1,2013-07-02,49,109,18,16,24,26,18,4,3,1,5,4,0,0,0,0,0,0,0,211,13,2,1,51,523,0.23076923076923078,0.38461538461538464,0.07692307692307693,0.3076923076923077,16.23076923076923,0.5165876777251185,0.07582938388625593,0.08530805687203792,0,0,1,-0.934525530991936,0.6620456785089315,Occasional / Low-Engagement
7408,1952,PhD,Married,54549.0,0,1,2014-03-03,8,216,2,6,0,0,9,2,5,1,4,7,0,0,0,0,0,0,0,233,12,1,1,62,279,0.4166666666666667,0.3333333333333333,0.08333333333333333,0.16666666666666666,19.416666666666668,0.927038626609442,0.02575107296137339,0.03862660944206009,0,0,1,-0.9496147124196184,-0.14172841486717372,Occasional / Low-Engagement
8041,1971,PhD,Widow,47111.0,0,1,2012-08-09,35,595,71,153,120,112,41,6,3,2,10,9,0,0,0,0,0,0,0,1092,21,1,1,43,850,0.14285714285714285,0.47619047619047616,0.09523809523809523,0.2857142857142857,52.0,0.5448717948717948,0.1401098901098901,0.037545787545787544,0,0,2,0.44562736630800487,2.507525608308403,Deal & Discount Hunters
252,1963,PhD,Divorced,41003.0,0,0,2013-07-02,11,123,133,142,71,44,88,1,6,2,8,6,0,0,0,0,0,0,0,601,17,0,0,51,523,0.35294117647058826,0.47058823529411764,0.11764705882352941,0.058823529411764705,35.35294117647059,0.20465890183028287,0.23627287853577372,0.1464226289517471,0,0,0,0.4886327242514107,-0.33946622964118606,Digital Convenience Shoppers
9986,1982,Graduation,Together,19444.0,1,0,2013-07-02,8,16,0,23,3,2,10,3,4,1,2,7,0,0,0,0,0,0,1,54,10,1,1,32,523,0.4,0.2,0.1,0.3,5.4,0.2962962962962963,0.42592592592592593,0.18518518518518517,0,0,1,-2.123424655774061,0.3914804516929643,Occasional / Low-Engagement
3276,1976,2n Cycle,Together,36301.0,1,0,2013-07-02,53,11,12,35,3,5,12,1,3,0,3,7,0,0,0,0,0,0,0,78,7,1,1,38,523,0.42857142857142855,0.42857142857142855,0.0,0.14285714285714285,11.142857142857142,0.14102564102564102,0.44871794871794873,0.15384615384615385,0,0,1,-2.0580257728538927,-0.5476624160752418,Occasional / Low-Engagement
3859,1947,PhD,Together,73059.0,0,1,2013-07-02,36,410,112,420,0,82,71,1,9,3,13,4,0,0,0,0,0,0,0,1095,26,1,1,67,523,0.34615384615384615,0.5,0.11538461538461539,0.038461538461538464,42.11538461538461,0.3744292237442922,0.3835616438356164,0.06484018264840183,0,0,0,2.8359734945846182,0.5718224598062168,Digital Convenience Shoppers
3570,1969,PhD,Together,42731.0,1,0,2013-07-02,64,159,2,51,6,2,24,3,4,1,5,5,0,0,0,0,0,0,0,244,13,1,1,45,523,0.3076923076923077,0.38461538461538464,0.07692307692307693,0.23076923076923078,18.76923076923077,0.6516393442622951,0.20901639344262296,0.09836065573770492,0,0,1,-0.8169628992755174,0.16037294646929,Occasional / Low-Engagement
3783,1959,PhD,Married,52854.0,1,1,2013-07-02,43,105,0,10,0,1,0,2,2,1,4,5,0,0,0,0,0,0,0,116,9,2,1,55,523,0.2222222222222222,0.4444444444444444,0.1111111111111111,0.2222222222222222,12.88888888888889,0.9051724137931034,0.08620689655172414,0.0,0,0,1,-1.5681027441382702,-0.1361116541939357,Occasional / Low-Engagement
10207,1978,Graduation,Together,22775.0,1,0,2013-07-02,40,5,1,8,0,0,1,1,1,0,2,8,0,0,0,0,0,0,0,15,4,1,1,36,523,0.25,0.5,0.0,0.25,3.75,0.3333333333333333,0.5333333333333333,0.06666666666666667,0,0,1,-2.950817748653789,-0.7279199106722175,Occasional / Low-Engagement
10906,1948,PhD,Together,46681.0,0,2,2013-08-10,52,269,15,69,15,19,38,2,4,6,4,5,0,0,0,0,0,0,0,425,16,2,1,66,484,0.25,0.25,0.375,0.125,26.5625,0.6329411764705882,0.1623529411764706,0.08941176470588236,0,0,1,-0.2370192039257902,0.2883973975901629,Occasional / Low-Engagement
3427,1955,PhD,Married,59821.0,0,1,2013-12-04,11,629,0,70,0,0,35,6,11,2,7,8,0,0,0,0,0,0,0,734,26,1,1,59,368,0.4230769230769231,0.2692307692307692,0.07692307692307693,0.23076923076923078,28.23076923076923,0.8569482288828338,0.09536784741144415,0.047683923705722074,0,0,2,1.2169971304442617,2.8086126950872314,Deal & Discount Hunters
5209,1954,Graduation,Divorced,50002.0,0,1,2013-07-02,21,443,5,71,21,16,82,2,8,2,7,7,0,0,0,0,0,0,0,638,19,1,1,60,523,0.42105263157894735,0.3684210526315789,0.10526315789473684,0.10526315789473684,33.578947368421055,0.6943573667711599,0.11128526645768025,0.12852664576802508,0,0,0,0.4470864634630299,0.9223549794423098,Digital Convenience Shoppers
10711,1945,Graduation,Married,69755.0,0,0,2013-02-10,23,217,77,373,111,23,93,1,3,6,12,1,0,0,0,0,0,0,0,894,22,0,0,69,665,0.13636363636363635,0.5454545454545454,0.2727272727272727,0.045454545454545456,40.63636363636363,0.24272930648769575,0.4172259507829978,0.1040268456375839,0,0,3,2.7624814440308856,-1.2227970904064192,High-Value Elite
10785,1969,Graduation,Married,44078.0,1,1,2013-07-02,17,24,1,10,2,0,4,2,2,0,3,5,0,0,0,0,0,0,0,41,7,2,1,45,523,0.2857142857142857,0.42857142857142855,0.0,0.2857142857142857,5.857142857142857,0.5853658536585366,0.24390243902439024,0.0975609756097561,0,0,1,-2.138829258851961,-0.18761283566175338,Occasional / Low-Engagement
2814,1976,Master,Together,30560.0,1,0,2013-07-02,6,9,1,5,4,5,7,1,1,0,3,7,0,0,0,0,0,0,0,31,5,1,1,38,523,0.2,0.6,0.0,0.2,6.2,0.2903225806451613,0.16129032258064516,0.22580645161290322,0,0,1,-2.5202205860230498,-0.8456886844484555,Occasional / Low-Engagement
6866,1969,Master,Together,35924.0,1,1,2013-07-02,56,8,0,14,2,3,7,1,1,0,3,5,0,0,0,0,0,0,0,34,5,2,1,45,523,0.2,0.6,0.0,0.2,6.8,0.23529411764705882,0.4117647058823529,0.20588235294117646,0,0,1,-2.4914222069433367,-0.6942460301740695,Occasional / Low-Engagement
1665,1964,PhD,Divorced,64140.0,0,2,2013-07-02,71,1459,0,61,0,15,215,5,2,5,6,5,1,0,1,0,1,0,1,1750,18,2,1,50,523,0.1111111111111111,0.3333333333333333,0.2777777777777778,0.2777777777777778,97.22222222222223,0.8337142857142857,0.03485714285714286,0.12285714285714286,3,1,2,0.997227955648259,1.0704240023990355,Deal & Discount Hunters
6575,1981,Graduation,Together,56386.0,1,1,2013-07-02,51,230,48,214,13,32,75,8,9,1,7,9,0,0,0,0,0,0,0,612,25,2,1,33,523,0.36,0.28,0.04,0.32,24.48,0.3758169934640523,0.34967320261437906,0.12254901960784313,0,0,2,0.2717931307810878,4.071423954250349,Deal & Discount Hunters
3829,1979,Basic,Together,24594.0,1,0,2013-10-12,94,1,3,6,10,0,9,1,1,0,3,5,0,0,0,0,0,0,0,29,5,1,1,35,421,0.2,0.6,0.0,0.2,5.8,0.034482758620689655,0.20689655172413793,0.3103448275862069,0,0,1,-2.3978105069492983,-1.2979516791952976,Occasional / Low-Engagement
3091,1981,2n Cycle,Together,75774.0,1,0,2014-02-05,27,340,21,134,258,14,56,1,7,5,8,4,0,0,0,0,0,0,0,823,21,1,1,33,305,0.3333333333333333,0.38095238095238093,0.23809523809523808,0.047619047619047616,39.19047619047619,0.4131227217496962,0.16281895504252733,0.06804374240583232,0,0,0,1.8780076470016442,-0.3596954869372953,Digital Convenience Shoppers
10141,1960,Master,Divorced,39228.0,0,0,2013-10-05,1,7,1,6,0,3,3,1,0,0,3,4,0,0,0,0,0,0,0,20,4,0,0,54,428,0.0,0.75,0.0,0.25,5.0,0.35,0.3,0.15,0,0,1,-1.8791967060457924,-2.1780018582861085,Occasional / Low-Engagement
5177,1974,Master,Married,58494.0,0,1,2013-12-12,56,298,7,68,4,0,19,2,6,2,6,6,0,0,0,0,0,0,0,396,16,1,1,40,360,0.375,0.375,0.125,0.125,24.75,0.7525252525252525,0.1717171717171717,0.047979797979797977,0,0,0,0.05118813483058521,0.10514648029808545,Digital Convenience Shoppers
7005,1981,Graduation,Single,58684.0,0,0,2013-07-02,71,479,35,179,28,7,85,1,5,3,12,2,0,1,0,0,0,0,0,813,21,0,0,33,523,0.23809523809523808,0.5714285714285714,0.14285714285714285,0.047619047619047616,38.714285714285715,0.5891758917589176,0.2201722017220172,0.1045510455104551,1,1,3,2.134322743199467,-0.9431344683004108,High-Value Elite
6409,1967,Graduation,Divorced,57136.0,0,0,2013-07-02,18,267,140,599,34,12,127,1,7,5,7,6,0,0,0,0,0,0,1,1179,20,0,0,47,523,0.35,0.35,0.25,0.05,58.95,0.22646310432569974,0.5080576759966073,0.1077184054283291,0,0,0,1.7308451987865279,-0.27138174362950795,Digital Convenience Shoppers
7485,1950,PhD,Widow,56551.0,1,1,2014-07-05,48,67,4,32,17,2,16,3,2,1,4,4,0,0,0,0,0,0,0,138,10,2,1,64,155,0.2,0.4,0.1,0.3,13.8,0.4855072463768116,0.2318840579710145,0.11594202898550725,0,0,1,-1.3792969747562447,-0.4301955750701389,Occasional / Low-Engagement
8079,1982,Graduation,Married,22448.0,1,0,2013-07-02,86,3,1,8,23,2,18,3,2,1,3,3,0,0,0,0,0,0,0,55,9,1,1,32,523,0.2222222222222222,0.3333333333333333,0.1111111111111111,0.3333333333333333,6.111111111111111,0.05454545454545454,0.14545454545454545,0.32727272727272727,0,0,1,-1.7337007266994657,-0.5552836721987092,Occasional / Low-Engagement
8395,1961,Graduation,Single,82014.0,0,0,2013-07-02,48,980,37,265,35,163,31,1,3,6,12,6,0,0,0,0,0,0,1,1511,22,0,0,53,523,0.13636363636363635,0.5454545454545454,0.2727272727272727,0.045454545454545456,68.68181818181819,0.6485771012574454,0.17538054268696227,0.020516214427531435,0,0,3,2.8187443578603637,-0.6828323540015249,High-Value Elite
10352,1963,Graduation,Widow,34213.0,1,1,2012-07-09,2,50,4,28,6,3,26,3,3,1,2,9,0,0,0,0,0,0,1,117,9,2,1,51,881,0.3333333333333333,0.2222222222222222,0.1111111111111111,0.3333333333333333,13.0,0.42735042735042733,0.23931623931623933,0.2222222222222222,0,0,1,-2.453500016389648,1.4619909663820696,Occasional / Low-Engagement
4931,1977,Graduation,Together,157146.0,0,0,2013-07-02,13,1,0,1725,2,1,1,0,0,28,0,1,0,0,0,0,0,0,0,1730,28,0,0,37,523,0.0,0.0,1.0,0.0,61.785714285714285,0.0005780346820809249,0.9971098265895953,0.0005780346820809249,0,0,3,6.454171670665408,-3.0188696470791414,High-Value Elite
13,1947,PhD,Widow,25358.0,0,1,2013-07-02,57,19,0,5,0,0,8,2,1,0,3,6,0,0,0,0,0,0,0,32,6,1,1,67,523,0.16666666666666666,0.5,0.0,0.3333333333333333,5.333333333333333,0.59375,0.15625,0.25,0,0,1,-2.439920166475357,-0.6306590177029964,Occasional / Low-Engagement
1834,1978,Master,Single,35544.0,1,0,2014-08-03,77,30,5,23,4,1,4,1,2,0,3,7,0,0,0,0,0,0,0,67,6,1,1,36,126,0.3333333333333333,0.5,0.0,0.16666666666666666,11.166666666666666,0.44776119402985076,0.34328358208955223,0.05970149253731343,0,0,1,-2.2965957852815846,-1.2331051111917075,Occasional / Low-Engagement
2285,1954,Master,Together,36634.0,0,1,2013-07-02,0,213,9,76,4,3,30,3,5,2,5,7,0,0,0,0,0,0,0,335,15,1,1,60,523,0.3333333333333333,0.3333333333333333,0.13333333333333333,0.2,22.333333333333332,0.6358208955223881,0.22686567164179106,0.08955223880597014,0,0,1,-0.7704618265901477,0.717474743745592,Occasional / Low-Engagement
2295,1954,PhD,Married,62670.0,0,1,2014-02-02,57,539,30,92,80,46,38,1,5,3,13,3,0,0,0,0,0,0,0,825,22,1,1,60,308,0.22727272727272727,0.5909090909090909,0.13636363636363635,0.045454545454545456,37.5,0.6533333333333333,0.11151515151515151,0.04606060606060606,0,0,0,1.9145652632830306,-0.487238555741712,Digital Convenience Shoppers
1378,1972,2n Cycle,Together,50334.0,0,1,2013-07-02,24,284,16,160,84,16,134,6,7,4,6,6,0,0,0,0,0,0,0,694,23,1,1,42,523,0.30434782608695654,0.2608695652173913,0.17391304347826086,0.2608695652173913,30.17391304347826,0.4092219020172911,0.23054755043227665,0.1930835734870317,0,0,2,0.8479624761248492,2.030598836689187,Deal & Discount Hunters
2781,1981,Graduation,Single,72066.0,0,0,2013-07-02,55,1003,34,536,134,51,34,1,4,6,6,2,0,0,1,1,0,0,1,1792,17,0,0,33,523,0.23529411764705882,0.35294117647058826,0.35294117647058826,0.058823529411764705,105.41176470588235,0.5597098214285714,0.29910714285714285,0.018973214285714284,2,1,3,2.4491781780911253,-1.5852559272288353,High-Value Elite
1165,1958,PhD,Single,50729.0,1,1,2013-02-05,62,239,13,143,45,4,52,9,6,2,7,6,0,0,0,0,0,0,0,496,24,2,1,56,670,0.25,0.2916666666666667,0.08333333333333333,0.375,20.666666666666668,0.48185483870967744,0.28830645161290325,0.10483870967741936,0,0,2,0.2235405085558457,3.6894411862812437,Deal & Discount Hunters
1404,1968,Graduation,Together,34916.0,2,0,2013-07-02,89,51,23,82,33,0,42,4,5,1,3,9,0,0,0,0,0,0,0,231,13,2,1,46,523,0.38461538461538464,0.23076923076923078,0.07692307692307693,0.3076923076923077,17.76923076923077,0.22077922077922077,0.354978354978355,0.18181818181818182,0,0,2,-1.871951607537543,1.7450096340394463,Deal & Discount Hunters
6457,1976,Graduation,Divorced,64892.0,0,1,2013-07-02,77,527,24,230,32,24,65,2,6,4,12,4,0,0,0,0,0,0,0,902,24,1,1,38,523,0.25,0.5,0.16666666666666666,0.08333333333333333,37.583333333333336,0.5842572062084257,0.2549889135254989,0.07206208425720621,0,0,0,2.1551480309811457,0.4245942503259583,Digital Convenience Shoppers
2639,1966,Graduation,Single,43602.0,1,1,2014-10-01,45,19,5,12,10,3,19,3,3,1,2,6,0,0,0,0,0,0,0,68,9,2,1,48,67,0.3333333333333333,0.2222222222222222,0.1111111111111111,0.3333333333333333,7.555555555555555,0.27941176470588236,0.17647058823529413,0.27941176470588236,0,0,1,-2.0910467006943576,-0.13530346005471114,Occasional / Low-Engagement
8299,1989,PhD,Single,33996.0,0,0,2013-11-09,46,40,2,15,8,0,6,1,1,1,3,4,0,0,0,0,0,0,0,71,6,0,0,25,393,0.16666666666666666,0.5,0.16666666666666666,0.16666666666666666,11.833333333333334,0.5633802816901409,0.2112676056338028,0.08450704225352113,0,0,1,-1.5953336124054025,-2.018655435995069,Occasional / Low-Engagement
6437,1985,2n Cycle,Single,41473.0,1,0,2013-07-02,80,21,8,20,15,3,9,1,2,0,3,7,0,0,0,0,0,0,0,76,6,1,1,29,523,0.3333333333333333,0.5,0.0,0.16666666666666666,12.666666666666666,0.27631578947368424,0.2631578947368421,0.11842105263157894,0,0,1,-2.1153218390563238,-0.7442428150430878,Occasional / Low-Engagement
6912,1967,PhD,Married,63246.0,0,2,2013-07-02,60,593,30,91,29,22,7,1,6,3,12,4,0,0,0,0,0,0,0,772,22,2,1,47,523,0.2727272727272727,0.5454545454545454,0.13636363636363635,0.045454545454545456,35.09090909090909,0.7681347150259067,0.11787564766839378,0.009067357512953367,0,0,0,1.4834362666296623,0.5631313873732531,Digital Convenience Shoppers
7327,1959,PhD,Married,36732.0,1,1,2013-07-02,71,21,5,3,10,1,7,3,1,1,4,2,0,0,0,0,0,0,0,47,9,2,1,55,523,0.1111111111111111,0.4444444444444444,0.1111111111111111,0.3333333333333333,5.222222222222222,0.44680851063829785,0.06382978723404255,0.14893617021276595,0,0,1,-1.6675024433291568,-0.35929645332885324,Occasional / Low-Engagement
5299,1970,PhD,Married,69084.0,1,0,2013-07-02,43,1181,107,199,39,30,30,2,7,3,13,8,0,0,0,0,0,0,0,1586,25,1,1,44,523,0.28,0.52,0.12,0.08,63.44,0.744640605296343,0.12547288776796975,0.018915510718789406,0,0,0,2.375968501417481,1.2459339656599584,Digital Convenience Shoppers
4127,1967,PhD,Married,77766.0,0,1,2013-07-02,97,1004,59,265,115,59,27,2,11,10,11,6,1,0,0,0,0,0,1,1529,34,1,1,47,523,0.3235294117647059,0.3235294117647059,0.29411764705882354,0.058823529411764705,44.970588235294116,0.6566383257030739,0.17331589274035317,0.01765860039241334,1,1,0,4.322493852639837,1.5794407136893895,Digital Convenience Shoppers
8143,1985,PhD,Single,37929.0,0,0,2013-07-02,49,202,2,46,3,2,10,2,4,2,5,7,0,1,0,1,0,0,1,265,13,0,0,29,523,0.3076923076923077,0.38461538461538464,0.15384615384615385,0.15384615384615385,20.384615384615383,0.7622641509433963,0.17358490566037735,0.03773584905660377,2,1,1,-0.6759062098290926,-0.3428802321683727,Occasional / Low-Engagement
1964,1951,Graduation,Together,86610.0,0,0,2013-05-09,66,446,107,768,33,196,53,1,5,6,6,2,0,0,0,0,0,0,0,1603,18,0,0,63,577,0.2777777777777778,0.3333333333333333,0.3333333333333333,0.05555555555555555,89.05555555555556,0.27822832189644414,0.479101684341859,0.0330630068621335,0,0,3,2.754191080086814,-1.4032594104059422,High-Value Elite
3690,1986,Master,Married,80141.0,0,0,2013-11-01,20,1184,102,673,52,40,40,1,7,4,10,6,0,0,1,0,0,0,1,2091,22,0,0,28,401,0.3181818181818182,0.45454545454545453,0.18181818181818182,0.045454545454545456,95.04545454545455,0.5662362505978001,0.3218555714968914,0.01912960306073649,1,1,3,3.085548716116878,-0.3869055230329496,High-Value Elite
3433,1955,2n Cycle,Married,72635.0,0,0,2013-03-06,54,390,22,323,104,35,107,1,6,8,6,3,0,0,0,1,0,0,0,981,21,0,0,59,641,0.2857142857142857,0.2857142857142857,0.38095238095238093,0.047619047619047616,46.714285714285715,0.39755351681957185,0.3292558613659531,0.109072375127421,1,1,3,2.4824140210795393,-0.8375417856413339,High-Value Elite
3389,1970,Graduation,Married,69016.0,0,1,2013-07-02,61,726,53,363,123,107,161,4,8,9,13,5,0,0,0,0,0,0,0,1533,34,1,1,44,523,0.23529411764705882,0.38235294117647056,0.2647058823529412,0.11764705882352941,45.088235294117645,0.4735812133072407,0.23679060665362034,0.1050228310502283,0,0,0,4.049358870783828,1.8127208846267135,Digital Convenience Shoppers
4712,1991,2n Cycle,Together,20193.0,0,0,2013-07-02,18,8,8,22,24,11,9,1,1,1,4,4,0,0,0,0,0,0,0,82,7,0,0,23,523,0.14285714285714285,0.5714285714285714,0.14285714285714285,0.14285714285714285,11.714285714285714,0.0975609756097561,0.2682926829268293,0.10975609756097561,0,0,1,-1.6594386847423952,-1.7093709536907056,Occasional / Low-Engagement
1170,1975,Graduation,Married,27573.0,1,0,2013-07-02,45,50,15,110,39,15,15,4,5,1,4,8,0,0,0,0,0,0,0,244,14,1,1,39,523,0.35714285714285715,0.2857142857142857,0.07142857142857142,0.2857142857142857,17.428571428571427,0.20491803278688525,0.45081967213114754,0.06147540983606557,0,0,1,-1.4097517084945095,1.1831411134152308,Occasional / Low-Engagement
6347,1979,Basic,Single,15862.0,1,0,2013-07-02,26,1,1,4,11,9,10,1,1,0,3,8,0,0,0,0,0,0,0,36,5,1,1,35,523,0.2,0.6,0.0,0.2,7.2,0.027777777777777776,0.1111111111111111,0.2777777777777778,0,0,1,-2.899370802424029,-0.6216778894983933,Occasional / Low-Engagement
4065,1976,PhD,Married,49544.0,1,0,2013-12-02,0,308,0,73,0,0,23,2,5,1,8,7,0,0,0,0,0,0,0,404,16,1,1,38,370,0.3125,0.5,0.0625,0.125,25.25,0.7623762376237624,0.1806930693069307,0.05693069306930693,0,0,0,-0.24101425572903676,0.2863820055366197,Digital Convenience Shoppers
8230,1980,Graduation,Married,33228.0,1,0,2013-07-02,28,22,2,31,7,4,5,1,2,0,3,7,0,0,0,0,0,0,0,71,6,1,1,34,523,0.3333333333333333,0.5,0.0,0.16666666666666666,11.833333333333334,0.30985915492957744,0.43661971830985913,0.07042253521126761,0,0,1,-2.281722951983705,-0.6963656633107128,Occasional / Low-Engagement
1215,1978,Graduation,Together,70440.0,0,0,2013-08-10,49,690,117,499,76,102,88,1,5,10,7,3,0,0,0,1,0,0,0,1572,23,0,0,36,484,0.21739130434782608,0.30434782608695654,0.43478260869565216,0.043478260869565216,68.34782608695652,0.4389312977099237,0.31743002544529264,0.05597964376590331,1,1,3,3.203975542769295,-1.1052848228096406,High-Value Elite
5939,1971,Graduation,Together,38232.0,1,1,2013-07-02,84,43,5,28,7,6,33,4,3,1,3,5,0,0,0,0,0,0,0,122,11,2,1,43,523,0.2727272727272727,0.2727272727272727,0.09090909090909091,0.36363636363636365,11.090909090909092,0.3524590163934426,0.22950819672131148,0.27049180327868855,0,0,1,-1.7375600359338177,0.746889929284692,Occasional / Low-Engagement
2156,1955,PhD,Married,22554.0,1,1,2012-03-11,38,27,0,10,0,0,4,4,2,0,4,5,0,0,0,0,0,0,0,41,10,2,1,59,1001,0.2,0.4,0.0,0.4,4.1,0.6585365853658537,0.24390243902439024,0.0975609756097561,0,0,1,-2.1879167018470835,1.3316835550769368,Occasional / Low-Engagement
7788,1983,PhD,Married,23536.0,1,0,2014-04-06,53,6,0,3,0,0,1,1,0,0,3,3,0,0,0,0,0,0,0,10,4,1,1,31,245,0.0,0.75,0.0,0.25,2.5,0.6,0.3,0.1,0,0,1,-2.3930353936804525,-2.007543089922243,Occasional / Low-Engagement
10323,1952,Graduation,Married,49413.0,0,1,2013-07-02,88,205,7,41,3,2,46,2,4,2,5,5,0,0,0,0,0,0,0,304,13,1,1,62,523,0.3076923076923077,0.38461538461538464,0.15384615384615385,0.15384615384615385,23.384615384615383,0.6743421052631579,0.13486842105263158,0.1513157894736842,0,0,1,-0.5116577743727693,-0.2181056941748076,Occasional / Low-Engagement
7947,1969,Graduation,Married,42231.0,1,1,2013-07-02,99,24,0,8,0,1,4,1,1,0,3,5,0,0,0,0,0,0,0,37,5,2,1,45,523,0.2,0.6,0.0,0.2,7.4,0.6486486486486487,0.21621621621621623,0.10810810810810811,0,0,1,-2.3640260019039148,-0.7315158885756866,Occasional / Low-Engagement
1891,1980,Master,Divorced,78789.0,0,0,2012-08-08,12,667,50,850,21,83,83,1,4,6,5,2,0,0,0,0,0,0,1,1754,16,0,0,34,851,0.25,0.3125,0.375,0.0625,109.625,0.38027366020524517,0.4846066134549601,0.04732041049030787,0,0,3,2.424207871768125,-1.251002351916546,High-Value Elite
2570,1968,Graduation,Together,56534.0,0,1,2013-07-02,35,691,7,61,10,0,46,4,10,4,7,8,0,1,0,0,1,0,1,815,25,1,1,46,523,0.4,0.28,0.16,0.16,32.6,0.8478527607361963,0.07484662576687116,0.05644171779141104,2,1,0,1.3570993139550123,2.1660518553515673,Digital Convenience Shoppers
9256,1971,Graduation,Single,58350.0,0,1,2013-04-01,5,493,26,206,116,80,80,4,8,3,12,6,0,0,0,0,0,0,0,1001,27,1,1,43,615,0.2962962962962963,0.4444444444444444,0.1111111111111111,0.14814814814814814,37.074074074074076,0.4925074925074925,0.2057942057942058,0.07992007992007992,0,0,0,2.0984153733563398,1.953591714843824,Digital Convenience Shoppers
295,1989,Graduation,Single,81217.0,0,0,2013-07-02,77,493,70,324,146,40,84,1,3,7,11,1,0,0,0,0,0,0,0,1157,22,0,0,25,523,0.13636363636363635,0.5,0.3181818181818182,0.045454545454545456,52.59090909090909,0.4261019878997407,0.28003457216940364,0.07260155574762317,0,0,3,3.1613000264221403,-1.5318242989809574,High-Value Elite
7397,1951,Graduation,Single,49090.0,0,1,2013-07-02,45,494,5,82,7,0,100,3,7,2,9,7,0,0,0,0,0,0,0,688,21,1,1,63,523,0.3333333333333333,0.42857142857142855,0.09523809523809523,0.14285714285714285,32.76190476190476,0.7180232558139535,0.11918604651162791,0.14534883720930233,0,0,0,0.6963462189284532,1.2647764647027118,Digital Convenience Shoppers
6349,1987,Master,Divorced,61787.0,0,0,2013-06-07,71,621,73,414,78,48,85,1,8,4,6,5,0,0,0,0,0,0,0,1319,19,0,0,27,548,0.42105263157894735,0.3157894736842105,0.21052631578947367,0.05263157894736842,69.42105263157895,0.47081122062168307,0.31387414708112205,0.06444275966641395,0,0,0,1.850420747841398,-0.37407486128657724,Digital Convenience Shoppers
10790,1985,PhD,Married,18169.0,1,0,2013-07-02,40,9,0,5,0,0,7,1,1,0,2,8,0,0,0,0,0,0,0,21,4,1,1,29,523,0.25,0.5,0.0,0.25,5.25,0.42857142857142855,0.23809523809523808,0.3333333333333333,0,0,1,-3.0315436176812596,-0.707891650896913,Occasional / Low-Engagement
10398,1981,2n Cycle,Single,24336.0,1,0,2013-07-02,82,1,6,2,8,2,12,1,1,0,2,7,0,0,0,0,0,0,0,31,4,1,1,33,523,0.25,0.5,0.0,0.25,7.75,0.03225806451612903,0.06451612903225806,0.3870967741935484,0,0,1,-2.7861265120867262,-0.9083271113539275,Occasional / Low-Engagement
2431,1990,Graduation,Married,18222.0,0,0,2013-07-02,70,12,4,19,12,6,14,1,2,0,3,8,0,0,0,0,0,0,0,67,6,0,0,24,523,0.3333333333333333,0.5,0.0,0.16666666666666666,11.166666666666666,0.1791044776119403,0.2835820895522388,0.208955223880597,0,0,1,-2.3535452438771545,-0.9884956024303474,Occasional / Low-Engagement
550,1952,Graduation,Divorced,62335.0,0,1,2013-07-02,87,243,131,217,85,6,26,2,3,3,13,2,0,0,0,0,0,0,0,708,21,1,1,62,523,0.14285714285714285,0.6190476190476191,0.14285714285714285,0.09523809523809523,33.714285714285715,0.3432203389830508,0.3064971751412429,0.03672316384180791,0,0,0,1.7196687010800027,-0.33924075730312353,Digital Convenience Shoppers
1890,1971,2n Cycle,Together,42033.0,1,1,2013-07-02,95,11,1,4,2,0,7,1,1,0,2,7,0,0,0,0,0,0,0,25,4,2,1,43,523,0.25,0.5,0.0,0.25,6.25,0.44,0.16,0.28,0,0,1,-2.7759939504172815,-0.4757311996350099,Occasional / Low-Engagement
10742,1983,PhD,Married,86580.0,0,0,2013-07-02,72,532,21,127,26,20,20,0,4,2,5,1,0,0,1,0,0,0,0,746,11,0,0,31,523,0.36363636363636365,0.45454545454545453,0.18181818181818182,0.0,67.81818181818181,0.7131367292225201,0.17024128686327078,0.02680965147453083,1,1,3,1.1575546217776669,-2.3042810458494274,High-Value Elite
10356,1957,PhD,Divorced,41437.0,1,1,2013-07-02,5,29,0,2,0,0,1,1,1,0,3,7,0,0,0,0,0,0,0,32,5,2,1,57,523,0.2,0.6,0.0,0.2,6.4,0.90625,0.0625,0.03125,0,0,1,-2.6338792208441877,-0.38032915756977553,Occasional / Low-Engagement
4676,1951,Master,Widow,73705.0,0,2,2014-05-03,86,612,91,520,258,107,107,2,9,6,8,5,0,0,0,0,0,0,0,1695,25,2,1,63,218,0.36,0.32,0.24,0.08,67.8,0.36106194690265486,0.30678466076696165,0.06312684365781711,0,0,0,2.5593881781083905,0.8814957673578063,Digital Convenience Shoppers
8852,1976,Graduation,Married,61064.0,0,1,2013-07-02,80,387,126,342,0,45,180,5,8,4,11,6,0,0,0,0,0,0,0,1080,28,1,1,38,523,0.2857142857142857,0.39285714285714285,0.14285714285714285,0.17857142857142858,38.57142857142857,0.35833333333333334,0.31666666666666665,0.16666666666666666,0,0,0,2.269729383778576,2.120503512221289,Digital Convenience Shoppers
3565,1955,Master,Married,38452.0,1,1,2013-07-02,62,56,0,14,0,0,2,3,3,0,3,7,0,0,0,0,0,0,0,72,9,2,1,59,523,0.3333333333333333,0.3333333333333333,0.0,0.3333333333333333,8.0,0.7777777777777778,0.19444444444444445,0.027777777777777776,0,0,1,-2.2377309055270356,0.6878078190785494,Occasional / Low-Engagement
5294,1989,Graduation,Single,18358.0,1,0,2013-07-02,49,6,8,19,16,4,4,3,3,0,4,7,0,0,0,0,0,0,0,57,10,1,1,25,523,0.3,0.4,0.0,0.3,5.7,0.10526315789473684,0.3333333333333333,0.07017543859649122,0,0,1,-2.1393739104054537,0.34079787627379104,Occasional / Low-Engagement
1958,1973,PhD,Together,55012.0,0,1,2013-07-02,85,582,0,65,0,0,13,6,8,2,9,5,0,0,0,0,0,0,0,660,25,1,1,41,523,0.32,0.36,0.08,0.24,26.4,0.8818181818181818,0.09848484848484848,0.019696969696969695,0,0,2,1.3296230480726965,2.1723197396676457,Deal & Discount Hunters
7349,1973,Basic,Together,9722.0,1,0,2012-02-10,7,6,17,16,6,16,42,4,3,1,3,8,0,0,0,0,0,0,1,103,11,1,1,41,1031,0.2727272727272727,0.2727272727272727,0.09090909090909091,0.36363636363636365,9.363636363636363,0.05825242718446602,0.1553398058252427,0.4077669902912621,0,0,1,-2.2423655979233206,1.528575312984578,Occasional / Low-Engagement
8799,1984,PhD,Married,38175.0,1,0,2013-07-02,6,70,6,69,2,3,3,3,3,1,4,7,0,0,0,0,0,0,0,153,11,1,1,30,523,0.2727272727272727,0.36363636363636365,0.09090909090909091,0.2727272727272727,13.909090909090908,0.45751633986928103,0.45098039215686275,0.0196078431372549,0,0,1,-1.5323905872864654,0.2833160188059441,Occasional / Low-Engagement
1351,1956,Master,Together,58656.0,0,1,2013-07-02,25,962,12,194,16,24,12,4,7,8,13,6,0,0,1,0,0,0,0,1220,32,1,1,58,523,0.21875,0.40625,0.25,0.125,38.125,0.7885245901639344,0.15901639344262294,0.009836065573770493,1,1,0,3.1765415009834315,1.8528661237530661,Digital Convenience Shoppers
1045,1965,Graduation,Together,52117.0,0,1,2013-07-02,55,112,10,107,30,0,20,2,5,2,4,7,0,0,0,0,0,0,0,279,13,1,1,49,523,0.38461538461538464,0.3076923076923077,0.15384615384615385,0.15384615384615385,21.46153846153846,0.4014336917562724,0.3835125448028674,0.07168458781362007,0,0,1,-0.7283551455328479,0.19982688910546195,Occasional / Low-Engagement
7732,1978,Graduation,Married,64813.0,1,0,2014-02-01,81,293,0,124,179,97,52,1,7,2,10,5,0,0,0,0,0,0,0,745,20,1,1,36,309,0.35,0.5,0.1,0.05,37.25,0.3932885906040268,0.16644295302013423,0.0697986577181208,0,0,0,1.2997945451946227,-0.08053030023851032,Digital Convenience Shoppers
8070,1973,PhD,Married,54222.0,0,1,2014-01-03,98,199,12,31,3,12,7,1,3,3,5,3,0,0,0,0,0,0,0,264,12,1,1,41,338,0.25,0.4166666666666667,0.25,0.08333333333333333,22.0,0.7537878787878788,0.11742424242424243,0.026515151515151516,0,0,1,-0.2685794674942669,-1.3156177195220276,Occasional / Low-Engagement
477,1986,Graduation,Married,83512.0,0,0,2013-07-02,31,1060,61,835,80,20,101,1,4,7,10,1,1,0,1,1,1,0,1,2157,22,0,0,28,523,0.18181818181818182,0.45454545454545453,0.3181818181818182,0.045454545454545456,98.04545454545455,0.49142327306444133,0.38711172925359294,0.046824292999536395,4,1,3,3.8774521062003466,-1.492870698846555,High-Value Elite
7832,1959,Master,Married,77520.0,0,1,2013-07-02,30,940,44,396,0,88,58,1,8,7,7,4,1,0,1,1,0,0,1,1526,23,1,1,55,523,0.34782608695652173,0.30434782608695654,0.30434782608695654,0.043478260869565216,66.34782608695652,0.6159895150720839,0.2595019659239843,0.03800786369593709,3,1,0,2.792499065120206,0.023267038098662225,Digital Convenience Shoppers
2202,1978,Graduation,Together,41154.0,0,1,2013-09-04,98,44,2,11,2,3,7,1,1,0,4,5,0,0,0,0,0,0,0,69,6,1,1,36,459,0.16666666666666666,0.6666666666666666,0.0,0.16666666666666666,11.5,0.6376811594202898,0.15942028985507245,0.10144927536231885,0,0,1,-1.8905371423100266,-1.2509556252350396,Occasional / Low-Engagement
7396,1966,Graduation,Married,80398.0,0,0,2012-10-11,92,342,51,936,207,35,26,1,5,8,12,3,0,0,1,0,0,0,0,1597,26,0,0,48,787,0.19230769230769232,0.46153846153846156,0.3076923076923077,0.038461538461538464,61.42307692307692,0.21415153412648716,0.5860989355040701,0.01628052598622417,1,1,3,3.9313836017544057,-0.4490477831137749,High-Value Elite
4055,1992,Basic,Single,18746.0,1,0,2013-07-02,41,2,10,11,12,9,20,2,3,0,3,6,0,0,0,0,0,0,0,64,8,1,1,22,523,0.375,0.375,0.0,0.25,8.0,0.03125,0.171875,0.3125,0,0,1,-2.2290978520060194,-0.2636880724176444,Occasional / Low-Engagement
10340,1984,Graduation,Together,35196.0,1,0,2013-07-02,68,75,12,141,43,39,187,6,6,1,5,8,0,0,0,0,0,0,0,497,18,1,1,30,523,0.3333333333333333,0.2777777777777778,0.05555555555555555,0.3333333333333333,27.61111111111111,0.15090543259557343,0.2837022132796781,0.3762575452716298,0,0,2,-0.6671675112984352,2.105780323369543,Deal & Discount Hunters
10091,1956,Graduation,Single,60230.0,0,1,2013-07-02,78,520,20,367,39,81,40,2,6,3,6,5,0,0,0,0,0,0,0,1067,17,1,1,58,523,0.35294117647058826,0.35294117647058826,0.17647058823529413,0.11764705882352941,62.76470588235294,0.4873477038425492,0.34395501405810686,0.03748828491096532,0,0,0,0.8803270323476126,0.13035034743393928,Digital Convenience Shoppers
7629,1977,Graduation,Married,22108.0,1,1,2014-08-05,46,5,3,9,6,2,6,2,2,0,3,7,0,0,0,0,0,0,0,31,7,2,1,37,124,0.2857142857142857,0.42857142857142855,0.0,0.2857142857142857,4.428571428571429,0.16129032258064516,0.2903225806451613,0.1935483870967742,0,0,1,-2.8419186624651345,-0.2877603155748035,Occasional / Low-Engagement
10640,1974,Graduation,Together,44392.0,1,1,2013-05-09,71,87,5,71,7,12,29,5,4,1,4,7,0,0,0,0,0,0,0,211,14,2,1,40,577,0.2857142857142857,0.2857142857142857,0.07142857142857142,0.35714285714285715,15.071428571428571,0.41232227488151657,0.33649289099526064,0.13744075829383887,0,0,2,-1.4151454174189602,1.723528353342642,Deal & Discount Hunters
3498,1976,PhD,Married,55424.0,0,1,2013-07-02,6,462,61,184,10,53,107,4,7,5,9,6,1,0,0,0,0,0,1,877,25,1,1,38,523,0.28,0.36,0.2,0.16,35.08,0.5267958950969214,0.20980615735461802,0.12200684150513112,1,1,0,1.653361749336538,1.5162678391266067,Digital Convenience Shoppers
6742,1979,Graduation,Married,17688.0,1,0,2013-07-02,82,2,2,1,3,1,2,1,1,0,2,8,0,0,0,0,0,1,0,11,4,1,1,35,523,0.25,0.5,0.0,0.25,2.75,0.18181818181818182,0.09090909090909091,0.18181818181818182,0,0,1,-3.0384824715820073,-0.7142298822531871,Occasional / Low-Engagement
1172,1983,PhD,Married,92491.0,0,0,2013-01-05,71,979,44,935,29,25,22,1,7,5,12,3,0,1,1,1,0,0,1,2034,25,0,0,31,701,0.28,0.48,0.2,0.04,81.36,0.48131760078662733,0.45968534906588004,0.010816125860373648,3,1,3,4.200144690670229,-0.3762350243449124,High-Value Elite
569,1991,Graduation,Single,90273.0,0,0,2013-07-02,32,704,129,853,120,74,111,1,5,6,7,2,0,1,1,1,0,0,1,1991,19,0,0,23,523,0.2631578947368421,0.3684210526315789,0.3157894736842105,0.05263157894736842,104.78947368421052,0.35359116022099446,0.4284279256654947,0.055750878955298844,3,1,3,3.2421273217938618,-1.42985996063685,High-Value Elite
4686,1962,PhD,Widow,82571.0,0,0,2014-02-04,28,861,31,558,62,95,79,0,6,5,13,2,0,0,1,0,0,0,0,1686,24,0,0,52,306,0.25,0.5416666666666666,0.20833333333333334,0.0,70.25,0.5106761565836299,0.3309608540925267,0.0468564650059312,1,1,3,3.7794829481820287,-1.442101075381672,High-Value Elite
1381,1982,PhD,Single,38513.0,1,0,2013-07-02,20,172,3,115,16,0,18,5,6,1,5,8,0,0,0,0,0,0,1,324,17,1,1,32,523,0.35294117647058826,0.29411764705882354,0.058823529411764705,0.29411764705882354,19.058823529411764,0.5308641975308642,0.3549382716049383,0.05555555555555555,0,0,2,-0.7849668083673499,1.7442796768840214,Deal & Discount Hunters
2634,1979,Master,Single,16653.0,1,0,2013-07-02,10,5,7,31,15,4,7,3,2,1,3,6,0,0,0,0,0,0,1,69,9,1,1,35,523,0.2222222222222222,0.3333333333333333,0.1111111111111111,0.3333333333333333,7.666666666666667,0.07246376811594203,0.4492753623188406,0.10144927536231885,0,0,1,-2.194695219454436,-0.023286411110303946,Occasional / Low-Engagement
10905,1955,Graduation,Together,42586.0,1,1,2013-07-02,7,194,2,56,0,0,0,5,4,1,6,8,0,0,0,0,0,0,1,252,16,2,1,59,523,0.25,0.375,0.0625,0.3125,15.75,0.7698412698412699,0.2222222222222222,0.0,0,0,2,-1.2238269840188978,1.984065991447303,Deal & Discount Hunters
1744,1965,Basic,Single,23529.0,0,1,2013-07-01,67,9,7,13,3,2,20,1,1,1,2,6,0,0,0,0,0,0,0,54,5,1,1,49,524,0.2,0.4,0.2,0.2,10.8,0.16666666666666666,0.24074074074074073,0.37037037037037035,0,0,1,-2.4878697697897993,-1.03896286703299,Occasional / Low-Engagement
1000,1961,Master,Together,74881.0,1,1,2013-08-03,48,505,72,270,36,27,54,4,9,2,12,5,0,0,0,0,0,0,0,964,27,2,1,53,491,0.3333333333333333,0.4444444444444444,0.07407407407407407,0.14814814814814814,35.7037037037037,0.5238589211618258,0.2800829875518672,0.056016597510373446,0,0,0,2.140204487362924,2.203638889315623,Digital Convenience Shoppers
3828,1951,Graduation,Married,71107.0,0,1,2013-07-02,61,533,10,217,198,174,195,2,7,6,13,4,0,0,0,0,0,0,0,1327,28,1,1,63,523,0.25,0.4642857142857143,0.21428571428571427,0.07142857142857142,47.392857142857146,0.40165787490580257,0.16352675207234363,0.146948003014318,0,0,0,3.2538115176200133,0.671380184998652,Digital Convenience Shoppers
8605,1964,PhD,Together,46910.0,1,1,2013-07-02,36,48,0,14,0,0,6,2,2,0,3,6,0,0,0,0,0,0,0,68,7,2,1,50,523,0.2857142857142857,0.42857142857142855,0.0,0.2857142857142857,9.714285714285714,0.7058823529411765,0.20588235294117646,0.08823529411764706,0,0,1,-2.179845373684778,-0.04207786808678418,Occasional / Low-Engagement
10304,1959,Graduation,Married,18690.0,0,0,2013-07-02,77,6,1,7,23,4,19,1,1,1,2,8,0,0,0,0,0,0,0,60,5,0,0,55,523,0.2,0.4,0.2,0.2,12.0,0.1,0.11666666666666667,0.31666666666666665,0,0,1,-2.4882475459695717,-1.207398077415559,Occasional / Low-Engagement
4351,1955,Graduation,Divorced,37244.0,1,1,2013-07-02,90,18,2,10,0,0,25,1,1,1,2,7,1,0,0,0,0,0,0,55,5,2,1,59,523,0.2,0.4,0.2,0.2,11.0,0.32727272727272727,0.18181818181818182,0.45454545454545453,1,1,1,-2.660277252675301,-0.42898395073895007,Occasional / Low-Engagement
10129,1966,Graduation,Together,82427.0,0,0,2014-12-03,35,482,147,509,104,107,107,1,3,5,12,1,0,0,1,0,0,0,0,1456,21,0,0,48,4,0.14285714285714285,0.5714285714285714,0.23809523809523808,0.047619047619047616,69.33333333333333,0.33104395604395603,0.34958791208791207,0.07348901098901099,1,1,3,3.0958701896763214,-2.1979108586813054,High-Value Elite
2499,1958,2n Cycle,Single,75342.0,0,1,2013-06-05,38,204,97,97,21,118,26,1,5,2,10,4,0,0,0,0,0,0,0,563,18,1,1,56,550,0.2777777777777778,0.5555555555555556,0.1111111111111111,0.05555555555555555,31.27777777777778,0.3623445825932504,0.17229129662522202,0.046181172291296625,0,0,0,1.2001175683670213,-0.2941549775980802,Digital Convenience Shoppers
10092,1954,Graduation,Divorced,70044.0,0,1,2013-07-02,46,1073,0,250,153,14,14,4,7,10,5,5,0,0,0,0,0,0,0,1504,26,1,1,60,523,0.2692307692307692,0.19230769230769232,0.38461538461538464,0.15384615384615385,57.84615384615385,0.7134308510638298,0.16622340425531915,0.009308510638297872,0,0,0,2.7344034184501873,1.0804153450312994,Digital Convenience Shoppers
7500,1967,Graduation,Single,79146.0,1,1,2013-07-02,33,245,16,223,21,43,16,2,8,1,8,6,0,0,0,0,0,0,0,564,19,2,1,47,523,0.42105263157894735,0.42105263157894735,0.05263157894736842,0.10526315789473684,29.68421052631579,0.43439716312056736,0.3953900709219858,0.028368794326241134,0,0,0,0.7197693896007872,1.1923754054572666,Digital Convenience Shoppers
5796,1963,Graduation,Married,77437.0,0,0,2013-07-02,70,560,21,442,29,44,29,1,4,5,13,1,0,0,1,0,0,0,0,1125,23,0,0,51,523,0.17391304347826086,0.5652173913043478,0.21739130434782608,0.043478260869565216,48.91304347826087,0.49777777777777776,0.3928888888888889,0.025777777777777778,1,1,3,3.190920966307494,-1.248458538485284,High-Value Elite
10556,1959,Graduation,Married,54984.0,0,1,2013-07-02,51,173,13,131,32,3,6,4,6,1,6,7,0,0,0,1,0,0,0,358,17,1,1,55,523,0.35294117647058826,0.35294117647058826,0.058823529411764705,0.23529411764705882,21.058823529411764,0.48324022346368717,0.3659217877094972,0.01675977653631285,1,1,2,-0.21683720466761652,1.2065279090393104,Deal & Discount Hunters
1064,1971,PhD,Married,42403.0,1,0,2013-11-12,18,22,1,11,0,5,3,1,1,0,3,8,0,0,0,0,0,0,0,42,5,1,1,43,390,0.2,0.6,0.0,0.2,8.4,0.5238095238095238,0.2619047619047619,0.07142857142857142,0,0,1,-2.4295596425104056,-0.9105353128060807,Occasional / Low-Engagement
48,1964,Graduation,Together,55761.0,0,1,2013-07-02,97,136,1,12,0,3,32,2,4,1,3,6,0,1,0,0,0,0,0,184,10,1,1,50,523,0.4,0.3,0.1,0.2,18.4,0.7391304347826086,0.06521739130434782,0.17391304347826086,1,1,1,-1.1106772103201008,-0.25171418351586866,Occasional / Low-Engagement
7610,1983,Graduation,Together,37292.0,1,0,2013-07-02,32,275,0,86,10,23,66,5,6,3,5,8,0,0,0,0,0,0,0,460,19,1,1,31,523,0.3157894736842105,0.2631578947368421,0.15789473684210525,0.2631578947368421,24.210526315789473,0.5978260869565217,0.18695652173913044,0.14347826086956522,0,0,2,-0.34213503727181566,1.7919373714277171,Deal & Discount Hunters
263,1945,PhD,Single,45576.0,0,0,2013-07-02,9,56,19,29,2,14,25,1,3,1,3,8,0,0,0,0,0,0,1,145,8,0,0,69,523,0.375,0.375,0.125,0.125,18.125,0.38620689655172413,0.2,0.1724137931034483,0,0,1,-1.4670154001484488,-0.9064017727002258,Occasional / Low-Engagement
10814,1947,Graduation,Together,70321.0,0,0,2013-07-02,6,303,23,751,82,26,191,1,6,5,13,4,0,0,0,0,0,0,1,1376,25,0,0,67,523,0.24,0.52,0.2,0.04,55.04,0.22020348837209303,0.5457848837209303,0.13880813953488372,0,0,3,3.1864166017515303,-0.3901550489346275,High-Value Elite
9710,1969,PhD,Divorced,58086.0,0,1,2013-07-02,80,708,7,62,0,0,15,2,11,3,7,8,0,0,0,0,0,0,0,792,23,1,1,45,523,0.4782608695652174,0.30434782608695654,0.13043478260869565,0.08695652173913043,34.43478260869565,0.8939393939393939,0.07828282828282829,0.01893939393939394,0,0,0,1.254430600060246,1.5593742800914507,Digital Convenience Shoppers
9292,1952,Graduation,Married,81795.0,0,0,2013-07-02,74,324,132,693,27,118,88,1,4,11,7,2,0,0,0,0,0,0,0,1382,23,0,0,62,523,0.17391304347826086,0.30434782608695654,0.4782608695652174,0.043478260869565216,60.08695652173913,0.23444283646888567,0.5014471780028944,0.06367583212735166,0,0,3,3.436332627962208,-1.4051764577998838,High-Value Elite
10250,1947,Basic,Together,28389.0,0,0,2013-07-02,49,1,5,3,7,4,8,1,1,0,2,7,0,0,0,0,0,0,0,28,4,0,0,67,523,0.25,0.5,0.0,0.25,7.0,0.03571428571428571,0.10714285714285714,0.2857142857142857,0,0,1,-2.405870239140542,-1.4322689358934717,Occasional / Low-Engagement
7881,1946,Master,Married,66835.0,0,0,2013-07-02,21,620,26,195,34,17,141,1,6,4,13,2,0,0,0,0,0,0,0,1033,24,0,0,68,523,0.25,0.5416666666666666,0.16666666666666666,0.041666666666666664,43.041666666666664,0.6001936108422071,0.1887705711519845,0.13649564375605033,0,0,3,2.9350288420032142,-0.7124952303949151,High-Value Elite
5847,1969,Graduation,Divorced,69901.0,0,1,2013-07-02,95,312,21,206,102,92,149,3,7,3,10,5,0,0,0,0,0,0,0,882,23,1,1,45,523,0.30434782608695654,0.43478260869565216,0.13043478260869565,0.13043478260869565,38.34782608695652,0.35374149659863946,0.23356009070294784,0.1689342403628118,0,0,0,1.808425926985745,0.9241629182307549,Digital Convenience Shoppers
737,1949,PhD,Married,80360.0,0,0,2013-03-03,56,1493,86,454,112,43,43,2,4,4,5,2,0,1,1,1,0,0,0,2231,15,0,0,65,644,0.26666666666666666,0.3333333333333333,0.26666666666666666,0.13333333333333333,148.73333333333332,0.6692066337965038,0.20349619004930525,0.01927386822052891,3,1,3,2.439795631871701,-1.248428285691869,High-Value Elite
3571,1961,PhD,Together,63342.0,0,1,2013-07-02,48,918,21,118,13,10,21,3,8,3,5,6,0,1,0,0,0,0,1,1101,19,1,1,53,523,0.42105263157894735,0.2631578947368421,0.15789473684210525,0.15789473684210525,57.94736842105263,0.8337874659400545,0.10717529518619437,0.01907356948228883,1,1,0,1.0343642286403025,0.9136659588177796,Digital Convenience Shoppers
7807,1974,Graduation,Married,44989.0,0,1,2012-12-09,26,98,0,106,49,10,106,5,5,1,5,6,0,0,0,0,0,0,0,369,16,1,1,40,728,0.3125,0.3125,0.0625,0.3125,23.0625,0.26558265582655827,0.2872628726287263,0.2872628726287263,0,0,2,-0.5245120563133514,1.4831855572371215,Deal & Discount Hunters
3878,1980,2n Cycle,Single,31859.0,1,0,2013-07-02,3,3,4,7,15,8,11,1,1,0,3,7,0,0,0,0,0,0,0,48,5,1,1,34,523,0.2,0.6,0.0,0.2,9.6,0.0625,0.14583333333333334,0.22916666666666666,0,0,1,-2.4851172012911884,-0.851720852163018,Occasional / Low-Engagement
5092,1949,PhD,Widow,51569.0,0,1,2013-12-02,39,380,0,47,6,0,34,4,7,1,7,8,0,1,0,0,0,0,1,467,19,1,1,65,370,0.3684210526315789,0.3684210526315789,0.05263157894736842,0.21052631578947367,24.57894736842105,0.8137044967880086,0.1006423982869379,0.0728051391862955,1,1,2,-0.023564107649358373,1.4247511509168933,Deal & Discount Hunters
2154,1971,Graduation,Widow,30372.0,1,1,2013-07-02,33,15,0,12,7,3,7,3,2,0,3,7,0,0,0,0,0,0,0,44,8,2,1,43,523,0.25,0.375,0.0,0.375,5.5,0.3409090909090909,0.2727272727272727,0.1590909090909091,0,0,1,-2.5691232990503625,0.5632479854374434,Occasional / Low-Engagement
5394,1979,Basic,Single,16014.0,1,1,2013-07-02,42,3,9,4,7,8,7,4,1,1,4,3,0,0,0,0,0,0,0,38,10,2,1,35,523,0.1,0.4,0.1,0.4,3.8,0.07894736842105263,0.10526315789473684,0.18421052631578946,0,0,1,-2.1288978575482447,0.2692600753598479,Occasional / Low-Engagement
3798,1968,Graduation,Married,41120.0,1,1,2013-06-11,80,24,2,23,0,8,24,3,2,1,3,6,0,0,0,0,0,0,0,81,9,2,1,46,544,0.2222222222222222,0.3333333333333333,0.1111111111111111,0.3333333333333333,9.0,0.2962962962962963,0.2839506172839506,0.2962962962962963,0,0,1,-2.031825438925356,0.393469600884791,Occasional / Low-Engagement
3524,1971,Master,Single,39763.0,1,0,2013-04-08,9,80,1,60,4,6,16,2,5,1,2,9,0,0,0,0,0,0,1,167,10,1,1,43,608,0.5,0.2,0.1,0.2,16.7,0.47904191616766467,0.3592814371257485,0.09580838323353294,0,0,1,-1.7801239478695154,0.5343807422005967,Occasional / Low-Engagement
5247,1955,PhD,Married,38725.0,1,1,2014-10-05,52,31,0,6,2,1,5,2,1,0,4,4,0,0,0,0,0,0,0,45,7,2,1,59,63,0.14285714285714285,0.5714285714285714,0.0,0.2857142857142857,6.428571428571429,0.6888888888888889,0.13333333333333333,0.1111111111111111,0,0,1,-2.1765157719949815,-1.0276211405898736,Occasional / Low-Engagement
5883,1972,Graduation,Married,77981.0,1,0,2013-07-02,78,138,120,204,16,126,60,3,7,4,7,5,0,0,0,0,0,0,0,664,21,1,1,42,523,0.3333333333333333,0.3333333333333333,0.19047619047619047,0.14285714285714285,31.61904761904762,0.20783132530120482,0.3072289156626506,0.09036144578313253,0,0,0,1.4849924704643525,0.7087283500628759,Digital Convenience Shoppers
2118,1964,2n Cycle,Married,62905.0,0,1,2013-10-09,68,166,75,96,119,107,59,3,7,2,8,4,0,0,0,0,0,0,0,622,20,1,1,50,424,0.35,0.4,0.1,0.15,31.1,0.26688102893890675,0.15434083601286175,0.09485530546623794,0,0,0,1.0744044559993127,0.5090013579172147,Digital Convenience Shoppers
8812,1979,2n Cycle,Divorced,13533.0,1,0,2013-10-03,45,12,3,8,8,0,17,2,2,0,3,7,0,0,0,0,0,0,0,48,7,1,1,35,430,0.2857142857142857,0.42857142857142855,0.0,0.2857142857142857,6.857142857142857,0.25,0.16666666666666666,0.3541666666666667,0,0,1,-2.623570178131944,-0.36597263677454395,Occasional / Low-Engagement
6616,1975,Graduation,Together,59481.0,0,1,2013-07-02,47,178,3,85,71,66,58,2,3,3,8,2,0,0,0,0,0,0,0,461,16,1,1,39,523,0.1875,0.5,0.1875,0.125,28.8125,0.38611713665943603,0.1843817787418655,0.12581344902386118,0,0,0,0.6510500487632153,-0.6736479914651022,Digital Convenience Shoppers
2797,1977,Graduation,Married,72117.0,0,1,2013-07-02,34,707,20,171,65,60,50,1,9,7,9,5,0,0,0,0,0,0,0,1073,26,1,1,37,523,0.34615384615384615,0.34615384615384615,0.2692307692307692,0.038461538461538464,41.26923076923077,0.6589002795899348,0.15936626281453867,0.046598322460391424,0,0,0,2.754888785939363,0.5505166378253799,Digital Convenience Shoppers
4328,1986,2n Cycle,Married,21955.0,1,0,2013-07-09,81,5,1,7,17,14,11,2,2,1,3,6,0,0,0,0,0,0,0,55,8,1,1,28,516,0.25,0.375,0.125,0.25,6.875,0.09090909090909091,0.12727272727272726,0.2,0,0,1,-2.1416161477809688,-0.4369428477024114,Occasional / Low-Engagement
9167,1956,Graduation,Married,67131.0,0,1,2013-07-02,72,465,71,250,93,35,62,3,9,2,12,6,0,0,0,0,0,0,0,976,26,1,1,58,523,0.34615384615384615,0.46153846153846156,0.07692307692307693,0.11538461538461539,37.53846153846154,0.4764344262295082,0.25614754098360654,0.06352459016393443,0,0,0,2.165902606687521,1.5573782428429541,Digital Convenience Shoppers
10560,1980,PhD,Single,36802.0,1,0,2013-07-02,23,16,1,2,0,0,1,1,1,0,3,5,0,0,0,0,0,0,0,20,5,1,1,34,523,0.2,0.6,0.0,0.2,4.0,0.8,0.1,0.05,0,0,1,-2.1773141691268623,-1.2035499271856553,Occasional / Low-Engagement
2631,1982,Graduation,Together,71853.0,0,0,2013-08-05,29,358,108,413,141,97,32,1,2,8,6,1,0,0,0,0,0,0,0,1149,17,0,0,32,489,0.11764705882352941,0.35294117647058826,0.47058823529411764,0.058823529411764705,67.58823529411765,0.31157528285465624,0.35944299390774587,0.0278503046127067,0,0,3,2.158561353252468,-2.034968357611836,High-Value Elite
8312,1961,Basic,Married,28249.0,0,0,2013-07-02,80,1,9,7,2,14,10,1,2,0,3,6,0,0,0,0,0,0,0,43,6,0,0,53,523,0.3333333333333333,0.5,0.0,0.16666666666666666,7.166666666666667,0.023255813953488372,0.16279069767441862,0.23255813953488372,0,0,1,-1.9513786653320806,-1.3608692161991742,Occasional / Low-Engagement
5534,1975,Master,Married,47808.0,0,1,2013-07-02,30,123,1,26,2,0,72,2,3,2,3,7,1,0,0,0,0,0,0,224,10,1,1,39,523,0.3,0.3,0.2,0.2,22.4,0.5491071428571429,0.11607142857142858,0.32142857142857145,1,1,1,-1.3323034773339568,-0.1826474804204207,Occasional / Low-Engagement
5093,1974,PhD,Divorced,25509.0,1,0,2013-07-02,15,40,3,30,10,7,11,3,3,0,3,9,0,0,0,0,0,0,1,101,9,1,1,40,523,0.3333333333333333,0.3333333333333333,0.0,0.3333333333333333,11.222222222222221,0.39603960396039606,0.297029702970297,0.10891089108910891,0,0,1,-2.383373960099541,0.5674606378371538,Occasional / Low-Engagement
7592,1946,PhD,Married,51012.0,0,0,2013-07-02,86,102,9,63,2,9,24,1,4,1,4,6,0,0,0,0,0,0,0,209,10,0,0,68,523,0.4,0.4,0.1,0.1,20.9,0.4880382775119617,0.3014354066985646,0.11483253588516747,0,0,1,-0.7500935595577486,-1.0358278052355818,Occasional / Low-Engagement
8895,1985,Graduation,Single,70596.0,0,0,2012-05-10,68,347,44,534,17,0,26,1,3,5,12,2,0,0,0,0,0,0,0,968,21,0,0,29,941,0.14285714285714285,0.5714285714285714,0.23809523809523808,0.047619047619047616,46.095238095238095,0.3584710743801653,0.5516528925619835,0.026859504132231406,0,0,3,2.58392807874731,-0.7439082762626333,High-Value Elite
8584,1952,PhD,Together,85431.0,0,0,2013-08-06,54,376,53,462,168,53,53,1,2,7,7,0,0,0,0,0,0,0,0,1165,17,0,0,62,488,0.11764705882352941,0.4117647058823529,0.4117647058823529,0.058823529411764705,68.52941176470588,0.32274678111587984,0.3965665236051502,0.045493562231759654,0,0,3,2.5239954094275414,-2.218460820849119,High-Value Elite
2694,1967,Graduation,Married,42664.0,0,1,2013-07-02,44,21,0,3,0,0,0,1,1,0,3,6,0,0,0,0,0,0,0,24,5,1,1,47,523,0.2,0.6,0.0,0.2,4.8,0.875,0.125,0.0,0,0,1,-2.1780240078643573,-1.070572118878017,Occasional / Low-Engagement
8910,1955,Graduation,Together,42586.0,1,1,2013-07-02,7,194,2,56,0,0,0,5,4,1,6,8,0,0,0,0,0,0,1,252,16,2,1,59,523,0.25,0.375,0.0625,0.3125,15.75,0.7698412698412699,0.2222222222222222,0.0,0,0,2,-1.2238269840188978,1.984065991447303,Deal & Discount Hunters
7433,1985,Graduation,Single,29760.0,1,0,2013-07-02,87,64,4,68,7,5,17,4,3,1,4,8,0,0,0,0,0,0,0,165,12,1,1,29,523,0.25,0.3333333333333333,0.08333333333333333,0.3333333333333333,13.75,0.3878787878787879,0.4121212121212121,0.10303030303030303,0,0,1,-1.7292516584948372,0.8327319846219797,Occasional / Low-Engagement
164,1977,PhD,Married,28973.0,0,0,2013-07-02,59,206,0,46,3,2,12,2,5,1,5,8,0,0,0,0,0,0,0,269,13,0,0,37,523,0.38461538461538464,0.38461538461538464,0.07692307692307693,0.15384615384615385,20.692307692307693,0.7657992565055762,0.17100371747211895,0.04460966542750929,0,0,1,-0.9793251997210924,-0.00016794644239851122,Occasional / Low-Engagement
10477,1973,PhD,Together,39435.0,1,0,2013-06-08,16,71,0,18,0,0,13,1,3,1,2,7,0,0,0,0,0,0,0,102,7,1,1,41,547,0.42857142857142855,0.2857142857142857,0.14285714285714285,0.14285714285714285,14.571428571428571,0.696078431372549,0.17647058823529413,0.12745098039215685,0,0,1,-1.9705055786171843,-0.5713670461689426,Occasional / Low-Engagement
2681,1984,2n Cycle,Married,65370.0,0,0,2013-01-08,1,71,22,112,138,89,29,1,2,3,13,1,0,0,0,0,0,0,0,461,19,0,0,30,698,0.10526315789473684,0.6842105263157895,0.15789473684210525,0.05263157894736842,24.263157894736842,0.1540130151843818,0.24295010845986983,0.06290672451193059,0,0,3,1.839645054267033,-1.304649784582347,High-Value Elite
5150,1979,Basic,Single,20194.0,1,0,2013-07-02,64,0,4,7,11,10,15,2,2,0,3,6,0,0,0,0,0,0,0,47,7,1,1,35,523,0.2857142857142857,0.42857142857142855,0.0,0.2857142857142857,6.714285714285714,0.0,0.14893617021276595,0.3191489361702128,0,0,1,-2.366280048249958,-0.4421256460744778,Occasional / Low-Engagement
5283,1976,PhD,Single,42473.0,1,1,2013-07-02,72,93,1,21,0,4,25,3,2,1,4,5,0,0,0,0,0,0,0,144,10,2,1,38,523,0.2,0.4,0.1,0.3,14.4,0.6458333333333334,0.14583333333333334,0.1736111111111111,0,0,1,-1.6851158073540253,0.2686602068936977,Occasional / Low-Engagement
9645,1968,Graduation,Married,64590.0,0,0,2013-07-02,98,920,138,168,36,46,30,1,9,4,10,6,0,0,0,0,0,0,0,1338,24,0,0,46,523,0.375,0.4166666666666667,0.16666666666666666,0.041666666666666664,55.75,0.6875934230194319,0.12556053811659193,0.02242152466367713,0,0,0,2.6267859818494346,0.20118827954134452,Digital Convenience Shoppers
10678,1959,Graduation,Together,71232.0,0,1,2013-07-02,91,653,17,170,34,26,17,2,11,2,10,7,0,0,0,0,0,0,0,917,25,1,1,55,523,0.44,0.4,0.08,0.08,36.68,0.7121046892039259,0.18538713195201745,0.018538713195201745,0,0,0,2.019220061765836,1.5237779481243896,Digital Convenience Shoppers
7261,1971,Graduation,Together,34600.0,1,1,2013-01-01,8,199,33,60,8,3,15,5,5,2,5,8,0,0,0,0,0,0,1,318,17,2,1,43,705,0.29411764705882354,0.29411764705882354,0.11764705882352941,0.29411764705882354,18.705882352941178,0.6257861635220126,0.18867924528301888,0.04716981132075472,0,0,2,-1.1212405333074096,2.372524673351499,Deal & Discount Hunters
9648,1967,Graduation,Single,46904.0,1,1,2012-03-11,20,153,4,56,0,9,31,4,5,1,4,8,0,0,0,0,0,0,0,253,14,2,1,47,1001,0.35714285714285715,0.2857142857142857,0.07142857142857142,0.2857142857142857,18.071428571428573,0.6047430830039525,0.22134387351778656,0.1225296442687747,0,0,2,-1.2887058041157848,2.237374061056322,Deal & Discount Hunters
2870,1973,Graduation,Married,49094.0,0,1,2013-07-02,6,376,0,38,11,8,69,5,6,3,6,6,0,0,0,0,0,0,0,502,20,1,1,41,523,0.3,0.3,0.15,0.25,25.1,0.749003984063745,0.07569721115537849,0.13745019920318724,0,0,2,0.2981802234625795,1.4896533642097156,Deal & Discount Hunters
8008,1983,Graduation,Together,36075.0,1,0,2013-09-12,54,46,0,30,12,1,30,1,2,0,4,6,0,0,0,0,0,0,0,119,7,1,1,31,451,0.2857142857142857,0.5714285714285714,0.0,0.14285714285714285,17.0,0.3865546218487395,0.25210084033613445,0.25210084033613445,0,0,1,-1.9190766144825102,-0.9005644867075242,Occasional / Low-Engagement
1513,1979,2n Cycle,Together,60839.0,1,1,2013-07-02,72,600,21,128,223,150,128,13,2,2,12,8,0,0,0,0,0,0,0,1250,29,2,1,35,523,0.06896551724137931,0.41379310344827586,0.06896551724137931,0.4482758620689655,43.10344827586207,0.48,0.1024,0.1024,0,0,2,1.0826580576988418,4.90089747874642,Deal & Discount Hunters
6173,1979,Graduation,Together,77298.0,0,1,2013-02-11,46,425,115,292,23,35,79,1,6,6,11,3,0,0,0,0,0,0,0,969,24,1,1,35,664,0.25,0.4583333333333333,0.25,0.041666666666666664,40.375,0.43859649122807015,0.3013415892672859,0.08152734778121776,0,0,0,2.715259996030622,0.004278308087267782,Digital Convenience Shoppers
1419,1950,Graduation,Together,34026.0,1,1,2013-05-08,11,18,6,15,12,8,17,3,2,1,3,5,0,0,0,0,0,0,0,76,9,2,1,64,578,0.2222222222222222,0.3333333333333333,0.1111111111111111,0.3333333333333333,8.444444444444445,0.23684210526315788,0.19736842105263158,0.2236842105263158,0,0,1,-2.059069201644835,0.3205028764772626,Occasional / Low-Engagement
9150,1963,PhD,Single,48918.0,1,1,2014-12-04,21,52,0,9,0,0,1,2,1,0,4,4,0,0,0,0,0,0,0,62,7,2,1,51,3,0.14285714285714285,0.5714285714285714,0.0,0.2857142857142857,8.857142857142858,0.8387096774193549,0.14516129032258066,0.016129032258064516,0,0,1,-1.9932471608444804,-1.144970790959375,Occasional / Low-Engagement
7960,1962,2n Cycle,Together,82122.0,0,0,2013-07-02,89,734,22,350,151,25,100,1,3,9,13,1,0,0,1,0,0,0,0,1382,26,0,0,52,523,0.11538461538461539,0.5,0.34615384615384615,0.038461538461538464,53.15384615384615,0.5311143270622286,0.2532561505065123,0.0723589001447178,1,1,3,4.0395448401788645,-1.3507820393411418,High-Value Elite
1250,1976,Graduation,Single,37697.0,1,0,2014-07-02,82,34,6,21,11,4,8,1,2,1,3,6,0,0,0,0,0,0,0,84,7,1,1,38,158,0.2857142857142857,0.42857142857142855,0.14285714285714285,0.14285714285714285,12.0,0.40476190476190477,0.25,0.09523809523809523,0,0,1,-1.9386425961897762,-1.340477990781679,Occasional / Low-Engagement
9905,1952,Graduation,Together,34074.0,1,1,2013-07-02,69,135,1,41,10,1,67,5,3,3,3,6,1,0,0,0,0,0,0,255,14,2,1,62,523,0.21428571428571427,0.21428571428571427,0.21428571428571427,0.35714285714285715,18.214285714285715,0.5294117647058824,0.1607843137254902,0.2627450980392157,1,1,2,-1.4238324081091032,1.3437546588358724,Deal & Discount Hunters
10691,1960,Master,Married,28520.0,1,1,2013-07-02,55,11,0,10,0,2,20,1,1,1,2,6,0,0,0,0,0,0,0,43,5,2,1,54,523,0.2,0.4,0.2,0.2,8.6,0.2558139534883721,0.23255813953488372,0.46511627906976744,0,0,1,-2.7208203247995515,-0.5458675359334638,Occasional / Low-Engagement
7002,1955,Graduation,Single,62535.0,0,1,2013-03-10,13,163,48,90,0,45,52,1,3,2,8,3,0,0,0,0,0,0,0,398,14,1,1,59,637,0.21428571428571427,0.5714285714285714,0.14285714285714285,0.07142857142857142,28.428571428571427,0.40954773869346733,0.22613065326633167,0.1306532663316583,0,0,0,0.3262125479063443,-0.757349639375277,Digital Convenience Shoppers
2952,1977,Master,Single,36273.0,1,0,2013-07-02,80,29,3,30,3,2,9,2,3,0,3,6,0,0,0,0,0,0,0,76,8,1,1,37,523,0.375,0.375,0.0,0.25,9.5,0.3815789473684211,0.39473684210526316,0.11842105263157894,0,0,1,-1.8895151409824098,-0.3501856123437369,Occasional / Low-Engagement
8439,1964,Graduation,Together,63404.0,0,2,2014-06-06,97,734,26,70,11,44,17,2,6,3,4,4,0,0,0,1,0,0,0,902,15,2,1,50,184,0.4,0.26666666666666666,0.2,0.13333333333333333,60.13333333333333,0.8137472283813747,0.07760532150776053,0.018847006651884702,1,1,0,0.23960924017706214,-0.11748939190851794,Digital Convenience Shoppers
762,1981,2n Cycle,Together,75774.0,1,0,2014-02-05,27,340,21,134,258,14,56,1,7,5,8,4,0,0,0,0,0,0,0,823,21,1,1,33,305,0.3333333333333333,0.38095238095238093,0.23809523809523808,0.047619047619047616,39.19047619047619,0.4131227217496962,0.16281895504252733,0.06804374240583232,0,0,0,1.8780076470016442,-0.3596954869372953,Digital Convenience Shoppers
2831,1976,Graduation,Together,78416.0,0,1,2013-07-02,99,453,38,279,188,38,183,2,7,7,10,3,0,0,0,0,0,0,0,1179,26,1,1,38,523,0.2692307692307692,0.38461538461538464,0.2692307692307692,0.07692307692307693,45.34615384615385,0.3842239185750636,0.2366412213740458,0.15521628498727735,0,0,0,3.0923033349991655,0.28008701635184546,Digital Convenience Shoppers
6977,1974,Graduation,Together,75702.0,0,1,2013-07-02,87,1073,0,629,145,37,37,1,10,5,13,6,0,0,1,0,0,0,0,1921,29,1,1,40,523,0.3448275862068966,0.4482758620689655,0.1724137931034483,0.034482758620689655,66.24137931034483,0.5585632483081728,0.3274336283185841,0.019260801665799063,1,1,0,3.762041574246247,1.0513637198555135,Digital Convenience Shoppers
6289,1951,Master,Together,59385.0,1,1,2013-07-02,85,135,0,10,0,4,36,2,3,1,4,5,0,0,0,0,0,0,0,185,10,2,1,63,523,0.3,0.4,0.1,0.2,18.5,0.7297297297297297,0.05405405405405406,0.1945945945945946,0,0,1,-1.2340658976009127,-0.009749347245991767,Occasional / Low-Engagement
4168,1966,Graduation,Single,37070.0,1,1,2013-07-02,30,231,7,137,4,15,39,9,5,1,8,7,0,0,0,0,0,0,1,433,23,2,1,48,523,0.21739130434782608,0.34782608695652173,0.043478260869565216,0.391304347826087,18.82608695652174,0.5334872979214781,0.3163972286374134,0.09006928406466513,0,0,2,-0.39264090601346824,3.6122632628885767,Deal & Discount Hunters
8397,1951,Graduation,Married,44689.0,1,1,2014-10-01,82,18,0,5,0,0,11,2,1,1,2,7,1,0,0,0,0,0,0,34,6,2,1,63,67,0.16666666666666666,0.3333333333333333,0.16666666666666666,0.3333333333333333,5.666666666666667,0.5294117647058824,0.14705882352941177,0.3235294117647059,1,1,1,-2.5653664077019895,-0.6852892096308992,Occasional / Low-Engagement
9284,1958,Graduation,Together,53977.0,0,1,2013-08-06,21,620,16,165,0,24,82,5,5,5,12,5,0,0,0,0,0,0,0,907,27,1,1,56,488,0.18518518518518517,0.4444444444444444,0.18518518518518517,0.18518518518518517,33.592592592592595,0.6835722160970231,0.1819184123484013,0.09040793825799338,0,0,0,1.9975082330839973,1.560762531068602,Digital Convenience Shoppers
6237,1966,PhD,Single,7144.0,0,2,2013-07-12,92,81,4,33,5,2,291,0,23,1,1,0,0,0,0,0,0,0,0,416,25,2,1,48,513,0.92,0.04,0.04,0.0,16.64,0.19471153846153846,0.07932692307692307,0.6995192307692307,0,0,0,1.082342104829632,1.7817791547511062,Digital Convenience Shoppers
3130,1964,Graduation,Single,18701.0,1,1,2013-04-06,95,12,4,2,10,6,10,4,2,0,4,5,0,0,0,0,0,0,0,44,10,2,1,50,610,0.2,0.4,0.0,0.4,4.4,0.2727272727272727,0.045454545454545456,0.22727272727272727,0,0,1,-2.3089550352437875,0.8279103797286793,Occasional / Low-Engagement
1619,1956,Graduation,Married,90369.0,0,0,2013-07-02,2,292,51,981,224,23,17,1,4,6,6,1,0,0,0,0,0,0,1,1588,17,0,0,58,523,0.23529411764705882,0.35294117647058826,0.35294117647058826,0.058823529411764705,93.41176470588235,0.18387909319899245,0.6177581863979849,0.010705289672544081,0,0,3,2.74972280827136,-1.8071782769011293,High-Value Elite
1990,1974,PhD,Single,63159.0,0,0,2012-05-11,74,965,34,586,89,86,37,1,3,5,8,3,1,0,0,0,0,0,0,1797,17,0,0,40,940,0.17647058823529413,0.47058823529411764,0.29411764705882354,0.058823529411764705,105.70588235294117,0.5370061213132999,0.32609905397885364,0.020589872008903727,1,1,3,2.2382807318561415,-0.8909326276516993,High-Value Elite
5513,1966,Graduation,Together,37758.0,1,1,2012-04-10,49,27,2,10,0,0,1,2,1,0,3,8,0,0,0,0,0,0,0,40,6,2,1,48,971,0.16666666666666666,0.5,0.0,0.3333333333333333,6.666666666666667,0.675,0.25,0.025,0,0,1,-2.6805504620180174,0.7388351206874157,Occasional / Low-Engagement
269,1963,PhD,Single,46757.0,0,1,2013-07-02,71,777,30,163,0,51,122,6,4,4,7,9,0,0,0,0,0,0,0,1143,21,1,1,51,523,0.19047619047619047,0.3333333333333333,0.19047619047619047,0.2857142857142857,54.42857142857143,0.6797900262467191,0.1426071741032371,0.10673665791776028,0,0,2,0.4520973219908631,2.072210355517014,Deal & Discount Hunters
8093,1969,Master,Married,79734.0,0,0,2013-07-02,72,572,8,232,23,62,17,1,4,3,6,1,0,0,0,1,0,0,0,914,14,0,0,45,523,0.2857142857142857,0.42857142857142855,0.21428571428571427,0.07142857142857142,65.28571428571429,0.6258205689277899,0.2538293216630197,0.018599562363238512,1,1,3,1.548169027904456,-1.8166125888050741,High-Value Elite
10513,1992,Graduation,Together,63207.0,0,0,2013-07-02,68,438,169,565,91,169,70,1,2,3,6,7,0,0,0,1,0,0,0,1502,12,0,0,22,523,0.16666666666666666,0.5,0.25,0.08333333333333333,125.16666666666667,0.29161118508655126,0.37616511318242346,0.04660452729693742,1,1,3,0.6411425900448767,-1.1294176517729706,High-Value Elite
10177,1954,Graduation,Divorced,72071.0,0,1,2013-07-02,4,531,69,300,150,138,150,3,5,4,8,2,0,0,0,0,0,0,0,1338,20,1,1,60,523,0.25,0.4,0.2,0.15,66.9,0.3968609865470852,0.2242152466367713,0.11210762331838565,0,0,0,2.029370608130421,-0.03939812375548107,Digital Convenience Shoppers
2549,1983,PhD,Together,21840.0,1,0,2013-07-02,80,17,0,9,0,0,1,1,1,0,3,9,0,0,0,0,0,0,0,27,5,1,1,31,523,0.2,0.6,0.0,0.2,5.4,0.6296296296296297,0.3333333333333333,0.037037037037037035,0,0,1,-2.899997933024982,-0.4955805162058782,Occasional / Low-Engagement
5782,1982,2n Cycle,Together,58582.0,0,1,2013-07-02,15,402,35,106,101,77,42,2,9,2,9,5,0,1,0,0,0,0,0,763,22,1,1,32,523,0.4090909090909091,0.4090909090909091,0.09090909090909091,0.09090909090909091,34.68181818181818,0.526867627785059,0.13892529488859764,0.05504587155963303,1,1,0,1.4139983392380988,0.8673296045318628,Digital Convenience Shoppers
10057,1951,Graduation,Single,72282.0,0,0,2013-07-02,70,503,27,419,90,139,153,1,5,7,9,7,0,0,0,0,0,0,1,1331,22,0,0,63,523,0.22727272727272727,0.4090909090909091,0.3181818181818182,0.045454545454545456,60.5,0.3779113448534936,0.3148009015777611,0.1149511645379414,0,0,3,2.399532731541276,-0.3303126234947554,High-Value Elite
10307,1956,Graduation,Married,50387.0,0,2,2013-07-02,91,369,9,87,12,14,34,3,6,2,8,5,0,0,0,0,0,0,0,525,19,2,1,58,523,0.3157894736842105,0.42105263157894735,0.10526315789473684,0.15789473684210525,27.63157894736842,0.7028571428571428,0.1657142857142857,0.06476190476190476,0,0,2,0.20999636171546152,1.2023061676496614,Deal & Discount Hunters
8566,1961,PhD,Together,32583.0,1,1,2013-07-02,10,5,0,3,0,0,1,1,1,0,2,7,0,0,0,0,0,0,0,9,4,2,1,53,523,0.25,0.5,0.0,0.25,2.25,0.5555555555555556,0.3333333333333333,0.1111111111111111,0,0,1,-2.97920114972584,-0.41484095455816944,Occasional / Low-Engagement
2415,1962,Graduation,Together,62568.0,0,1,2014-07-04,99,362,17,398,80,35,61,3,5,3,5,4,0,0,0,1,0,0,0,953,16,1,1,52,156,0.3125,0.3125,0.1875,0.1875,59.5625,0.37985309548793283,0.4176285414480588,0.06400839454354669,1,1,0,0.6290949077511578,-0.394256948903462,Digital Convenience Shoppers
5684,1971,Master,Divorced,44635.0,1,1,2013-11-10,25,56,0,9,0,0,3,2,2,0,3,7,0,0,0,0,0,0,0,68,7,2,1,43,392,0.2857142857142857,0.42857142857142855,0.0,0.2857142857142857,9.714285714285714,0.8235294117647058,0.1323529411764706,0.04411764705882353,0,0,1,-2.361539865255612,-0.03638275081971839,Occasional / Low-Engagement
8334,1971,Master,Single,33316.0,1,1,2013-04-10,34,79,1,31,4,4,12,3,2,1,4,6,0,0,0,0,0,0,0,131,10,2,1,43,606,0.2,0.4,0.1,0.3,13.1,0.6030534351145038,0.2366412213740458,0.0916030534351145,0,0,1,-1.9732610314950827,0.5895399264496363,Occasional / Low-Engagement
9166,1968,Graduation,Married,63967.0,0,1,2013-09-08,57,387,84,141,73,35,162,3,4,4,12,2,0,0,0,0,0,0,0,882,23,1,1,46,455,0.17391304347826086,0.5217391304347826,0.17391304347826086,0.13043478260869565,38.34782608695652,0.4387755102040816,0.1598639455782313,0.1836734693877551,0,0,0,2.0756620551306395,0.049008055228948764,Digital Convenience Shoppers
1440,1978,2n Cycle,Together,52513.0,0,0,2012-04-09,84,367,17,241,104,188,232,2,9,5,9,7,0,0,0,0,0,0,0,1149,25,0,0,36,972,0.36,0.36,0.2,0.08,45.96,0.31940818102698,0.20974760661444736,0.20191470844212359,0,0,0,2.2935473305975402,1.3343683870371592,Digital Convenience Shoppers
78,1969,Graduation,Married,25293.0,1,0,2013-07-02,51,15,0,11,0,2,9,1,1,1,2,8,0,0,0,0,0,0,0,37,5,1,1,45,523,0.2,0.4,0.2,0.2,7.4,0.40540540540540543,0.2972972972972973,0.24324324324324326,0,0,1,-2.702606130040282,-0.7164630345456952,Occasional / Low-Engagement
5441,1965,PhD,Widow,54111.0,0,1,2013-07-02,97,267,6,54,8,3,50,2,5,2,6,5,0,0,0,0,0,0,0,388,15,1,1,49,523,0.3333333333333333,0.4,0.13333333333333333,0.13333333333333333,25.866666666666667,0.6881443298969072,0.13917525773195877,0.12886597938144329,0,0,0,-0.040722492642759844,-0.0035469245420381417,Digital Convenience Shoppers
5302,1986,Graduation,Together,78394.0,0,0,2013-07-02,13,298,27,697,216,24,166,1,4,6,5,2,0,0,0,0,0,0,1,1428,16,0,0,28,523,0.25,0.3125,0.375,0.0625,89.25,0.20868347338935575,0.4880952380952381,0.11624649859943978,0,0,3,2.137131048884273,-1.6580376116922273,High-Value Elite
4687,1958,Master,Married,80739.0,0,0,2013-07-02,92,674,92,736,39,0,92,1,3,11,9,1,0,0,0,0,0,0,0,1633,24,0,0,56,523,0.125,0.375,0.4583333333333333,0.041666666666666664,68.04166666666667,0.4127372933251684,0.4507042253521127,0.056338028169014086,0,0,3,3.8883352597673437,-1.6021467357230033,High-Value Elite
1087,1975,Master,Together,22669.0,1,0,2013-07-02,30,16,14,36,37,22,48,3,4,1,2,9,0,0,0,0,0,0,1,173,10,1,1,39,523,0.4,0.2,0.1,0.3,17.3,0.09248554913294797,0.20809248554913296,0.2774566473988439,0,0,1,-2.208683169462731,0.6931911196747785,Occasional / Low-Engagement
6859,1987,Graduation,Single,29236.0,1,0,2013-08-10,30,37,4,24,16,9,9,2,4,0,3,9,0,0,0,0,0,0,0,99,9,1,1,27,484,0.4444444444444444,0.3333333333333333,0.0,0.2222222222222222,11.0,0.37373737373737376,0.24242424242424243,0.09090909090909091,0,0,1,-2.2111371352511977,0.2985517722025892,Occasional / Low-Engagement
9860,1959,Graduation,Together,44911.0,0,1,2013-07-02,11,159,0,22,2,1,31,3,4,1,4,7,0,0,0,0,0,0,0,215,12,1,1,55,523,0.3333333333333333,0.3333333333333333,0.08333333333333333,0.25,17.916666666666668,0.7395348837209302,0.10232558139534884,0.14418604651162792,0,0,1,-1.2072421307552996,0.4170979216017144,Occasional / Low-Engagement
7129,1962,PhD,Married,54693.0,0,1,2013-07-02,72,686,17,142,23,26,35,8,6,4,13,6,0,0,0,0,0,0,0,929,31,1,1,52,523,0.1935483870967742,0.41935483870967744,0.12903225806451613,0.25806451612903225,29.967741935483872,0.7384284176533907,0.15285252960172227,0.03767491926803014,0,0,2,2.212749791257114,3.070238877469733,Deal & Discount Hunters
5866,1974,Graduation,Together,48186.0,1,0,2013-07-02,39,97,3,66,12,7,34,3,4,1,4,7,0,0,0,0,0,0,0,219,12,1,1,40,523,0.3333333333333333,0.3333333333333333,0.08333333333333333,0.25,18.25,0.4429223744292237,0.3013698630136986,0.1552511415525114,0,0,1,-1.1381981541587471,0.3963935225105412,Occasional / Low-Engagement
10521,1977,Graduation,Married,54809.0,1,1,2013-11-09,0,63,6,57,13,13,22,4,2,1,5,4,0,0,0,0,0,0,1,174,12,2,1,37,393,0.16666666666666666,0.4166666666666667,0.08333333333333333,0.3333333333333333,14.5,0.3620689655172414,0.3275862068965517,0.12643678160919541,0,0,1,-1.141514028582719,0.3357793391431719,Occasional / Low-Engagement
7393,1978,Graduation,Together,41580.0,1,1,2012-10-12,15,56,5,24,4,0,3,3,2,1,3,5,0,0,0,0,0,0,0,92,9,2,1,36,786,0.2222222222222222,0.3333333333333333,0.1111111111111111,0.3333333333333333,10.222222222222221,0.6086956521739131,0.2608695652173913,0.03260869565217391,0,0,1,-1.8737816157809513,0.5558326531739286,Occasional / Low-Engagement
7849,1970,PhD,Married,80336.0,0,0,2013-09-09,12,209,19,456,160,142,66,1,2,9,13,1,0,0,0,0,0,0,0,1052,25,0,0,44,454,0.08,0.52,0.36,0.04,42.08,0.19866920152091255,0.43346007604562736,0.06273764258555133,0,0,3,3.593151671914779,-1.5659754931652632,High-Value Elite
332,1957,Graduation,Married,47743.0,0,1,2013-07-02,56,198,2,43,0,12,20,3,4,1,6,6,0,1,0,0,0,0,0,275,14,1,1,57,523,0.2857142857142857,0.42857142857142855,0.07142857142857142,0.21428571428571427,19.642857142857142,0.72,0.15636363636363637,0.07272727272727272,1,1,1,-0.6534867435879373,0.3756842866488701,Occasional / Low-Engagement
9847,1955,2n Cycle,Married,62972.0,0,1,2012-03-08,39,313,15,47,20,0,192,2,7,4,3,6,0,0,0,0,0,0,0,587,16,1,1,59,1004,0.4375,0.1875,0.25,0.125,36.6875,0.5332197614991482,0.08006814310051108,0.3270868824531516,0,0,0,0.391950757661696,0.9147132339115926,Digital Convenience Shoppers
531,1954,PhD,Divorced,57333.0,0,1,2013-07-02,55,941,14,397,76,58,176,11,8,5,9,6,0,0,0,0,0,0,1,1662,33,1,1,60,523,0.24242424242424243,0.2727272727272727,0.15151515151515152,0.3333333333333333,50.36363636363637,0.5661853188929001,0.2388688327316486,0.10589651022864019,0,0,2,2.7418300597633394,4.188759016557359,Deal & Discount Hunters
9576,1982,PhD,Together,32313.0,1,0,2013-11-02,60,86,4,56,2,4,7,3,4,0,4,9,0,0,0,0,0,0,0,159,11,1,1,32,400,0.36363636363636365,0.36363636363636365,0.0,0.2727272727272727,14.454545454545455,0.5408805031446541,0.3522012578616352,0.0440251572327044,0,0,1,-1.9042440773152978,0.6064811462384903,Occasional / Low-Engagement
6906,1953,Master,Widow,84953.0,0,0,2013-03-06,73,167,48,602,63,72,72,1,3,10,4,2,0,1,1,1,0,0,1,1024,18,0,0,61,641,0.16666666666666666,0.2222222222222222,0.5555555555555556,0.05555555555555555,56.888888888888886,0.1630859375,0.587890625,0.0703125,3,1,3,2.422414561666863,-1.6615108384621626,High-Value Elite
7419,1968,Master,Divorced,27071.0,1,0,2013-07-02,90,8,3,19,0,2,3,2,2,0,3,6,0,0,0,0,0,0,0,35,7,1,1,46,523,0.2857142857142857,0.42857142857142855,0.0,0.2857142857142857,5.0,0.22857142857142856,0.5428571428571428,0.08571428571428572,0,0,1,-2.2423749136932782,-0.4774417397115105,Occasional / Low-Engagement
3170,1957,Master,Together,68148.0,0,0,2013-07-02,86,389,66,408,37,57,85,1,4,4,6,2,0,0,0,0,0,0,0,1042,15,0,0,57,523,0.26666666666666666,0.4,0.26666666666666666,0.06666666666666667,69.46666666666667,0.373320537428023,0.3915547024952015,0.08157389635316699,0,0,3,1.494671094807343,-1.585674218162395,High-Value Elite
8527,1965,Master,Together,65735.0,1,1,2013-07-12,37,239,7,119,4,15,11,5,6,2,6,7,0,0,0,0,0,0,0,395,19,2,1,49,513,0.3157894736842105,0.3157894736842105,0.10526315789473684,0.2631578947368421,20.789473684210527,0.6050632911392405,0.3012658227848101,0.027848101265822784,0,0,2,-0.07924461268777903,2.053061028422889,Deal & Discount Hunters
7872,1975,PhD,Married,86836.0,0,0,2012-12-09,7,179,21,273,0,21,63,1,6,10,6,5,1,0,1,1,0,0,1,557,23,0,0,39,728,0.2608695652173913,0.2608695652173913,0.43478260869565216,0.043478260869565216,24.217391304347824,0.3213644524236984,0.49012567324955114,0.11310592459605028,3,1,3,2.5908138864802264,-0.374248300721336,High-Value Elite
9931,1963,PhD,Married,4023.0,1,1,2013-07-02,29,5,0,1,1,1,1,15,0,0,0,19,0,0,0,0,0,0,0,9,15,2,1,51,523,0.0,0.0,0.0,1.0,0.6,0.5555555555555556,0.1111111111111111,0.1111111111111111,0,0,2,-4.701771158919009,6.48810187550676,Deal & Discount Hunters
10595,1990,Graduation,Married,30093.0,0,0,2013-08-07,19,2,6,28,13,4,16,1,2,0,3,7,0,0,0,0,0,0,0,69,6,0,0,24,487,0.3333333333333333,0.5,0.0,0.16666666666666666,11.5,0.028985507246376812,0.4057971014492754,0.2318840579710145,0,0,1,-2.0340883192195074,-1.2405526415973378,Occasional / Low-Engagement
4609,1966,PhD,Married,57705.0,0,1,2014-11-01,14,383,0,53,6,4,40,3,8,1,6,6,0,0,0,0,0,0,0,486,18,1,1,48,36,0.4444444444444444,0.3333333333333333,0.05555555555555555,0.16666666666666666,27.0,0.7880658436213992,0.10905349794238683,0.0823045267489712,0,0,0,0.21548012336826777,0.3679804298956353,Digital Convenience Shoppers
5010,1988,Graduation,Single,25008.0,1,0,2014-02-02,72,2,8,8,6,1,9,2,1,0,3,8,0,0,0,0,0,0,0,34,6,1,1,26,308,0.16666666666666666,0.5,0.0,0.3333333333333333,5.666666666666667,0.058823529411764705,0.23529411764705882,0.2647058823529412,0,0,1,-2.7089956083884523,-0.5847705955260265,Occasional / Low-Engagement
4427,1995,2n Cycle,Single,83257.0,0,0,2013-07-02,56,536,27,590,38,107,67,1,5,10,12,6,1,0,1,0,0,1,1,1365,28,0,0,19,523,0.17857142857142858,0.42857142857142855,0.35714285714285715,0.03571428571428571,48.75,0.39267399267399267,0.43223443223443225,0.04908424908424908,2,1,3,3.7927617092933783,-0.24131951646264257,High-Value Elite
11148,1975,Graduation,Together,22280.0,1,0,2013-07-02,85,2,1,4,3,1,2,1,1,0,2,8,0,0,0,0,0,0,0,13,4,1,1,39,523,0.25,0.5,0.0,0.25,3.25,0.15384615384615385,0.3076923076923077,0.15384615384615385,0,0,1,-2.9518304320525353,-0.7352799089680123,Occasional / Low-Engagement
1168,1978,PhD,Married,72159.0,0,0,2013-07-02,62,322,53,899,34,40,53,1,4,6,10,2,0,0,0,0,0,0,0,1401,21,0,0,36,523,0.19047619047619047,0.47619047619047616,0.2857142857142857,0.047619047619047616,66.71428571428571,0.22983583154889364,0.6416845110635261,0.03783012134189864,0,0,3,2.8500164279346376,-1.2703264948977793,High-Value Elite
9595,1961,Graduation,Together,64260.0,0,0,2013-11-01,1,539,169,816,20,0,30,1,4,5,4,3,0,0,0,0,0,0,1,1574,14,0,0,53,401,0.2857142857142857,0.2857142857142857,0.35714285714285715,0.07142857142857142,112.42857142857143,0.34243964421855144,0.5184243964421855,0.01905972045743329,0,0,3,1.4879892107432602,-1.6960293844193157,High-Value Elite
10163,1984,PhD,Single,82733.0,0,0,2013-10-09,28,712,50,420,65,38,38,1,8,4,7,4,0,0,0,0,0,0,1,1323,20,0,0,30,424,0.4,0.35,0.2,0.05,66.15,0.5381708238851096,0.31746031746031744,0.02872260015117158,0,0,3,2.4930096716783368,-0.7086561008973131,High-Value Elite
2886,1971,Master,Divorced,74290.0,0,1,2013-12-08,70,1121,0,72,0,12,12,4,10,8,10,6,0,1,0,1,0,0,0,1217,32,1,1,43,364,0.3125,0.3125,0.25,0.125,38.03125,0.9211175020542317,0.05916187345932621,0.009860312243221035,2,1,0,3.4150812603175553,1.8501264057729274,Digital Convenience Shoppers
6710,1951,Master,Single,58217.0,2,1,2013-07-02,84,68,1,13,3,5,13,1,2,0,4,6,0,0,0,0,0,0,0,103,7,3,1,63,523,0.2857142857142857,0.5714285714285714,0.0,0.14285714285714285,14.714285714285714,0.6601941747572816,0.1262135922330097,0.1262135922330097,0,0,1,-2.1331677703895893,0.11618073036041245,Occasional / Low-Engagement
5316,1976,Master,Together,21024.0,0,0,2013-04-07,89,36,4,18,6,2,18,1,2,0,4,7,0,0,0,0,0,0,0,84,7,0,0,38,609,0.2857142857142857,0.5714285714285714,0.0,0.14285714285714285,12.0,0.42857142857142855,0.21428571428571427,0.21428571428571427,0,0,1,-1.9887975685264605,-0.9838466009043336,Occasional / Low-Engagement
9029,1972,PhD,Married,70116.0,0,0,2013-07-02,73,707,44,603,95,58,29,1,2,8,12,1,0,0,0,0,0,0,0,1536,23,0,0,42,523,0.08695652173913043,0.5217391304347826,0.34782608695652173,0.043478260869565216,66.78260869565217,0.4602864583333333,0.392578125,0.018880208333333332,0,0,3,3.4133692518410412,-1.5707780365736645,High-Value Elite
521,1985,Graduation,Together,54006.0,1,0,2013-07-02,42,174,77,203,6,24,97,2,8,1,7,7,0,0,0,0,0,0,0,581,18,1,1,29,523,0.4444444444444444,0.3888888888888889,0.05555555555555555,0.1111111111111111,32.27777777777778,0.29948364888123924,0.3493975903614458,0.16695352839931152,0,0,0,0.30154457691975817,0.877127773394265,Digital Convenience Shoppers
1459,1966,PhD,Married,69063.0,0,1,2012-07-11,16,666,35,124,69,8,26,1,5,3,5,3,0,0,0,0,0,0,0,928,14,1,1,48,879,0.35714285714285715,0.35714285714285715,0.21428571428571427,0.07142857142857142,66.28571428571429,0.7176724137931034,0.1336206896551724,0.028017241379310345,0,0,0,0.8509677138680884,-0.36060069513861537,Digital Convenience Shoppers
10241,1975,2n Cycle,Divorced,11448.0,0,0,2013-07-02,16,0,0,0,6,2,6,1,1,0,2,6,0,0,0,0,0,0,0,14,4,0,0,39,523,0.25,0.5,0.0,0.25,3.5,0.0,0.0,0.42857142857142855,0,0,1,-2.6188191911701724,-1.5131534108832845,Occasional / Low-Engagement
1630,1979,Graduation,Single,61825.0,0,1,2013-07-08,56,162,50,100,55,30,27,1,4,2,8,4,0,0,0,0,0,0,0,424,15,1,1,35,517,0.26666666666666666,0.5333333333333333,0.13333333333333333,0.06666666666666667,28.266666666666666,0.38207547169811323,0.2358490566037736,0.06367924528301887,0,0,0,0.3615315823710494,-0.5892515216997557,Digital Convenience Shoppers
3254,1971,Graduation,Married,70886.0,1,0,2013-07-02,65,407,70,239,103,88,53,1,5,4,4,2,0,0,0,0,0,0,0,960,14,1,1,43,523,0.35714285714285715,0.2857142857142857,0.2857142857142857,0.07142857142857142,68.57142857142857,0.4239583333333333,0.24895833333333334,0.05520833333333333,0,0,3,0.9916487153077554,-1.0551239341936716,High-Value Elite
9064,1982,Graduation,Married,69109.0,0,0,2012-09-11,10,823,25,459,124,29,95,1,6,6,7,4,0,0,1,0,0,0,1,1555,20,0,0,32,817,0.3,0.35,0.3,0.05,77.75,0.5292604501607717,0.29517684887459805,0.06109324758842444,1,1,3,2.5181448999022678,-0.430083538841228,High-Value Elite
3678,1973,Graduation,Widow,60208.0,1,1,2012-07-10,13,488,23,71,15,0,59,11,8,3,7,7,0,1,0,0,0,0,1,656,29,2,1,41,880,0.27586206896551724,0.2413793103448276,0.10344827586206896,0.3793103448275862,22.620689655172413,0.7439024390243902,0.10823170731707317,0.0899390243902439,1,1,2,1.0130045772436416,5.18146800281077,Deal & Discount Hunters
4227,1968,Master,Together,32889.0,1,1,2013-06-09,78,28,0,13,4,2,8,3,2,1,3,5,0,0,0,0,0,0,0,55,9,2,1,46,546,0.2222222222222222,0.3333333333333333,0.1111111111111111,0.3333333333333333,6.111111111111111,0.509090909090909,0.23636363636363636,0.14545454545454545,0,0,1,-2.0857034442062474,0.2706947855855127,Occasional / Low-Engagement
9467,1984,Graduation,Single,34738.0,1,0,2014-11-05,51,3,2,10,3,0,2,1,1,0,3,6,0,0,0,0,0,0,0,20,5,1,1,30,32,0.2,0.6,0.0,0.2,4.0,0.15,0.5,0.1,0,0,1,-2.4059425865917343,-1.6752541346010439,Occasional / Low-Engagement
8486,1971,Master,Together,30538.0,1,0,2012-01-10,27,284,0,52,8,3,20,4,9,0,4,10,0,0,0,0,0,0,0,367,17,1,1,43,1062,0.5294117647058824,0.23529411764705882,0.0,0.23529411764705882,21.58823529411765,0.773841961852861,0.14168937329700274,0.05449591280653951,0,0,2,-0.9735588331460686,2.8411975890233605,Deal & Discount Hunters
2186,1977,2n Cycle,Together,82326.0,0,0,2014-10-03,30,938,142,754,159,81,183,1,5,10,6,2,0,1,1,1,0,0,1,2257,22,0,0,37,65,0.22727272727272727,0.2727272727272727,0.45454545454545453,0.045454545454545456,102.5909090909091,0.4155959237926451,0.33407177669472754,0.08108108108108109,3,1,3,3.774314070618564,-1.9736629858238537,High-Value Elite
3286,1967,PhD,Divorced,26642.0,1,0,2014-01-03,71,13,2,15,2,2,8,2,2,0,3,6,0,0,0,0,0,0,0,42,7,1,1,47,338,0.2857142857142857,0.42857142857142855,0.0,0.2857142857142857,6.0,0.30952380952380953,0.35714285714285715,0.19047619047619047,0,0,1,-2.2797818951267996,-0.7124023347565834,Occasional / Low-Engagement
8602,1964,Graduation,Divorced,69932.0,0,1,2013-12-06,97,412,172,153,150,105,57,2,7,6,11,4,0,0,0,0,0,0,0,1049,26,1,1,50,366,0.2692307692307692,0.4230769230769231,0.23076923076923078,0.07692307692307693,40.34615384615385,0.39275500476644426,0.14585319351763584,0.05433746425166826,0,0,0,2.6866274436386446,0.33231399500175435,Digital Convenience Shoppers
3722,1972,Graduation,Single,44503.0,1,1,2013-07-02,83,31,1,8,0,0,8,2,2,0,3,6,0,0,0,0,0,0,0,48,7,2,1,42,523,0.2857142857142857,0.42857142857142855,0.0,0.2857142857142857,6.857142857142857,0.6458333333333334,0.16666666666666666,0.16666666666666666,0,0,1,-2.228164043250974,-0.040426702195778846,Occasional / Low-Engagement
6715,1948,PhD,Single,60200.0,0,1,2013-02-01,3,502,19,132,0,6,26,6,6,2,11,6,0,0,0,0,0,0,0,685,25,1,1,66,674,0.24,0.44,0.08,0.24,27.4,0.7328467153284671,0.1927007299270073,0.03795620437956204,0,0,2,1.3547133316611035,2.337170473051668,Deal & Discount Hunters
4796,1952,Graduation,Divorced,49638.0,0,1,2013-07-02,71,18,10,3,3,5,0,1,1,0,3,2,0,0,0,0,0,0,0,39,5,1,1,62,523,0.2,0.6,0.0,0.2,7.8,0.46153846153846156,0.07692307692307693,0.0,0,0,1,-1.569565228810101,-1.7624726164334286,Occasional / Low-Engagement
9612,1987,2n Cycle,Single,23830.0,0,0,2014-07-02,3,1,8,6,4,8,16,1,1,0,3,7,0,0,0,0,0,0,0,43,5,0,0,27,158,0.2,0.6,0.0,0.2,8.6,0.023255813953488372,0.13953488372093023,0.37209302325581395,0,0,1,-2.3818306135953815,-1.803831738912273,Occasional / Low-Engagement
3766,1959,Master,Widow,33051.0,0,0,2013-07-02,15,100,71,243,108,94,219,3,9,1,8,9,0,0,0,0,0,0,1,835,21,0,0,55,523,0.42857142857142855,0.38095238095238093,0.047619047619047616,0.14285714285714285,39.76190476190476,0.11976047904191617,0.29101796407185626,0.2622754491017964,0,0,0,0.5415086012374853,1.3840562478767575,Digital Convenience Shoppers
1399,1958,Graduation,Married,72905.0,0,0,2013-07-02,52,407,114,445,181,165,203,1,3,7,9,1,0,0,0,1,0,0,0,1515,20,0,0,56,523,0.15,0.45,0.35,0.05,75.75,0.26864686468646864,0.29372937293729373,0.13399339933993398,1,1,3,2.916763421901748,-1.6570752484615348,High-Value Elite
1570,1951,PhD,Together,69702.0,0,1,2013-07-02,8,664,9,240,50,19,57,2,7,7,10,4,0,0,0,0,0,0,0,1039,26,1,1,63,523,0.2692307692307692,0.38461538461538464,0.2692307692307692,0.07692307692307693,39.96153846153846,0.6390760346487007,0.23099133782483156,0.0548604427333975,0,0,0,2.6993988352706717,0.5094428834147158,Digital Convenience Shoppers
3426,1975,Graduation,Divorced,70300.0,1,0,2013-07-02,89,1045,61,338,60,46,46,3,5,5,13,8,0,0,0,0,0,0,0,1596,26,1,1,39,523,0.19230769230769232,0.5,0.19230769230769232,0.11538461538461539,61.38461538461539,0.6547619047619048,0.21177944862155387,0.02882205513784461,0,0,0,2.5183678105177667,1.313030244078534,Digital Convenience Shoppers
3074,1984,PhD,Married,70643.0,0,0,2013-07-02,66,1218,107,304,23,143,33,1,5,8,4,6,0,0,0,0,0,0,1,1828,18,0,0,30,523,0.2777777777777778,0.2222222222222222,0.4444444444444444,0.05555555555555555,101.55555555555556,0.6663019693654267,0.16630196936542668,0.018052516411378557,0,0,3,2.1773201758758236,-0.8561747225572182,High-Value Elite
8341,1969,PhD,Married,30396.0,1,0,2013-07-02,22,15,0,6,0,1,12,2,1,1,2,7,1,0,0,0,0,0,1,34,6,1,1,45,523,0.16666666666666666,0.3333333333333333,0.16666666666666666,0.3333333333333333,5.666666666666667,0.4411764705882353,0.17647058823529413,0.35294117647058826,1,1,1,-2.4520441461460836,-0.5295912157141119,Occasional / Low-Engagement
5180,1968,PhD,Divorced,50616.0,0,1,2013-07-02,56,128,0,16,0,1,4,2,4,0,4,7,0,0,0,0,0,0,0,149,10,1,1,46,523,0.4,0.4,0.0,0.2,14.9,0.8590604026845637,0.10738255033557047,0.026845637583892617,0,0,1,-1.3713742497072634,-0.006955580287564013,Occasional / Low-Engagement
6461,1969,Master,Single,62772.0,0,1,2013-07-02,74,581,49,157,43,8,108,1,5,6,11,2,0,1,0,0,0,0,0,946,23,1,1,45,523,0.21739130434782608,0.4782608695652174,0.2608695652173913,0.043478260869565216,41.130434782608695,0.6141649048625792,0.16596194503171247,0.11416490486257928,1,1,3,2.3733926902423668,-0.4512509087388427,High-Value Elite
7679,1985,PhD,Single,30298.0,0,0,2013-07-02,48,6,3,12,6,1,0,1,1,1,3,3,0,0,0,0,0,0,0,28,6,0,0,29,523,0.16666666666666666,0.5,0.16666666666666666,0.16666666666666666,4.666666666666667,0.21428571428571427,0.42857142857142855,0.0,0,0,1,-1.55562243059288,-1.9949552576287009,Occasional / Low-Engagement
10702,1984,Graduation,Single,52413.0,1,0,2012-03-11,67,185,8,133,56,56,12,2,7,1,7,7,0,0,0,0,0,0,0,450,17,1,1,30,1001,0.4117647058823529,0.4117647058823529,0.058823529411764705,0.11764705882352941,26.470588235294116,0.4111111111111111,0.29555555555555557,0.02666666666666667,0,0,0,0.10804779556363028,1.3394972505498093,Digital Convenience Shoppers
7505,1957,PhD,Married,44155.0,1,1,2013-07-02,24,22,1,9,0,0,14,1,1,1,2,4,0,0,0,0,0,0,0,46,5,2,1,57,523,0.2,0.4,0.2,0.2,9.2,0.4782608695652174,0.1956521739130435,0.30434782608695654,0,0,1,-2.205216759182719,-0.9357129715421787,Occasional / Low-Engagement
5113,1971,PhD,Divorced,86979.0,0,0,2013-07-11,67,584,100,835,65,83,35,1,5,5,5,2,1,0,0,0,0,0,1,1702,16,0,0,43,514,0.3125,0.3125,0.3125,0.0625,106.375,0.34312573443008226,0.490599294947121,0.020564042303172738,1,1,3,2.468106383790846,-1.5924577379315212,High-Value Elite
10858,1975,Graduation,Together,76532.0,1,1,2013-09-09,38,355,30,177,90,138,30,4,9,5,7,5,0,0,0,0,0,0,0,820,25,2,1,39,454,0.36,0.28,0.2,0.16,32.8,0.4329268292682927,0.21585365853658536,0.036585365853658534,0,0,0,1.7789979506974174,1.8675784711798638,Digital Convenience Shoppers
2961,1982,Graduation,Married,42081.0,1,0,2013-07-02,86,175,10,110,54,6,27,2,6,3,4,6,1,0,0,0,0,0,0,382,15,1,1,32,523,0.4,0.26666666666666666,0.2,0.13333333333333333,25.466666666666665,0.4581151832460733,0.2879581151832461,0.07068062827225131,1,1,1,-0.3782073442268073,0.26244776281563453,Occasional / Low-Engagement
2747,1988,PhD,Married,67546.0,0,0,2013-07-02,90,864,134,768,150,38,172,1,4,10,5,3,0,0,0,0,0,0,0,2126,20,0,0,26,523,0.2,0.25,0.5,0.05,106.3,0.4063969896519285,0.36124176857949203,0.08090310442144873,0,0,3,3.0586929017053364,-1.3967479533992628,High-Value Elite
3010,1989,Master,Together,88420.0,0,0,2014-02-05,87,957,153,612,99,95,153,1,4,7,8,1,1,0,1,1,0,0,0,2069,20,0,0,25,305,0.2,0.4,0.35,0.05,103.45,0.4625422909618173,0.2957950700821653,0.07394876752054133,3,1,3,3.548429440036752,-1.9528769944222597,High-Value Elite
5790,1985,Graduation,Married,31158.0,1,0,2013-07-02,62,25,6,16,20,0,5,2,2,0,3,8,0,0,0,0,0,0,0,72,7,1,1,29,523,0.2857142857142857,0.42857142857142855,0.0,0.2857142857142857,10.285714285714286,0.3472222222222222,0.2222222222222222,0.06944444444444445,0,0,1,-2.379197658233506,-0.164302272774554,Occasional / Low-Engagement
6892,1968,Graduation,Divorced,61671.0,0,1,2014-03-06,23,641,7,56,0,0,28,8,10,4,6,8,0,1,0,1,0,0,0,732,28,1,1,46,276,0.35714285714285715,0.21428571428571427,0.14285714285714285,0.2857142857142857,26.142857142857142,0.8756830601092896,0.07650273224043716,0.03825136612021858,2,1,2,1.3789370871884183,3.222089621337023,Deal & Discount Hunters
1743,1974,Graduation,Single,69719.0,0,0,2013-07-02,99,273,86,208,177,14,43,1,2,3,5,1,0,0,0,0,0,0,0,801,11,0,0,40,523,0.18181818181818182,0.45454545454545453,0.2727272727272727,0.09090909090909091,72.81818181818181,0.3408239700374532,0.2596754057428215,0.05368289637952559,0,0,3,0.8097891826918493,-2.181838586400388,High-Value Elite
3578,1949,Graduation,Divorced,49160.0,0,1,2013-07-02,29,122,21,43,25,10,15,2,3,1,6,6,0,0,0,0,0,0,0,236,12,1,1,65,523,0.25,0.5,0.08333333333333333,0.16666666666666666,19.666666666666668,0.5169491525423728,0.18220338983050846,0.0635593220338983,0,0,1,-0.8658193865731514,-0.15732791866504967,Occasional / Low-Engagement
8462,1978,Basic,Together,24882.0,1,0,2012-09-09,52,1,4,10,29,0,36,1,1,1,2,6,1,0,0,0,0,0,0,80,5,1,1,36,819,0.2,0.4,0.2,0.2,16.0,0.0125,0.125,0.45,1,1,1,-2.3996674007941685,-0.6595738802744642,Occasional / Low-Engagement
5558,1954,PhD,Single,90933.0,0,0,2013-07-02,90,1020,31,430,62,63,79,1,4,6,4,1,0,0,1,0,0,0,0,1685,15,0,0,60,523,0.26666666666666666,0.26666666666666666,0.4,0.06666666666666667,112.33333333333333,0.6053412462908012,0.2551928783382789,0.04688427299703264,1,1,3,2.51152120023747,-1.9815639360673105,High-Value Elite
4619,1945,PhD,Single,113734.0,0,0,2013-07-02,9,6,2,3,1,262,3,0,27,0,0,1,0,0,0,0,0,0,0,277,27,0,0,69,523,1.0,0.0,0.0,0.0,10.25925925925926,0.021660649819494584,0.010830324909747292,0.010830324909747292,0,0,0,3.7239932496400887,1.0583321921636604,Digital Convenience Shoppers
8780,1950,PhD,Together,59292.0,0,1,2013-07-02,71,378,14,68,19,14,14,2,3,5,8,3,0,0,0,0,0,0,0,507,18,1,1,64,523,0.16666666666666666,0.4444444444444444,0.2777777777777778,0.1111111111111111,28.166666666666668,0.7455621301775148,0.1341222879684418,0.027613412228796843,0,0,0,0.9370307471211644,-0.4645652058415921,Digital Convenience Shoppers
10789,1964,PhD,Married,45759.0,1,1,2013-07-02,13,42,1,18,3,0,4,2,2,0,3,7,0,0,0,0,0,0,0,68,7,2,1,50,523,0.2857142857142857,0.42857142857142855,0.0,0.2857142857142857,9.714285714285714,0.6176470588235294,0.2647058823529412,0.058823529411764705,0,0,1,-2.3218680196893184,0.13155984669420892,Occasional / Low-Engagement
10779,1983,Graduation,Single,22148.0,0,0,2013-07-02,16,15,5,14,0,4,11,1,1,0,3,7,0,0,0,0,0,0,0,49,5,0,0,31,523,0.2,0.6,0.0,0.2,9.8,0.30612244897959184,0.2857142857142857,0.22448979591836735,0,0,1,-2.3460485099987705,-1.3249193555484058,Occasional / Low-Engagement
5896,1987,Master,Married,73395.0,0,0,2013-07-02,94,272,7,80,20,7,11,1,4,4,6,2,0,0,0,0,0,0,0,397,15,0,0,27,523,0.26666666666666666,0.4,0.26666666666666666,0.06666666666666667,26.466666666666665,0.6851385390428212,0.20151133501259447,0.027707808564231738,0,0,3,1.1455135542897268,-1.5751241780075176,High-Value Elite
2337,1971,Graduation,Divorced,29819.0,1,0,2013-07-02,77,9,1,24,2,1,2,3,3,0,3,6,0,0,0,0,0,0,0,39,9,1,1,43,523,0.3333333333333333,0.3333333333333333,0.0,0.3333333333333333,4.333333333333333,0.23076923076923078,0.6153846153846154,0.05128205128205128,0,0,1,-1.9860090782035653,0.047670345404284775,Occasional / Low-Engagement
10951,1968,Graduation,Married,45688.0,0,1,2013-07-02,20,279,0,18,0,0,9,2,3,1,8,4,0,1,0,0,0,0,0,306,14,1,1,46,523,0.21428571428571427,0.5714285714285714,0.07142857142857142,0.14285714285714285,21.857142857142858,0.9117647058823529,0.058823529411764705,0.029411764705882353,1,1,1,-0.31675121239025367,-0.3234530103863438,Occasional / Low-Engagement
544,1954,Graduation,Married,62820.0,0,0,2013-11-05,51,398,61,265,138,61,53,1,3,4,6,1,0,0,0,0,0,0,0,976,14,0,0,60,397,0.21428571428571427,0.42857142857142855,0.2857142857142857,0.07142857142857142,69.71428571428571,0.4077868852459016,0.27151639344262296,0.05430327868852459,0,0,3,1.2816508363418149,-2.046468932398243,High-Value Elite
17,1971,PhD,Married,60491.0,0,1,2013-06-09,81,637,47,237,12,19,76,4,6,11,7,5,0,0,0,0,0,0,0,1028,28,1,1,43,546,0.21428571428571427,0.25,0.39285714285714285,0.14285714285714285,36.714285714285715,0.6196498054474708,0.23054474708171208,0.07392996108949416,0,0,0,2.600982375382098,1.176995451662085,Digital Convenience Shoppers
10680,1986,Graduation,Together,33235.0,1,0,2014-05-02,71,45,0,16,2,1,6,1,3,0,3,7,0,0,0,0,0,0,0,70,7,1,1,28,219,0.42857142857142855,0.42857142857142855,0.0,0.14285714285714285,10.0,0.6428571428571429,0.22857142857142856,0.08571428571428572,0,0,1,-2.166152352472325,-0.932815899255334,Occasional / Low-Engagement
3265,1959,Graduation,Married,35701.0,0,0,2013-07-02,36,21,1,9,7,3,5,1,1,0,3,6,0,0,0,0,0,0,0,46,5,0,0,55,523,0.2,0.6,0.0,0.2,9.2,0.45652173913043476,0.1956521739130435,0.10869565217391304,0,0,1,-1.9781703857271902,-1.5525640145522395,Occasional / Low-Engagement
5623,1980,Master,Married,31535.0,1,0,2013-07-02,95,15,4,13,0,0,19,1,1,1,2,7,1,0,0,0,0,0,0,51,5,1,1,34,523,0.2,0.4,0.2,0.2,10.2,0.29411764705882354,0.2549019607843137,0.37254901960784315,1,1,1,-2.452609136651055,-0.9178791199727052,Occasional / Low-Engagement
5832,1960,2n Cycle,Together,92556.0,0,0,2013-07-02,32,493,183,352,184,23,28,0,3,5,13,0,0,0,0,0,0,0,0,1263,21,0,0,54,523,0.14285714285714285,0.6190476190476191,0.23809523809523808,0.0,60.142857142857146,0.3903404592240697,0.278701504354711,0.022169437846397466,0,0,3,3.4675668511903757,-2.0130161423259154,High-Value Elite
5544,1970,Graduation,Single,67384.0,0,1,2012-10-11,32,957,40,175,158,53,107,2,7,8,5,5,0,1,0,0,0,0,0,1490,22,1,1,44,787,0.3181818181818182,0.22727272727272727,0.36363636363636365,0.09090909090909091,67.72727272727273,0.6422818791946309,0.1174496644295302,0.07181208053691275,1,1,0,2.2500601936619855,0.6536006488527177,Digital Convenience Shoppers
6417,1971,Master,Together,80573.0,0,0,2013-07-02,85,829,138,430,60,92,15,1,4,6,13,2,0,0,0,0,0,0,0,1564,24,0,0,43,523,0.16666666666666666,0.5416666666666666,0.25,0.041666666666666664,65.16666666666667,0.5300511508951407,0.2749360613810742,0.00959079283887468,0,0,3,3.624757157766695,-1.099901618873996,High-Value Elite
5831,1967,Graduation,Married,77870.0,0,1,2013-07-02,93,1017,50,500,65,50,133,3,5,5,5,8,0,1,0,1,0,0,1,1815,18,1,1,47,523,0.2777777777777778,0.2777777777777778,0.2777777777777778,0.16666666666666666,100.83333333333333,0.5603305785123966,0.27548209366391185,0.07327823691460054,2,1,0,1.4727832800960996,0.6759778176819217,Digital Convenience Shoppers
7101,1963,PhD,Widow,52278.0,0,1,2013-07-02,24,953,0,71,0,0,174,6,10,5,10,8,0,0,0,0,0,0,0,1198,31,1,1,51,523,0.3225806451612903,0.3225806451612903,0.16129032258064516,0.1935483870967742,38.645161290322584,0.7954924874791319,0.05926544240400668,0.14524207011686144,0,0,0,2.325545341749909,3.1471400759126,Digital Convenience Shoppers
10176,1968,Graduation,Single,57107.0,0,1,2013-07-02,44,159,0,120,0,0,137,7,4,4,8,8,0,1,0,0,1,0,1,416,23,1,1,46,523,0.17391304347826086,0.34782608695652173,0.17391304347826086,0.30434782608695654,18.08695652173913,0.38221153846153844,0.28846153846153844,0.3293269230769231,2,1,2,0.46465720778280545,2.349099860502462,Deal & Discount Hunters
2326,1990,Graduation,Married,18929.0,0,0,2013-07-02,15,32,0,8,23,4,18,1,1,0,4,6,0,0,0,0,0,0,0,85,6,0,0,24,523,0.16666666666666666,0.6666666666666666,0.0,0.16666666666666666,14.166666666666666,0.3764705882352941,0.09411764705882353,0.21176470588235294,0,0,1,-2.097413679557986,-1.4022333117443286,Occasional / Low-Engagement
4385,1981,PhD,Single,36038.0,1,0,2013-07-02,82,23,0,15,0,2,7,2,3,0,3,6,0,0,0,0,0,0,0,47,8,1,1,33,523,0.375,0.375,0.0,0.25,5.875,0.48936170212765956,0.3191489361702128,0.14893617021276595,0,0,1,-1.9135464392370787,-0.34798192235772774,Occasional / Low-Engagement
2929,1976,Graduation,Single,20180.0,0,0,2013-07-02,27,18,42,24,15,20,18,1,2,1,4,7,0,0,0,0,0,0,0,137,8,0,0,38,523,0.25,0.5,0.125,0.125,17.125,0.13138686131386862,0.17518248175182483,0.13138686131386862,0,0,1,-1.810553126309156,-1.0553901665104122,Occasional / Low-Engagement
10686,1965,PhD,Together,34230.0,1,1,2013-07-02,72,15,0,4,0,0,2,1,1,0,2,7,0,0,0,0,0,0,0,21,4,2,1,49,523,0.25,0.5,0.0,0.25,5.25,0.7142857142857143,0.19047619047619047,0.09523809523809523,0,0,1,-2.9274341621769158,-0.4360865386201069,Occasional / Low-Engagement
2546,1977,2n Cycle,Single,31878.0,0,1,2013-07-02,7,23,4,5,10,5,23,1,1,0,4,3,0,0,0,0,0,0,0,70,6,1,1,37,523,0.16666666666666666,0.6666666666666666,0.0,0.16666666666666666,11.666666666666666,0.32857142857142857,0.07142857142857142,0.32857142857142857,0,0,1,-1.837599374813575,-1.4344924956037952,Occasional / Low-Engagement
3283,1972,2n Cycle,Married,70932.0,0,1,2013-07-02,57,200,193,100,46,185,185,2,6,2,12,3,0,0,0,0,0,0,0,909,22,1,1,42,523,0.2727272727272727,0.5454545454545454,0.09090909090909091,0.09090909090909091,41.31818181818182,0.22002200220022003,0.11001100110011001,0.20352035203520352,0,0,0,2.014621540788515,0.18587847841622826,Digital Convenience Shoppers
3138,1956,Graduation,Single,91249.0,0,0,2013-07-02,84,1324,27,119,71,108,27,0,7,9,6,4,0,1,1,1,1,0,1,1676,22,0,0,58,523,0.3181818181818182,0.2727272727272727,0.4090909090909091,0.0,76.18181818181819,0.7899761336515513,0.07100238663484487,0.016109785202863963,4,1,3,3.4711197576259254,-1.1267365944021117,High-Value Elite
4994,1943,Master,Single,77598.0,0,0,2013-01-10,53,1193,33,281,129,66,33,1,7,5,13,3,0,0,1,0,0,0,0,1735,26,0,0,71,696,0.2692307692307692,0.5,0.19230769230769232,0.038461538461538464,66.73076923076923,0.6876080691642651,0.16195965417867436,0.019020172910662825,1,1,3,3.8808150903288556,-0.2227733055139022,High-Value Elite
7966,1959,Graduation,Single,80982.0,1,1,2013-08-01,48,505,137,401,104,22,22,3,11,5,11,5,0,0,0,0,0,1,0,1191,30,2,1,55,493,0.36666666666666664,0.36666666666666664,0.16666666666666666,0.1,39.7,0.42401343408900083,0.33669185558354325,0.018471872376154493,0,0,0,3.060993879123971,2.1408465798799043,Digital Convenience Shoppers
3112,1977,Master,Married,22701.0,1,0,2013-05-09,2,2,4,9,0,4,5,1,1,0,3,5,0,0,0,0,0,0,0,24,5,1,1,37,577,0.2,0.6,0.0,0.2,4.8,0.08333333333333333,0.375,0.20833333333333334,0,0,1,-2.429995987171317,-1.0667232085690506,Occasional / Low-Engagement
10872,1969,PhD,Married,55212.0,0,1,2013-07-02,65,1103,0,45,0,0,34,3,4,2,11,8,0,1,0,0,1,0,0,1182,20,1,1,45,523,0.2,0.55,0.1,0.15,59.1,0.9331641285956007,0.03807106598984772,0.028764805414551606,2,1,0,0.9039083481675326,1.0134487420800369,Digital Convenience Shoppers
2181,1970,Graduation,Married,70617.0,0,0,2013-07-02,45,353,61,753,40,46,27,1,3,3,7,2,0,0,0,0,0,0,0,1280,14,0,0,44,523,0.21428571428571427,0.5,0.21428571428571427,0.07142857142857142,91.42857142857143,0.27578125,0.58828125,0.02109375,0,0,3,1.5227560295200482,-1.721226799337359,High-Value Elite
1867,1957,Graduation,Single,64849.0,0,0,2013-07-02,42,652,48,350,94,84,108,1,9,3,6,5,0,0,0,0,0,0,1,1336,19,0,0,57,523,0.47368421052631576,0.3157894736842105,0.15789473684210525,0.05263157894736842,70.3157894736842,0.4880239520958084,0.2619760479041916,0.08083832335329341,0,0,0,1.8811377546501722,-0.2729465169873329,Digital Convenience Shoppers
1518,1965,Master,Married,62694.0,1,1,2013-07-02,29,379,6,157,25,91,91,5,9,3,7,7,0,0,0,0,0,0,0,749,24,2,1,49,523,0.375,0.2916666666666667,0.125,0.20833333333333334,31.208333333333332,0.5060080106809078,0.2096128170894526,0.12149532710280374,0,0,2,0.9325312693481637,2.6658618978632878,Deal & Discount Hunters
5734,1974,PhD,Married,61917.0,1,1,2013-07-02,83,46,4,36,2,2,1,1,2,0,4,5,0,0,0,0,0,0,0,91,7,2,1,40,523,0.2857142857142857,0.5714285714285714,0.0,0.14285714285714285,13.0,0.5054945054945055,0.3956043956043956,0.01098901098901099,0,0,1,-1.6429530196641982,-0.576188058880489,Occasional / Low-Engagement
2878,1947,PhD,Married,67472.0,0,1,2013-07-02,93,162,31,127,8,17,69,2,4,2,7,3,0,0,0,0,0,0,0,414,15,1,1,67,523,0.26666666666666666,0.4666666666666667,0.13333333333333333,0.13333333333333333,27.6,0.391304347826087,0.30676328502415456,0.16666666666666666,0,0,0,0.4649391229169662,-0.4845994716052343,Digital Convenience Shoppers
1458,1982,Master,Married,21059.0,1,0,2014-07-01,40,8,3,19,3,3,8,3,3,0,3,6,0,0,0,0,0,0,0,44,9,1,1,32,159,0.3333333333333333,0.3333333333333333,0.0,0.3333333333333333,4.888888888888889,0.18181818181818182,0.4318181818181818,0.18181818181818182,0,0,1,-2.211507382582103,-0.3792429595273605,Occasional / Low-Engagement
7007,1968,Master,Married,29543.0,2,0,2014-01-04,47,17,3,18,3,4,18,2,3,1,2,7,0,0,0,0,0,0,0,63,8,2,1,46,337,0.375,0.25,0.125,0.25,7.875,0.2698412698412698,0.2857142857142857,0.2857142857142857,0,0,1,-2.4736278889198817,0.07471637709284415,Occasional / Low-Engagement
6200,1951,Graduation,Married,75903.0,0,1,2013-08-04,50,340,108,185,130,38,100,2,6,6,9,3,0,0,0,0,0,0,0,901,23,1,1,63,490,0.2608695652173913,0.391304347826087,0.2608695652173913,0.08695652173913043,39.17391304347826,0.37735849056603776,0.20532741398446172,0.11098779134295228,0,0,0,2.328952677830593,0.0060551273528268576,Digital Convenience Shoppers
1403,1975,2n Cycle,Together,34984.0,1,1,2012-06-09,40,8,4,15,3,5,3,2,1,0,3,7,0,0,0,0,0,0,0,38,6,2,1,39,911,0.16666666666666666,0.5,0.0,0.3333333333333333,6.333333333333333,0.21052631578947367,0.39473684210526316,0.07894736842105263,0,0,1,-2.628850259869486,0.5115071646524564,Occasional / Low-Engagement
4827,1956,PhD,Single,54998.0,0,1,2013-10-03,3,154,22,202,39,30,8,5,4,2,9,4,0,0,0,0,0,0,1,455,20,1,1,58,430,0.2,0.45,0.1,0.25,22.75,0.3384615384615385,0.44395604395604393,0.017582417582417582,0,0,2,0.5940415472804083,0.8779152625357234,Deal & Discount Hunters
6250,1949,PhD,Widow,54356.0,0,1,2013-07-02,62,710,15,30,20,0,0,3,11,2,8,8,0,0,0,0,0,0,1,775,24,1,1,65,523,0.4583333333333333,0.3333333333333333,0.08333333333333333,0.125,32.291666666666664,0.9161290322580645,0.03870967741935484,0.0,0,0,0,1.2018720706645782,1.9949907480711182,Digital Convenience Shoppers
9291,1959,Master,Married,34242.0,0,1,2013-07-02,25,8,2,4,0,0,1,1,0,0,3,5,0,0,0,0,0,0,0,15,4,1,1,55,523,0.0,0.75,0.0,0.25,3.75,0.5333333333333333,0.26666666666666666,0.06666666666666667,0,0,1,-2.384470166717663,-1.3604252171258227,Occasional / Low-Engagement
2478,1973,Graduation,Married,25410.0,1,0,2013-07-02,48,2,2,4,13,13,4,1,1,0,4,4,0,0,0,0,0,0,0,38,6,1,1,41,523,0.16666666666666666,0.6666666666666666,0.0,0.16666666666666666,6.333333333333333,0.05263157894736842,0.10526315789473684,0.10526315789473684,0,0,1,-2.0863106960506483,-1.249330492280253,Occasional / Low-Engagement
1139,1984,PhD,Married,73356.0,0,0,2014-06-02,56,1050,14,322,0,14,112,1,5,11,5,2,1,0,1,1,0,0,1,1512,22,0,0,30,188,0.22727272727272727,0.22727272727272727,0.5,0.045454545454545456,68.72727272727273,0.6944444444444444,0.21296296296296297,0.07407407407407407,3,1,3,3.1347039281757363,-1.7863883502575348,High-Value Elite
5138,1950,Graduation,Together,28320.0,0,1,2013-07-02,68,19,1,14,3,2,4,1,1,0,3,8,0,0,0,0,0,0,0,43,5,1,1,64,523,0.2,0.6,0.0,0.2,8.6,0.4418604651162791,0.32558139534883723,0.09302325581395349,0,0,1,-2.656046522679135,-0.6861398905945683,Occasional / Low-Engagement
5393,1977,Graduation,Single,23763.0,1,0,2012-07-08,64,22,0,6,6,2,6,1,1,0,3,7,0,0,0,0,0,0,0,42,5,1,1,37,882,0.2,0.6,0.0,0.2,8.4,0.5238095238095238,0.14285714285714285,0.14285714285714285,0,0,1,-2.5667254198421,-0.3619027453817852,Occasional / Low-Engagement
10413,1984,Graduation,Married,72570.0,0,0,2013-07-02,67,274,83,216,151,141,224,1,4,6,12,1,0,0,0,0,0,0,0,1089,23,0,0,30,523,0.17391304347826086,0.5217391304347826,0.2608695652173913,0.043478260869565216,47.34782608695652,0.2516069788797062,0.19834710743801653,0.2056932966023875,0,0,3,3.0925886428725726,-1.2720044771688193,High-Value Elite
5015,1976,Master,Married,34529.0,1,0,2013-07-02,94,68,6,38,3,6,41,2,2,2,3,7,0,0,0,0,0,0,0,162,9,1,1,38,523,0.2222222222222222,0.3333333333333333,0.2222222222222222,0.2222222222222222,18.0,0.41975308641975306,0.2345679012345679,0.25308641975308643,0,0,1,-1.7634766252543006,-0.30231854341564646,Occasional / Low-Engagement
10868,1951,Graduation,Widow,70792.0,0,0,2013-06-02,82,344,45,654,104,11,114,2,3,4,10,3,0,0,0,0,0,0,0,1272,19,0,0,63,553,0.15789473684210525,0.5263157894736842,0.21052631578947367,0.10526315789473684,66.94736842105263,0.27044025157232704,0.5141509433962265,0.08962264150943396,0,0,3,2.151897790473789,-0.9125597350425213,High-Value Elite
10676,1982,Graduation,Married,63211.0,0,0,2012-02-11,3,145,193,459,205,26,145,2,3,8,7,2,0,0,0,0,0,0,1,1173,20,0,0,32,1030,0.15,0.35,0.4,0.1,58.65,0.12361466325660699,0.391304347826087,0.12361466325660699,0,0,3,2.3561700585750938,-0.516926558592738,High-Value Elite
2495,1974,Master,Married,83891.0,0,1,2013-07-02,24,217,38,350,111,85,15,1,4,7,10,1,0,0,0,0,0,0,0,816,22,1,1,40,523,0.18181818181818182,0.45454545454545453,0.3181818181818182,0.045454545454545456,37.09090909090909,0.2659313725490196,0.42892156862745096,0.01838235294117647,0,0,3,2.6378684803976613,-0.90604810639993,High-Value Elite
7842,1968,Graduation,Single,36065.0,1,1,2013-07-02,54,18,7,34,10,2,3,3,3,0,3,8,0,0,0,0,0,0,0,74,9,2,1,46,523,0.3333333333333333,0.3333333333333333,0.0,0.3333333333333333,8.222222222222221,0.24324324324324326,0.4594594594594595,0.04054054054054054,0,0,1,-2.3979794356276876,0.8635793269423139,Occasional / Low-Engagement
9955,1954,Graduation,Together,39898.0,0,1,2013-12-02,20,69,8,26,12,7,12,2,3,0,4,7,0,0,0,0,0,0,0,134,9,1,1,60,370,0.3333333333333333,0.4444444444444444,0.0,0.2222222222222222,14.88888888888889,0.5149253731343284,0.19402985074626866,0.08955223880597014,0,0,1,-1.7689404456093487,-0.318009097210217,Occasional / Low-Engagement
6663,1940,PhD,Single,51141.0,0,0,2013-08-07,96,144,0,7,0,0,6,1,3,1,4,5,0,0,0,0,0,0,0,157,9,0,0,74,487,0.3333333333333333,0.4444444444444444,0.1111111111111111,0.1111111111111111,17.444444444444443,0.9171974522292994,0.044585987261146494,0.03821656050955414,0,0,1,-0.8285648986727808,-1.4141452473531233,Occasional / Low-Engagement
2162,1976,Graduation,Married,56939.0,0,1,2013-07-02,19,256,34,103,90,29,49,2,3,3,10,3,0,0,0,0,0,0,0,561,18,1,1,38,523,0.16666666666666666,0.5555555555555556,0.16666666666666666,0.1111111111111111,31.166666666666668,0.4563279857397504,0.1836007130124777,0.0873440285204991,0,0,0,0.8861990137059071,-0.35061251451936304,Digital Convenience Shoppers
3434,1951,Graduation,Single,80872.0,0,0,2014-12-05,60,483,72,567,94,12,108,1,4,4,10,1,0,0,0,0,0,0,0,1336,19,0,0,63,2,0.21052631578947367,0.5263157894736842,0.21052631578947367,0.05263157894736842,70.3157894736842,0.3615269461077844,0.4244011976047904,0.08083832335329341,0,0,3,2.627129248888326,-2.198201519543413,High-Value Elite
7919,1976,PhD,Together,72335.0,0,0,2013-07-02,2,1285,105,653,28,21,0,1,10,4,8,8,0,0,0,0,0,0,1,2092,23,0,0,38,523,0.43478260869565216,0.34782608695652173,0.17391304347826086,0.043478260869565216,90.95652173913044,0.614244741873805,0.3121414913957935,0.0,0,0,0,2.8629877966732784,0.49369926103524314,Digital Convenience Shoppers
5626,1964,PhD,Single,61798.0,0,0,2013-07-02,13,338,4,89,11,8,13,1,4,2,9,4,0,0,0,0,0,0,0,463,16,0,0,50,523,0.25,0.5625,0.125,0.0625,28.9375,0.7300215982721382,0.19222462203023757,0.028077753779697623,0,0,0,0.8618471812717581,-1.0136842445497258,Digital Convenience Shoppers
6428,1950,PhD,Widow,76842.0,0,0,2014-03-05,37,605,10,345,84,54,32,1,1,8,7,0,0,0,0,0,0,0,0,1130,17,0,0,64,277,0.058823529411764705,0.4117647058823529,0.47058823529411764,0.058823529411764705,66.47058823529412,0.5353982300884956,0.3053097345132743,0.02831858407079646,0,0,3,2.3305030302773795,-2.5911617180812647,High-Value Elite
8514,1976,Graduation,Together,29478.0,1,0,2013-07-02,59,8,0,7,3,1,1,1,1,0,3,6,0,0,0,0,0,0,0,20,5,1,1,38,523,0.2,0.6,0.0,0.2,4.0,0.4,0.35,0.05,0,0,1,-2.420653024147235,-1.0152905610402185,Occasional / Low-Engagement
10448,1956,Graduation,Single,46998.0,0,1,2013-07-02,55,172,41,86,45,6,27,5,5,3,5,7,1,0,0,0,0,0,0,377,18,1,1,58,523,0.2777777777777778,0.2777777777777778,0.16666666666666666,0.2777777777777778,20.944444444444443,0.4562334217506631,0.22811671087533156,0.07161803713527852,1,1,2,-0.25696197223694844,1.4170142805939054,Deal & Discount Hunters
2109,1990,Graduation,Single,96843.0,0,0,2013-07-02,60,448,71,951,40,17,17,1,6,11,10,2,0,0,1,0,0,0,1,1544,28,0,0,24,523,0.21428571428571427,0.35714285714285715,0.39285714285714285,0.03571428571428571,55.142857142857146,0.29015544041450775,0.6159326424870466,0.011010362694300517,1,1,3,4.638690752116648,-0.9200056429495835,High-Value Elite
7530,1950,PhD,Widow,56551.0,1,1,2014-07-05,48,67,4,32,17,2,16,3,2,1,4,4,0,0,0,0,0,0,0,138,10,2,1,64,155,0.2,0.4,0.1,0.3,13.8,0.4855072463768116,0.2318840579710145,0.11594202898550725,0,0,1,-1.3792969747562447,-0.4301955750701389,Occasional / Low-Engagement
8925,1965,Master,Married,70053.0,0,1,2013-03-07,38,512,53,98,81,179,89,3,8,5,10,5,0,0,0,0,0,0,0,1012,26,1,1,49,640,0.3076923076923077,0.38461538461538464,0.19230769230769232,0.11538461538461539,38.92307692307692,0.5059288537549407,0.09683794466403162,0.08794466403162056,0,0,0,2.4339557388529514,1.3010578477900219,Digital Convenience Shoppers
3009,1962,PhD,Widow,71670.0,0,0,2013-09-07,8,1462,16,128,0,0,160,1,5,3,6,6,0,1,1,0,1,0,1,1766,15,0,0,52,456,0.3333333333333333,0.4,0.2,0.06666666666666667,117.73333333333333,0.8278595696489242,0.072480181200453,0.09060022650056625,3,1,3,1.5433828934146803,-0.9150839152304387,High-Value Elite
6355,1978,Graduation,Married,44359.0,1,1,2013-07-02,19,20,0,14,7,3,1,3,2,0,4,3,0,0,0,0,0,0,0,45,9,2,1,36,523,0.2222222222222222,0.4444444444444444,0.0,0.3333333333333333,5.0,0.4444444444444444,0.3111111111111111,0.022222222222222223,0,0,1,-1.682544159830875,-0.07624338103639429,Occasional / Low-Engagement
3517,1952,Graduation,Single,40887.0,1,1,2013-06-05,32,50,4,44,10,10,43,3,3,1,3,9,0,0,0,0,0,0,1,161,10,2,1,62,550,0.3,0.3,0.1,0.3,16.1,0.3105590062111801,0.2732919254658385,0.2670807453416149,0,0,1,-2.1806941775014073,1.0670832433630817,Occasional / Low-Engagement
1158,1966,Graduation,Divorced,48877.0,0,1,2014-05-01,27,102,1,15,2,0,24,1,3,0,4,7,0,0,0,0,0,0,0,144,8,1,1,48,220,0.375,0.5,0.0,0.125,18.0,0.7083333333333334,0.10416666666666667,0.16666666666666666,0,0,1,-1.668406746000197,-0.9214397614309884,Occasional / Low-Engagement
6203,1947,Graduation,Together,74485.0,0,0,2013-07-02,58,499,149,815,173,49,49,1,6,7,12,3,0,0,0,0,0,0,0,1734,26,0,0,67,523,0.23076923076923078,0.46153846153846156,0.2692307692307692,0.038461538461538464,66.6923076923077,0.2877739331026528,0.4700115340253749,0.02825836216839677,0,0,3,3.839694431378528,-0.62453869482906,High-Value Elite
7165,1972,Graduation,Together,64474.0,0,1,2013-07-02,59,381,35,172,56,86,93,2,8,2,10,5,0,0,0,0,0,0,0,823,22,1,1,42,523,0.36363636363636365,0.45454545454545453,0.09090909090909091,0.09090909090909091,37.40909090909091,0.4629404617253949,0.20899149453219928,0.11300121506682867,0,0,0,1.5838181868026646,0.7343469687793883,Digital Convenience Shoppers
3595,1963,Graduation,Together,77226.0,0,1,2013-07-02,29,631,43,239,128,76,21,2,6,8,12,3,0,0,0,0,0,0,0,1138,28,1,1,51,523,0.21428571428571427,0.42857142857142855,0.2857142857142857,0.07142857142857142,40.642857142857146,0.554481546572935,0.2100175746924429,0.01845342706502636,0,0,0,3.388913802112041,0.3084184127497835,Digital Convenience Shoppers
8537,1949,Graduation,Widow,72643.0,0,0,2013-07-02,60,526,80,553,123,94,53,1,3,10,7,2,0,0,0,1,0,0,1,1429,21,0,0,65,523,0.14285714285714285,0.3333333333333333,0.47619047619047616,0.047619047619047616,68.04761904761905,0.36808957312806156,0.38698390482855144,0.0370888733379986,1,1,3,2.9561720828254328,-1.5584969009389018,High-Value Elite
4331,1978,Master,Together,85738.0,0,0,2013-07-02,41,913,26,376,17,26,13,1,3,6,11,1,0,1,1,0,0,0,0,1371,21,0,0,36,523,0.14285714285714285,0.5238095238095238,0.2857142857142857,0.047619047619047616,65.28571428571429,0.6659372720641867,0.27425237053245805,0.009482129832239242,2,1,3,3.2012956649862563,-1.5820013447814014,High-Value Elite
6281,1966,Graduation,Divorced,55686.0,0,1,2013-07-02,27,673,0,199,37,47,26,2,6,3,5,4,1,0,0,0,0,0,0,982,16,1,1,48,523,0.375,0.3125,0.1875,0.125,61.375,0.685336048879837,0.20264765784114053,0.026476578411405296,1,1,0,0.6755540644332376,-0.07139846186398453,Digital Convenience Shoppers
4338,1983,Graduation,Single,39062.0,1,0,2013-07-02,28,23,0,9,0,0,12,1,1,0,3,4,1,0,0,0,0,0,0,44,5,1,1,31,523,0.2,0.6,0.0,0.2,8.8,0.5227272727272727,0.20454545454545456,0.2727272727272727,1,1,1,-2.0019987315696905,-1.3795455778328332,Occasional / Low-Engagement
2452,1971,Graduation,Together,34600.0,1,1,2013-01-01,8,199,33,60,8,3,15,5,5,2,5,8,0,0,0,0,0,0,1,318,17,2,1,43,705,0.29411764705882354,0.29411764705882354,0.11764705882352941,0.29411764705882354,18.705882352941178,0.6257861635220126,0.18867924528301888,0.04716981132075472,0,0,2,-1.1212405333074096,2.372524673351499,Deal & Discount Hunters
9507,1975,Graduation,Married,40794.0,0,1,2013-07-04,18,261,23,73,4,23,50,2,6,3,5,7,0,0,0,0,0,0,0,434,16,1,1,39,521,0.375,0.3125,0.1875,0.125,27.125,0.6013824884792627,0.16820276497695852,0.1152073732718894,0,0,0,-0.329243172936698,0.5147221914376119,Digital Convenience Shoppers
8360,1971,2n Cycle,Married,54690.0,1,1,2013-07-11,76,111,16,37,7,9,18,3,3,1,5,3,0,0,0,0,0,0,0,198,12,2,1,43,514,0.25,0.4166666666666667,0.08333333333333333,0.25,16.5,0.5606060606060606,0.18686868686868688,0.09090909090909091,0,0,1,-0.8670422708424949,0.11377719187843444,Occasional / Low-Engagement
10311,1969,Graduation,Married,4428.0,0,1,2013-05-10,0,16,4,12,2,4,321,0,25,0,0,1,0,0,0,0,0,0,0,359,25,1,1,45,576,1.0,0.0,0.0,0.0,14.36,0.04456824512534819,0.033426183844011144,0.8941504178272981,0,0,0,1.1447020398168253,1.7849962088204232,Digital Convenience Shoppers
5117,1963,2n Cycle,Married,32632.0,0,0,2012-02-08,32,63,151,137,153,19,53,2,4,4,8,5,0,0,0,0,0,0,0,576,18,0,0,51,1033,0.2222222222222222,0.4444444444444444,0.2222222222222222,0.1111111111111111,32.0,0.109375,0.2378472222222222,0.0920138888888889,0,0,0,0.624395520828852,0.27681596121782204,Digital Convenience Shoppers
4867,1968,PhD,Single,38236.0,1,1,2013-07-02,2,58,0,18,2,0,10,4,3,0,4,7,0,0,0,0,0,0,0,88,11,2,1,46,523,0.2727272727272727,0.36363636363636365,0.0,0.36363636363636365,8.0,0.6590909090909091,0.20454545454545456,0.11363636363636363,0,0,1,-2.0272753050203582,1.1412489629877016,Occasional / Low-Engagement
9289,1979,Graduation,Married,36781.0,1,0,2014-10-04,16,29,1,17,0,3,13,1,2,1,2,8,0,0,0,0,0,0,1,63,6,1,1,35,64,0.3333333333333333,0.3333333333333333,0.16666666666666666,0.16666666666666666,10.5,0.4603174603174603,0.2698412698412698,0.20634920634920634,0,0,1,-2.398594054263402,-1.1899439668532725,Occasional / Low-Engagement
10913,1984,Master,Single,31385.0,1,0,2012-05-12,56,3,2,12,0,1,9,1,1,0,2,8,1,0,0,0,0,0,1,27,4,1,1,30,939,0.25,0.5,0.0,0.25,6.75,0.1111111111111111,0.4444444444444444,0.3333333333333333,1,1,1,-2.7121904274202473,-0.22915724616359173,Occasional / Low-Engagement
3032,1984,Graduation,Married,24570.0,1,0,2013-07-02,97,28,34,62,11,14,44,3,4,0,4,9,0,0,0,0,0,0,0,193,11,1,1,30,523,0.36363636363636365,0.36363636363636365,0.0,0.2727272727272727,17.545454545454547,0.14507772020725387,0.32124352331606215,0.22797927461139897,0,0,1,-1.9953704264405254,0.790827545618413,Occasional / Low-Engagement
8524,1974,PhD,Divorced,25509.0,1,0,2013-07-02,15,40,3,30,10,7,11,3,3,0,3,9,0,0,0,0,0,0,1,101,9,1,1,40,523,0.3333333333333333,0.3333333333333333,0.0,0.3333333333333333,11.222222222222221,0.39603960396039606,0.297029702970297,0.10891089108910891,0,0,1,-2.383373960099541,0.5674606378371538,Occasional / Low-Engagement
3334,1951,Graduation,Married,94642.0,0,0,2014-12-02,35,879,143,797,106,143,143,0,5,7,9,1,0,0,1,1,0,0,0,2211,21,0,0,63,5,0.23809523809523808,0.42857142857142855,0.3333333333333333,0.0,105.28571428571429,0.39755766621438265,0.36047037539574855,0.06467661691542288,2,1,3,3.9768494379538204,-2.4918834665061618,High-Value Elite
4470,1962,Master,Married,58646.0,0,1,2013-10-06,3,62,1,44,6,5,22,1,2,1,4,4,0,0,0,0,0,0,0,140,8,1,1,52,427,0.25,0.5,0.125,0.125,17.5,0.44285714285714284,0.3142857142857143,0.15714285714285714,0,0,1,-1.0870926727340458,-1.3228136006951774,Occasional / Low-Engagement
1406,1975,Graduation,Single,53201.0,1,1,2013-12-02,49,280,7,81,20,0,27,8,6,3,5,7,0,0,0,0,0,0,0,415,22,2,1,39,370,0.2727272727272727,0.22727272727272727,0.13636363636363635,0.36363636363636365,18.863636363636363,0.6746987951807228,0.19518072289156627,0.06506024096385542,0,0,2,-0.1540336194672035,2.9711222457999273,Deal & Discount Hunters
8619,1957,Graduation,Together,21994.0,0,1,2013-07-02,4,9,0,6,3,1,3,1,0,0,3,5,0,0,0,0,0,0,0,22,4,1,1,57,523,0.0,0.75,0.0,0.25,5.5,0.4090909090909091,0.2727272727272727,0.13636363636363635,0,0,1,-2.6097774954856185,-1.3021680075664264,Occasional / Low-Engagement
10821,1978,Graduation,Married,57113.0,1,1,2013-06-02,45,182,4,33,0,2,42,6,4,1,5,7,0,0,0,0,0,0,0,263,16,2,1,36,553,0.25,0.3125,0.0625,0.375,16.4375,0.6920152091254753,0.12547528517110265,0.1596958174904943,0,0,2,-0.9380406373740088,2.079306613162785,Deal & Discount Hunters
4552,1991,Graduation,Married,51373.0,0,0,2013-07-02,37,83,2,101,64,26,117,1,3,5,3,4,0,0,0,0,0,0,0,393,12,0,0,23,523,0.25,0.25,0.4166666666666667,0.08333333333333333,32.75,0.21119592875318066,0.25699745547073793,0.29770992366412213,0,0,1,0.018505403053269108,-1.50149787004371,Occasional / Low-Engagement
898,1986,Graduation,Married,23477.0,1,0,2013-07-02,39,38,15,54,3,8,29,3,3,0,4,8,0,0,0,0,0,0,0,147,10,1,1,28,523,0.3,0.4,0.0,0.3,14.7,0.2585034013605442,0.3673469387755102,0.19727891156462585,0,0,1,-2.1006471880612496,0.47898506321392625,Occasional / Low-Engagement
9797,1956,Graduation,Married,58116.0,0,1,2013-07-02,38,228,19,130,4,11,51,2,3,3,8,2,0,0,0,0,0,0,0,443,16,1,1,58,523,0.1875,0.5,0.1875,0.125,27.6875,0.5146726862302483,0.29345372460496616,0.11512415349887133,0,0,0,0.6115036094525191,-0.664693721912099,Digital Convenience Shoppers
10949,1963,PhD,Divorced,72968.0,0,0,2013-07-02,8,1092,37,592,145,37,55,1,5,5,8,3,0,0,0,1,0,0,1,1958,19,0,0,51,523,0.2631578947368421,0.42105263157894735,0.2631578947368421,0.05263157894736842,103.05263157894737,0.557711950970378,0.3023493360572012,0.028089887640449437,1,1,3,2.7622959427652214,-1.1351137066968953,High-Value Elite
8212,1971,Master,Married,39791.0,0,1,2013-07-02,89,85,15,27,13,13,21,2,3,1,4,7,0,0,0,0,0,0,0,174,10,1,1,43,523,0.3,0.4,0.1,0.2,17.4,0.4885057471264368,0.15517241379310345,0.1206896551724138,0,0,1,-1.519278254897139,-0.10944625662484943,Occasional / Low-Engagement
6248,1947,Master,Single,91712.0,0,0,2013-07-02,47,1276,24,746,94,29,48,0,9,7,11,3,0,0,1,0,0,0,1,2217,27,0,0,67,523,0.3333333333333333,0.4074074074074074,0.25925925925925924,0.0,82.11111111111111,0.575552548488949,0.33649075327018496,0.02165087956698241,1,1,3,4.744794077234203,-0.6612534181867812,High-Value Elite
10164,1958,Graduation,Single,94472.0,0,1,2014-03-04,75,1017,33,417,108,100,16,1,5,5,5,5,0,1,1,0,0,0,0,1691,16,1,1,56,278,0.3125,0.3125,0.3125,0.0625,105.6875,0.6014192785334121,0.24659964518036664,0.009461856889414548,2,1,3,1.8990748044393708,-0.9294338873093126,High-Value Elite
4547,1960,Graduation,Together,13672.0,1,1,2013-07-02,86,6,2,9,2,1,5,2,1,0,3,8,0,0,0,0,0,0,0,25,6,2,1,54,523,0.16666666666666666,0.5,0.0,0.3333333333333333,4.166666666666667,0.24,0.36,0.2,0,0,1,-3.2005466481417733,0.2556565669516644,Occasional / Low-Engagement
6815,1980,2n Cycle,Married,96547.0,0,0,2013-07-02,4,448,21,125,52,101,62,0,7,6,8,2,1,0,1,1,0,0,1,809,21,0,0,34,523,0.3333333333333333,0.38095238095238093,0.2857142857142857,0.0,38.523809523809526,0.553770086526576,0.15451174289245984,0.07663782447466007,3,1,3,2.964021312967009,-1.343345063770956,High-Value Elite
4122,1975,Graduation,Married,79205.0,0,0,2013-07-02,73,504,23,117,179,28,44,1,6,5,4,4,0,0,0,1,0,0,1,895,16,0,0,39,523,0.375,0.25,0.3125,0.0625,55.9375,0.5631284916201117,0.13072625698324022,0.049162011173184354,1,1,3,1.5253965299624197,-1.0818913294449988,High-Value Elite
10841,1975,PhD,Together,56559.0,0,1,2013-07-02,46,226,22,133,41,31,31,3,4,3,8,4,0,0,0,0,0,0,0,484,18,1,1,39,523,0.2222222222222222,0.4444444444444444,0.16666666666666666,0.16666666666666666,26.88888888888889,0.4669421487603306,0.27479338842975204,0.0640495867768595,0,0,0,0.586723403323201,0.20013343920991294,Digital Convenience Shoppers
5370,1973,PhD,Married,32644.0,1,0,2013-07-02,38,239,3,141,0,7,23,4,7,1,6,8,1,0,0,0,0,0,0,413,18,1,1,41,523,0.3888888888888889,0.3333333333333333,0.05555555555555555,0.2222222222222222,22.944444444444443,0.5786924939467313,0.3414043583535109,0.05569007263922518,1,1,2,-0.5521741740841594,1.636685233339719,Deal & Discount Hunters
176,1980,2n Cycle,Single,67506.0,0,1,2014-02-01,73,90,38,67,33,36,67,1,4,1,6,3,0,0,0,0,0,0,0,331,12,1,1,34,309,0.3333333333333333,0.5,0.08333333333333333,0.08333333333333333,27.583333333333332,0.2719033232628399,0.20241691842900303,0.20241691842900303,0,0,1,-0.031567718762218436,-1.2207973807089714,Occasional / Low-Engagement
4860,1970,Graduation,Single,24206.0,1,0,2013-08-03,66,7,2,8,3,2,3,1,1,0,3,6,0,0,0,0,0,0,0,25,5,1,1,44,491,0.2,0.6,0.0,0.2,5.0,0.28,0.32,0.12,0,0,1,-2.518119029561428,-1.0353745813372746,Occasional / Low-Engagement
10757,1967,PhD,Divorced,28420.0,1,0,2013-07-02,36,4,2,5,2,0,0,1,1,0,2,6,0,0,0,0,0,0,0,13,4,1,1,47,523,0.25,0.5,0.0,0.25,3.25,0.3076923076923077,0.38461538461538464,0.0,0,0,1,-2.617101630014662,-1.0791302594970262,Occasional / Low-Engagement
4023,1970,Graduation,Married,22979.0,1,0,2012-06-09,29,16,17,19,20,21,22,3,3,2,2,8,0,0,0,0,0,0,1,115,10,1,1,44,911,0.3,0.2,0.2,0.3,11.5,0.1391304347826087,0.16521739130434782,0.19130434782608696,0,0,1,-2.0365332121721402,0.8942345547855471,Occasional / Low-Engagement
6679,1966,Graduation,Single,33279.0,0,0,2014-12-06,29,10,3,3,0,0,0,1,0,0,3,3,0,0,0,0,0,0,0,16,4,0,0,48,1,0.0,0.75,0.0,0.25,4.0,0.625,0.1875,0.0,0,0,1,-1.939792960527338,-2.8763260200643797,Occasional / Low-Engagement
9923,1972,Master,Single,46423.0,1,1,2013-07-02,6,68,0,16,0,0,8,3,2,0,4,7,0,0,0,0,0,0,0,92,9,2,1,42,523,0.2222222222222222,0.4444444444444444,0.0,0.3333333333333333,10.222222222222221,0.7391304347826086,0.17391304347826086,0.08695652173913043,0,0,1,-2.0784564221243254,0.5692969337042607,Occasional / Low-Engagement
7181,1977,Graduation,Married,30368.0,0,1,2013-07-11,97,35,0,13,2,0,2,2,2,0,3,8,0,0,0,0,0,0,0,52,7,1,1,37,514,0.2857142857142857,0.42857142857142855,0.0,0.2857142857142857,7.428571428571429,0.6730769230769231,0.25,0.038461538461538464,0,0,1,-2.4017239792471434,-0.17892510277681747,Occasional / Low-Engagement
3599,1970,Graduation,Married,63684.0,0,1,2013-07-02,61,575,80,428,208,93,80,3,8,4,8,5,0,0,0,0,0,0,0,1464,23,1,1,44,523,0.34782608695652173,0.34782608695652173,0.17391304347826086,0.13043478260869565,63.65217391304348,0.3927595628415301,0.2923497267759563,0.0546448087431694,0,0,0,2.0971739397101397,0.9734619623081586,Digital Convenience Shoppers
405,1964,Graduation,Divorced,41638.0,0,1,2013-07-02,68,315,0,31,4,0,91,4,5,5,3,8,1,0,0,0,0,0,0,441,17,1,1,50,523,0.29411764705882354,0.17647058823529413,0.29411764705882354,0.23529411764705882,25.941176470588236,0.7142857142857143,0.07029478458049887,0.20634920634920634,1,1,2,-0.4393517792721828,1.1359977327161555,Deal & Discount Hunters
6870,1959,PhD,Divorced,68805.0,0,1,2013-07-02,73,182,2,49,17,13,20,1,3,1,7,2,0,0,0,0,0,0,0,283,12,1,1,55,523,0.25,0.5833333333333334,0.08333333333333333,0.08333333333333333,23.583333333333332,0.6431095406360424,0.17314487632508835,0.0706713780918728,0,0,1,0.12043681879436524,-1.2034557408331976,Occasional / Low-Engagement
832,1966,PhD,Together,65814.0,0,1,2014-02-03,90,561,14,113,10,14,35,3,8,2,10,5,0,0,0,0,0,0,0,747,23,1,1,48,307,0.34782608695652173,0.43478260869565216,0.08695652173913043,0.13043478260869565,32.47826086956522,0.751004016064257,0.15127175368139223,0.04685408299866131,0,0,0,1.5756511704483216,0.811743154599206,Digital Convenience Shoppers
2002,1958,Graduation,Divorced,71964.0,0,0,2013-07-02,81,587,51,932,180,34,86,1,5,6,5,3,0,0,0,0,0,0,0,1870,17,0,0,56,523,0.29411764705882354,0.29411764705882354,0.35294117647058826,0.058823529411764705,110.0,0.313903743315508,0.4983957219251337,0.045989304812834225,0,0,3,2.3806429089843055,-1.336860042459581,High-Value Elite
3657,1986,Graduation,Single,39146.0,1,0,2013-07-02,1,94,1,33,13,12,12,3,4,0,4,8,0,0,0,0,0,0,0,165,11,1,1,28,523,0.36363636363636365,0.36363636363636365,0.0,0.2727272727272727,15.0,0.5696969696969697,0.2,0.07272727272727272,0,0,1,-1.650468812102072,0.5849313361992241,Occasional / Low-Engagement
500,1977,Graduation,Together,96876.0,0,0,2013-06-08,79,908,43,735,40,194,21,1,7,7,9,2,0,1,1,1,0,0,1,1941,24,0,0,37,547,0.2916666666666667,0.375,0.2916666666666667,0.041666666666666664,80.875,0.4678001030396703,0.3786707882534776,0.010819165378670788,3,1,3,4.175533478278186,-0.925274316735907,High-Value Elite
1951,1981,Basic,Married,34445.0,0,0,2013-07-02,92,228,122,122,208,129,30,6,11,2,8,9,0,0,0,0,0,0,0,839,27,0,0,33,523,0.4074074074074074,0.2962962962962963,0.07407407407407407,0.2222222222222222,31.074074074074073,0.27175208581644816,0.14541120381406436,0.03575685339690107,0,0,2,1.2305824463837416,2.823333550314956,Deal & Discount Hunters
3262,1958,Graduation,Single,68281.0,0,0,2012-07-08,31,995,112,417,42,48,41,1,2,9,13,5,0,0,0,0,0,0,1,1655,25,0,0,56,882,0.08,0.52,0.36,0.04,66.2,0.6012084592145015,0.25196374622356493,0.024773413897280966,0,0,3,3.399781744554507,-0.3389489228291032,High-Value Elite
4102,1975,2n Cycle,Married,37284.0,1,1,2013-07-02,46,11,1,2,2,1,6,1,0,0,3,6,0,0,0,0,0,0,0,23,4,2,1,39,523,0.0,0.75,0.0,0.25,5.75,0.4782608695652174,0.08695652173913043,0.2608695652173913,0,0,1,-2.7489832509320586,-0.7019279190628581,Occasional / Low-Engagement
7042,1983,Graduation,Married,36790.0,0,0,2013-01-03,14,3,3,14,15,21,10,1,2,1,2,9,0,0,0,0,0,0,1,66,6,0,0,31,703,0.3333333333333333,0.3333333333333333,0.16666666666666666,0.16666666666666666,11.0,0.045454545454545456,0.21212121212121213,0.15151515151515152,0,0,1,-2.093296635109903,-0.7085089676249238,Occasional / Low-Engagement
10598,1967,Graduation,Together,27943.0,1,1,2013-07-02,89,12,1,16,4,1,3,3,2,0,3,8,0,0,0,0,0,0,0,37,8,2,1,47,523,0.25,0.375,0.0,0.375,4.625,0.32432432432432434,0.43243243243243246,0.08108108108108109,0,0,1,-2.7228825346260397,0.7259643556562662,Occasional / Low-Engagement
255,1951,Graduation,Divorced,22263.0,1,1,2013-07-02,31,17,0,2,0,0,2,2,1,0,3,6,0,0,0,0,0,1,0,21,6,2,1,63,523,0.16666666666666666,0.5,0.0,0.3333333333333333,3.5,0.8095238095238095,0.09523809523809523,0.09523809523809523,0,0,1,-2.8246875249980925,-0.0975193791819108,Occasional / Low-Engagement
2375,1972,Graduation,Together,30261.0,1,2,2013-07-02,75,8,0,5,0,3,6,1,0,0,3,8,0,0,0,0,0,0,0,22,4,3,1,42,523,0.0,0.75,0.0,0.25,5.5,0.36363636363636365,0.22727272727272727,0.2727272727272727,0,0,1,-3.419506856019835,0.16344778261694737,Occasional / Low-Engagement
9829,1978,Graduation,Together,28587.0,1,0,2014-12-02,42,22,4,17,12,10,13,3,2,0,4,6,0,0,0,0,0,0,0,78,9,1,1,36,5,0.2222222222222222,0.4444444444444444,0.0,0.3333333333333333,8.666666666666666,0.28205128205128205,0.21794871794871795,0.16666666666666666,0,0,1,-2.0637034685422067,-0.7092546302828044,Occasional / Low-Engagement
6214,1982,Master,Married,43815.0,1,0,2013-05-04,53,14,10,29,4,7,15,1,2,0,3,6,0,0,0,0,0,0,0,79,6,1,1,32,582,0.3333333333333333,0.5,0.0,0.16666666666666666,13.166666666666666,0.17721518987341772,0.3670886075949367,0.189873417721519,0,0,1,-1.9501422684294414,-0.8358628372006712,Occasional / Low-Engagement
4954,1956,Graduation,Married,48195.0,1,1,2013-07-02,53,106,27,68,52,7,5,6,4,2,5,6,0,0,0,0,0,0,0,265,17,2,1,58,523,0.23529411764705882,0.29411764705882354,0.11764705882352941,0.35294117647058826,15.588235294117647,0.4,0.25660377358490566,0.018867924528301886,0,0,2,-0.804072633799355,1.940430668885886,Deal & Discount Hunters
7861,1952,Master,Married,77027.0,0,1,2014-05-02,23,820,57,242,45,0,11,2,8,3,6,4,0,0,0,0,0,0,0,1175,19,1,1,62,219,0.42105263157894735,0.3157894736842105,0.15789473684210525,0.10526315789473684,61.8421052631579,0.6978723404255319,0.20595744680851064,0.009361702127659575,0,0,0,1.6331698239408923,-0.16084809107386336,Digital Convenience Shoppers
4837,1965,PhD,Married,71322.0,0,1,2013-07-02,57,753,43,226,69,10,204,2,8,5,13,4,0,0,0,0,0,0,0,1305,28,1,1,49,523,0.2857142857142857,0.4642857142857143,0.17857142857142858,0.07142857142857142,46.607142857142854,0.5770114942528736,0.1731800766283525,0.15632183908045977,0,0,0,3.214374529955625,0.8143772642558363,Digital Convenience Shoppers
9423,1979,Master,Married,32765.0,1,0,2013-07-02,49,13,3,17,7,3,3,2,2,0,4,5,0,0,0,0,0,0,0,46,8,1,1,35,523,0.25,0.5,0.0,0.25,5.75,0.2826086956521739,0.3695652173913043,0.06521739130434782,0,0,1,-1.8552619573267692,-0.5841912875186182,Occasional / Low-Engagement
4198,1965,Graduation,Together,29672.0,1,1,2013-12-03,6,9,1,3,0,4,8,1,0,0,3,6,0,0,0,0,0,0,0,25,4,2,1,49,369,0.0,0.75,0.0,0.25,6.25,0.36,0.12,0.32,0,0,1,-2.9215902866610945,-0.8600501378598613,Occasional / Low-Engagement
153,1953,Graduation,Divorced,23272.0,0,0,2013-07-02,29,19,3,6,4,2,12,1,1,0,3,4,0,0,0,0,0,0,0,46,5,0,0,61,523,0.2,0.6,0.0,0.2,9.2,0.41304347826086957,0.13043478260869565,0.2608695652173913,0,0,1,-1.9768056341355154,-1.8233550105798306,Occasional / Low-Engagement
9323,1949,Master,Together,49912.0,0,1,2012-07-09,5,520,8,223,32,49,42,4,10,5,7,8,1,0,0,0,0,0,1,874,26,1,1,65,881,0.38461538461538464,0.2692307692307692,0.19230769230769232,0.15384615384615385,33.61538461538461,0.5949656750572082,0.2551487414187643,0.04805491990846682,1,1,0,1.5126054880502813,2.690168089349269,Digital Convenience Shoppers
10001,1985,2n Cycle,Together,7500.0,1,0,2012-01-08,98,5,17,17,13,14,34,4,2,1,3,9,0,0,0,0,0,0,0,100,10,1,1,29,1064,0.2,0.3,0.1,0.4,10.0,0.05,0.17,0.34,0,0,1,-2.533661345085715,1.5575182067261004,Occasional / Low-Engagement
3945,1947,PhD,Widow,68117.0,0,1,2013-10-03,80,618,44,215,0,17,36,2,11,8,4,6,1,0,0,0,0,0,1,930,25,1,1,67,430,0.44,0.16,0.32,0.08,37.2,0.6645161290322581,0.23118279569892472,0.03870967741935484,1,1,0,2.171086603012027,0.9685696035545971,Digital Convenience Shoppers
3799,1955,Graduation,Married,67225.0,0,1,2013-07-02,4,315,35,322,46,7,143,3,7,2,11,5,0,0,0,0,0,0,0,868,23,1,1,59,523,0.30434782608695654,0.4782608695652174,0.08695652173913043,0.13043478260869565,37.73913043478261,0.3629032258064516,0.3709677419354839,0.16474654377880185,0,0,0,1.7132059635797638,1.0039710115615372,Digital Convenience Shoppers
8625,1976,Graduation,Married,17649.0,1,0,2013-12-11,70,15,1,23,0,5,1,3,3,0,3,8,0,0,0,0,0,0,0,45,9,1,1,38,361,0.3333333333333333,0.3333333333333333,0.0,0.3333333333333333,5.0,0.3333333333333333,0.5111111111111111,0.022222222222222223,0,0,1,-2.4661023491240246,0.21921802163633766,Occasional / Low-Engagement
3491,1975,Graduation,Together,55914.0,0,1,2013-07-02,32,384,60,364,119,101,232,4,11,6,8,7,0,0,0,0,0,0,0,1260,29,1,1,39,523,0.3793103448275862,0.27586206896551724,0.20689655172413793,0.13793103448275862,43.44827586206897,0.3047619047619048,0.28888888888888886,0.18412698412698414,0,0,0,2.4623693642077567,2.275544171446345,Digital Convenience Shoppers
983,1984,Graduation,Married,40059.0,1,0,2013-07-02,82,110,29,92,28,10,145,1,6,2,3,8,1,0,0,0,0,0,0,414,12,1,1,30,523,0.5,0.25,0.16666666666666666,0.08333333333333333,34.5,0.26570048309178745,0.2222222222222222,0.3502415458937198,1,1,1,-1.0262395609952264,0.13106710823709666,Occasional / Low-Engagement
9119,1950,Graduation,Together,60905.0,0,1,2013-05-12,27,208,17,76,36,17,38,2,3,3,7,2,0,0,0,0,0,0,0,392,15,1,1,64,574,0.2,0.4666666666666667,0.2,0.13333333333333333,26.133333333333333,0.5306122448979592,0.19387755102040816,0.09693877551020408,0,0,0,0.46632400559262654,-0.6793796802651173,Digital Convenience Shoppers
4786,1977,Graduation,Married,75330.0,1,1,2012-04-10,94,555,82,257,93,61,61,4,10,3,12,6,0,0,0,0,0,0,0,1109,29,2,1,37,971,0.3448275862068966,0.41379310344827586,0.10344827586206896,0.13793103448275862,38.241379310344826,0.5004508566275925,0.23174030658250677,0.05500450856627592,0,0,0,2.562729646982549,3.1657460503705255,Digital Convenience Shoppers
5872,1951,Graduation,Single,60689.0,0,1,2013-01-06,23,240,90,216,63,6,24,4,4,4,10,3,0,0,0,0,0,0,0,639,22,1,1,63,700,0.18181818181818182,0.45454545454545453,0.18181818181818182,0.18181818181818182,29.045454545454547,0.3755868544600939,0.3380281690140845,0.03755868544600939,0,0,0,1.4779798553792154,0.7853101508506184,Digital Convenience Shoppers
6568,1984,Graduation,Married,38680.0,1,0,2013-07-02,97,11,0,36,15,5,12,1,2,0,3,7,0,0,0,0,0,0,0,79,6,1,1,30,523,0.3333333333333333,0.5,0.0,0.16666666666666666,13.166666666666666,0.13924050632911392,0.45569620253164556,0.1518987341772152,0,0,1,-2.1611274074747158,-0.7357114322584779,Occasional / Low-Engagement
5628,1982,Graduation,Together,61416.0,0,0,2013-08-02,25,848,154,323,201,61,78,1,10,3,10,6,1,0,0,0,0,0,0,1665,24,0,0,32,492,0.4166666666666667,0.4166666666666667,0.125,0.041666666666666664,69.375,0.5093093093093093,0.193993993993994,0.04684684684684685,1,1,0,2.7474026567908534,0.3144788049032815,Digital Convenience Shoppers
5631,1991,Graduation,Single,49767.0,0,0,2013-02-05,92,202,47,197,55,42,149,1,5,4,8,4,0,0,0,0,0,0,0,692,18,0,0,23,670,0.2777777777777778,0.4444444444444444,0.2222222222222222,0.05555555555555555,38.44444444444444,0.29190751445086704,0.2846820809248555,0.2153179190751445,0,0,0,1.1979247072245636,-0.6524009454731002,Digital Convenience Shoppers
4974,1970,Graduation,Single,83273.0,1,2,2013-07-02,98,433,89,650,16,102,102,10,4,6,9,7,0,0,0,0,0,0,0,1392,29,3,1,44,523,0.13793103448275862,0.3103448275862069,0.20689655172413793,0.3448275862068966,48.0,0.3110632183908046,0.46695402298850575,0.07327586206896551,0,0,2,1.8042167745335975,4.257246543899282,Deal & Discount Hunters
8416,1981,Graduation,Married,29009.0,1,0,2013-07-02,19,6,6,15,10,5,2,2,2,0,3,6,0,0,0,0,0,0,0,44,7,1,1,33,523,0.2857142857142857,0.42857142857142855,0.0,0.2857142857142857,6.285714285714286,0.13636363636363635,0.3409090909090909,0.045454545454545456,0,0,1,-2.215398170593895,-0.47126442610497277,Occasional / Low-Engagement
5454,1979,Master,Married,45057.0,1,0,2013-01-12,80,37,0,7,3,0,3,1,2,0,3,5,0,0,0,0,0,0,0,50,6,1,1,35,694,0.3333333333333333,0.5,0.0,0.16666666666666666,8.333333333333334,0.74,0.14,0.06,0,0,1,-1.8073481353583878,-0.8635369258261482,Occasional / Low-Engagement
4095,1971,Graduation,Married,37150.0,1,0,2012-11-09,80,167,37,64,49,34,116,8,4,3,6,7,0,0,0,0,0,0,0,467,21,1,1,43,758,0.19047619047619047,0.2857142857142857,0.14285714285714285,0.38095238095238093,22.238095238095237,0.3576017130620985,0.13704496788008566,0.24839400428265523,0,0,2,-0.17559514170871962,2.761548522558591,Deal & Discount Hunters
5474,1970,Graduation,Single,43020.0,1,0,2013-07-02,79,45,7,99,4,25,43,3,4,1,4,6,0,0,0,0,0,0,0,223,12,1,1,44,523,0.3333333333333333,0.3333333333333333,0.08333333333333333,0.25,18.583333333333332,0.20179372197309417,0.4439461883408072,0.19282511210762332,0,0,1,-1.1062349312647537,0.24680797816941474,Occasional / Low-Engagement
4268,1959,Graduation,Married,53154.0,0,1,2014-09-06,50,129,0,21,0,1,7,1,3,1,4,4,0,0,0,0,0,0,0,158,9,1,1,55,92,0.3333333333333333,0.4444444444444444,0.1111111111111111,0.1111111111111111,17.555555555555557,0.8164556962025317,0.13291139240506328,0.04430379746835443,0,0,1,-1.0639266341197793,-1.5771700519909702,Occasional / Low-Engagement
10701,1973,Graduation,Married,65308.0,0,0,2013-11-09,60,713,0,264,120,80,34,1,7,8,12,4,0,0,1,1,0,0,0,1211,28,0,0,41,393,0.25,0.42857142857142855,0.2857142857142857,0.03571428571428571,43.25,0.5887696118909992,0.2180016515276631,0.028075970272502065,2,1,3,3.511952235040395,-0.36688338050621766,High-Value Elite
3507,1970,Graduation,Single,76467.0,1,0,2013-07-02,44,676,161,426,210,44,58,2,2,5,5,6,0,0,0,0,0,0,1,1575,14,1,1,44,523,0.14285714285714285,0.35714285714285715,0.35714285714285715,0.14285714285714285,112.5,0.4292063492063492,0.2704761904761905,0.036825396825396824,0,0,3,0.9824203369123818,-0.4920990350856931,High-Value Elite
2079,1947,2n Cycle,Married,81044.0,0,0,2013-07-02,0,450,26,535,73,98,26,1,5,6,10,1,0,0,0,0,0,0,0,1208,22,0,0,67,523,0.22727272727272727,0.45454545454545453,0.2727272727272727,0.045454545454545456,54.90909090909091,0.37251655629139074,0.44288079470198677,0.02152317880794702,0,0,3,3.139646908812495,-1.2812593960525174,High-Value Elite
626,1951,Graduation,Married,32871.0,1,1,2013-09-03,28,22,2,12,0,2,5,1,1,0,3,4,0,0,0,0,0,0,0,43,5,2,1,63,460,0.2,0.6,0.0,0.2,8.6,0.5116279069767442,0.27906976744186046,0.11627906976744186,0,0,1,-2.4417337643528603,-0.9207686125004464,Occasional / Low-Engagement
4426,1975,Graduation,Single,55801.0,1,1,2013-07-02,35,367,4,51,6,4,95,6,7,2,6,7,0,0,0,1,0,0,0,527,21,2,1,39,523,0.3333333333333333,0.2857142857142857,0.09523809523809523,0.2857142857142857,25.095238095238095,0.6963946869070209,0.0967741935483871,0.18026565464895636,1,1,2,0.036168517099431946,2.6378316204666,Deal & Discount Hunters
2591,1959,Graduation,Widow,76320.0,0,1,2013-07-02,49,526,35,214,69,53,35,2,6,3,4,2,0,0,0,0,0,0,0,932,15,1,1,55,523,0.4,0.26666666666666666,0.2,0.13333333333333333,62.13333333333333,0.5643776824034334,0.2296137339055794,0.03755364806866953,0,0,0,1.0904630420766412,-0.5656371373615469,Digital Convenience Shoppers
10509,1955,Master,Single,36927.0,1,1,2014-02-06,46,51,0,16,0,0,4,2,3,0,3,8,0,0,0,0,0,0,0,71,8,2,1,59,304,0.375,0.375,0.0,0.25,8.875,0.7183098591549296,0.22535211267605634,0.056338028169014086,0,0,1,-2.470548076478117,0.21024047856501557,Occasional / Low-Engagement
6382,1953,Graduation,Together,48794.0,1,1,2013-07-02,97,25,0,11,3,0,15,1,1,0,3,4,0,0,0,0,0,0,0,54,5,2,1,61,523,0.2,0.6,0.0,0.2,10.8,0.46296296296296297,0.2037037037037037,0.2777777777777778,0,0,1,-2.1157403571190363,-0.9246432676387314,Occasional / Low-Engagement
6673,1965,Graduation,Single,23478.0,0,0,2013-07-02,51,28,6,27,12,17,39,1,3,0,3,8,0,0,0,0,0,0,0,129,7,0,0,49,523,0.42857142857142855,0.42857142857142855,0.0,0.14285714285714285,18.428571428571427,0.21705426356589147,0.20930232558139536,0.3023255813953488,0,0,1,-2.0607389444406894,-0.843021405777823,Occasional / Low-Engagement
7441,1973,Graduation,Divorced,71128.0,1,0,2012-06-10,80,958,159,447,20,0,31,3,2,10,12,7,0,0,0,0,0,0,0,1615,27,1,1,41,910,0.07407407407407407,0.4444444444444444,0.37037037037037035,0.1111111111111111,59.81481481481482,0.5931888544891641,0.27678018575851393,0.019195046439628483,0,0,0,3.007417595460722,1.2026847956935243,Digital Convenience Shoppers
1071,1976,PhD,Divorced,70179.0,0,1,2013-07-02,10,532,88,168,69,44,133,3,7,3,13,5,0,0,0,0,0,0,0,1034,26,1,1,38,523,0.2692307692307692,0.5,0.11538461538461539,0.11538461538461539,39.76923076923077,0.5145067698259188,0.16247582205029013,0.1286266924564797,0,0,0,2.402791481919648,1.1543316176050893,Digital Convenience Shoppers
10061,1950,Graduation,Married,59462.0,0,1,2013-05-01,29,724,17,143,0,8,196,2,9,2,12,7,0,0,0,0,0,0,0,1088,25,1,1,64,585,0.36,0.48,0.08,0.08,43.52,0.6654411764705882,0.13143382352941177,0.1801470588235294,0,0,0,1.93865493694832,1.4719248673516538,Digital Convenience Shoppers
7187,1969,Master,Together,50943.0,1,1,2013-07-02,52,375,42,48,94,66,96,7,4,10,4,3,0,0,0,0,0,0,0,721,25,2,1,45,523,0.16,0.16,0.4,0.28,28.84,0.5201109570041609,0.06657420249653259,0.13314840499306518,0,0,2,1.26589778822622,1.9146550942214564,Deal & Discount Hunters
8775,1969,Graduation,Together,38361.0,1,0,2013-07-02,74,39,0,56,20,8,14,3,3,1,3,7,0,0,0,0,0,0,0,137,10,1,1,45,523,0.3,0.3,0.1,0.3,13.7,0.2846715328467153,0.40875912408759124,0.10218978102189781,0,0,1,-1.6929499858778212,0.19494249788105086,Occasional / Low-Engagement
1612,1981,PhD,Single,55212.0,1,0,2013-07-02,82,23,0,15,0,2,7,2,3,0,3,6,0,0,0,0,0,0,0,47,8,1,1,33,523,0.375,0.375,0.0,0.25,5.875,0.48936170212765956,0.3191489361702128,0.14893617021276595,0,0,1,-1.5601673942212677,-0.43272927040946607,Occasional / Low-Engagement
2345,1982,PhD,Together,70038.0,0,0,2013-07-02,54,587,54,348,71,54,130,1,4,4,8,2,0,0,0,0,0,0,0,1244,17,0,0,32,523,0.23529411764705882,0.47058823529411764,0.23529411764705882,0.058823529411764705,73.17647058823529,0.47186495176848875,0.2797427652733119,0.1045016077170418,0,0,3,1.997388305935521,-1.4505908496067974,High-Value Elite
322,1978,Graduation,Together,42554.0,1,1,2013-12-01,93,29,1,11,0,0,0,2,2,0,3,4,0,0,0,0,0,0,0,41,7,2,1,36,371,0.2857142857142857,0.42857142857142855,0.0,0.2857142857142857,5.857142857142857,0.7073170731707317,0.2682926829268293,0.0,0,0,1,-2.059854691723374,-0.5584428351306425,Occasional / Low-Engagement
10897,1974,Graduation,Married,67445.0,0,1,2012-12-08,63,757,80,217,29,80,11,5,9,6,12,6,0,0,0,0,0,0,0,1174,32,1,1,40,729,0.28125,0.375,0.1875,0.15625,36.6875,0.6448040885860307,0.1848381601362862,0.009369676320272573,0,0,0,3.175360986548821,2.6528220565613387,Digital Convenience Shoppers
123,1951,Graduation,Widow,67046.0,0,1,2013-06-01,92,544,35,133,23,151,107,2,4,5,4,2,0,0,0,0,0,0,0,993,15,1,1,63,554,0.26666666666666666,0.26666666666666666,0.3333333333333333,0.13333333333333333,66.2,0.5478348439073515,0.1339375629405841,0.10775427995971802,0,0,3,1.030609472896942,-0.7806794758993375,High-Value Elite
6103,1948,Graduation,Married,42192.0,0,0,2013-06-09,40,40,15,15,17,6,7,1,2,1,3,4,0,0,0,0,0,0,0,100,7,0,0,66,546,0.2857142857142857,0.42857142857142855,0.14285714285714285,0.14285714285714285,14.285714285714286,0.4,0.15,0.07,0,0,1,-1.2433987041019474,-1.6882105950870805,Occasional / Low-Engagement
7899,1952,PhD,Married,77610.0,0,1,2013-07-02,70,1245,33,332,21,33,16,2,4,7,4,7,0,0,0,0,0,0,0,1680,17,1,1,62,523,0.23529411764705882,0.23529411764705882,0.4117647058823529,0.11764705882352941,98.82352941176471,0.7410714285714286,0.1976190476190476,0.009523809523809525,0,0,0,1.4809280811225018,-0.030341476872529048,Digital Convenience Shoppers
10500,1984,Graduation,Married,31761.0,1,0,2014-05-04,96,19,1,20,16,14,28,2,3,0,4,5,0,0,0,0,0,0,0,98,9,1,1,30,217,0.3333333333333333,0.4444444444444444,0.0,0.2222222222222222,10.88888888888889,0.19387755102040816,0.20408163265306123,0.2857142857142857,0,0,1,-1.7210326851429467,-0.8225456264076036,Occasional / Low-Engagement
1655,1979,Graduation,Together,34350.0,1,0,2013-07-02,81,16,3,15,2,1,11,1,1,0,3,7,0,0,0,0,0,0,0,48,5,1,1,35,523,0.2,0.6,0.0,0.2,9.6,0.3333333333333333,0.3125,0.22916666666666666,0,0,1,-2.422744629838016,-0.8794710366680023,Occasional / Low-Engagement
2406,1949,Graduation,Together,54591.0,0,1,2013-05-08,63,376,4,94,12,9,24,3,6,2,8,5,0,0,0,0,0,0,0,519,19,1,1,65,578,0.3157894736842105,0.42105263157894735,0.10526315789473684,0.15789473684210525,27.31578947368421,0.7244701348747592,0.1811175337186898,0.046242774566473986,0,0,0,0.6010314678190313,0.7483035325271252,Digital Convenience Shoppers
2712,1956,Graduation,Married,71866.0,0,1,2013-07-02,85,184,178,178,103,39,33,1,6,3,10,3,0,0,0,0,0,0,0,715,20,1,1,58,523,0.3,0.5,0.15,0.05,35.75,0.2573426573426573,0.24895104895104894,0.046153846153846156,0,0,0,1.7041147565664567,-0.3017635709605164,Digital Convenience Shoppers
5517,1969,Graduation,Married,25293.0,1,0,2013-07-02,51,15,0,11,0,2,9,1,1,1,2,8,0,0,0,0,0,0,0,37,5,1,1,45,523,0.2,0.4,0.2,0.2,7.4,0.40540540540540543,0.2972972972972973,0.24324324324324326,0,0,1,-2.702606130040282,-0.7164630345456952,Occasional / Low-Engagement
10643,1987,PhD,Single,42000.0,0,0,2013-10-01,23,124,83,267,85,59,35,2,5,2,11,5,0,0,0,0,0,0,1,653,20,0,0,27,432,0.25,0.55,0.1,0.1,32.65,0.18989280245022971,0.40888208269525267,0.05359877488514548,0,0,0,1.0401958905434374,-0.2111185100917089,Digital Convenience Shoppers
2254,1983,Graduation,Married,69520.0,0,0,2013-07-07,95,627,120,414,121,80,93,1,9,6,5,5,0,0,0,0,0,0,0,1455,21,0,0,31,518,0.42857142857142855,0.23809523809523808,0.2857142857142857,0.047619047619047616,69.28571428571429,0.4309278350515464,0.2845360824742268,0.06391752577319587,0,0,3,2.445577139939241,-0.3133776017365486,High-Value Elite
10281,1970,Graduation,Divorced,64713.0,1,0,2014-07-02,11,180,60,241,13,54,54,2,5,5,7,4,0,0,0,0,0,0,1,602,19,1,1,44,158,0.2631578947368421,0.3684210526315789,0.2631578947368421,0.10526315789473684,31.68421052631579,0.29900332225913623,0.4003322259136213,0.08970099667774087,0,0,0,1.0609823970699381,-0.5296199864961514,Digital Convenience Shoppers
6958,1977,Master,Married,27889.0,1,0,2013-05-07,42,14,0,4,0,0,8,1,1,1,2,6,0,0,0,0,0,0,0,26,5,1,1,37,579,0.2,0.4,0.2,0.2,5.2,0.5384615384615384,0.15384615384615385,0.3076923076923077,0,0,1,-2.423197416012053,-0.9798141922724347,Occasional / Low-Engagement
954,1960,Basic,Widow,22123.0,0,0,2013-07-02,77,3,3,24,34,7,31,1,2,1,3,5,0,0,0,0,0,0,0,102,7,0,0,54,523,0.2857142857142857,0.42857142857142855,0.14285714285714285,0.14285714285714285,14.571428571428571,0.029411764705882353,0.23529411764705882,0.30392156862745096,0,0,1,-1.723803484386162,-1.4738502195622913,Occasional / Low-Engagement
5079,1971,Graduation,Married,52028.5,1,1,2013-03-03,82,71,1,16,0,0,9,4,2,1,3,8,0,0,0,0,0,0,0,97,10,2,1,43,644,0.2,0.3,0.1,0.4,9.7,0.7319587628865979,0.16494845360824742,0.09278350515463918,0,0,1,-1.9860019872209207,1.1678533837687295,Occasional / Low-Engagement
10339,1954,Master,Together,50943.0,0,1,2013-07-02,83,161,0,22,0,0,24,2,4,1,4,6,0,0,0,0,0,0,0,207,11,1,1,60,523,0.36363636363636365,0.36363636363636365,0.09090909090909091,0.18181818181818182,18.818181818181817,0.7777777777777778,0.10628019323671498,0.11594202898550725,0,0,1,-1.019231422490006,-0.15484182116301373,Occasional / Low-Engagement
4643,1973,Graduation,Married,27803.0,1,0,2013-07-02,40,8,26,46,38,9,49,2,3,0,4,8,0,0,0,0,0,0,0,176,9,1,1,41,523,0.3333333333333333,0.4444444444444444,0.0,0.2222222222222222,19.555555555555557,0.045454545454545456,0.26136363636363635,0.2784090909090909,0,0,1,-2.0493456638507497,0.09140370110868447,Occasional / Low-Engagement
3117,1955,Graduation,Single,52028.5,0,1,2013-07-02,95,264,0,21,12,6,147,3,6,1,5,7,0,0,0,0,0,0,0,450,15,1,1,59,523,0.4,0.3333333333333333,0.06666666666666667,0.2,30.0,0.5866666666666667,0.04666666666666667,0.32666666666666666,0,0,2,-0.41418255667594633,0.76460119854893,Deal & Discount Hunters
6497,1960,Graduation,Married,51651.0,0,1,2012-07-11,32,293,6,23,13,6,92,4,6,2,5,8,0,0,0,0,0,0,0,433,17,1,1,54,879,0.35294117647058826,0.29411764705882354,0.11764705882352941,0.23529411764705882,25.470588235294116,0.6766743648960739,0.053117782909930716,0.21247113163972287,0,0,2,-0.27081171080489447,1.8000433410765806,Deal & Discount Hunters
5396,1988,Graduation,Married,68487.0,0,0,2013-07-02,48,758,12,385,33,89,89,1,9,7,13,4,0,0,0,0,0,0,0,1366,30,0,0,26,523,0.3,0.43333333333333335,0.23333333333333334,0.03333333333333333,45.53333333333333,0.554904831625183,0.28184480234260617,0.06515373352855051,0,0,0,3.993760037896771,0.16590740369889564,Digital Convenience Shoppers
5250,1943,Master,Widow,50943.0,0,0,2013-07-02,75,532,126,490,164,126,126,1,5,5,11,1,0,0,1,0,0,0,1,1564,22,0,0,71,523,0.22727272727272727,0.5,0.22727272727272727,0.045454545454545456,71.0909090909091,0.340153452685422,0.3132992327365729,0.08056265984654731,1,1,3,2.8307514488058025,-1.1362022278699155,High-Value Elite
1052,1969,Graduation,Married,56796.0,0,1,2013-07-02,24,656,38,161,62,47,37,3,8,9,7,7,0,0,0,0,0,0,0,1001,27,1,1,45,523,0.2962962962962963,0.25925925925925924,0.3333333333333333,0.1111111111111111,37.074074074074076,0.6553446553446554,0.16083916083916083,0.03696303696303696,0,0,0,2.163094182705549,1.4214736882933212,Digital Convenience Shoppers
2802,1992,2n Cycle,Married,87000.0,0,0,2013-07-02,61,196,25,607,67,17,49,1,4,6,7,2,0,0,0,0,0,0,0,961,18,0,0,22,523,0.2222222222222222,0.3888888888888889,0.3333333333333333,0.05555555555555555,53.388888888888886,0.20395421436004163,0.631633714880333,0.05098855359001041,0,0,3,2.316308334140656,-1.5330301562198883,High-Value Elite
6343,1959,Graduation,Married,79823.0,0,1,2013-07-02,6,835,73,380,114,73,43,1,6,9,7,2,0,1,0,0,0,0,0,1518,23,1,1,55,523,0.2608695652173913,0.30434782608695654,0.391304347826087,0.043478260869565216,66.0,0.5500658761528326,0.2503293807641634,0.028326745718050064,1,1,3,3.1108170993579707,-0.5923086920253564,High-Value Elite
6507,1980,Graduation,Single,30828.0,1,0,2013-04-10,16,16,11,15,2,0,12,2,1,1,4,3,0,0,0,0,0,0,0,56,8,1,1,34,606,0.125,0.5,0.125,0.25,7.0,0.2857142857142857,0.26785714285714285,0.21428571428571427,0,0,1,-1.618172151286747,-0.9302828345365628,Occasional / Low-Engagement
7901,1971,Master,Married,34109.0,0,1,2013-06-11,39,9,1,5,2,1,4,1,0,0,3,4,0,0,0,0,0,0,0,22,4,1,1,43,544,0.0,0.75,0.0,0.25,5.5,0.4090909090909091,0.22727272727272727,0.18181818181818182,0,0,1,-2.25970943287272,-1.4995353890719247,Occasional / Low-Engagement
4865,1974,Master,Divorced,53367.0,1,1,2013-07-02,2,229,7,140,10,3,11,7,5,1,8,7,0,0,0,0,0,0,1,400,21,2,1,40,523,0.23809523809523808,0.38095238095238093,0.047619047619047616,0.3333333333333333,19.047619047619047,0.5725,0.35,0.0275,0,0,2,-0.2186141583988743,2.814751500303846,Deal & Discount Hunters
2686,1969,Basic,Together,22390.0,0,0,2013-07-02,49,0,1,4,15,1,5,1,1,0,2,7,0,0,0,0,0,0,0,26,4,0,0,45,523,0.25,0.5,0.0,0.25,6.5,0.0,0.15384615384615385,0.19230769230769232,0,0,1,-2.517820253774241,-1.4056439497128494,Occasional / Low-Engagement
3107,1976,Graduation,Together,71322.0,0,1,2014-02-05,31,121,24,124,24,15,42,1,4,1,7,2,0,0,0,0,0,0,0,350,13,1,1,38,305,0.3076923076923077,0.5384615384615384,0.07692307692307693,0.07692307692307693,26.923076923076923,0.3457142857142857,0.35428571428571426,0.12,0,0,0,0.32561724916997126,-1.3246725862252875,Digital Convenience Shoppers
7734,1993,Graduation,Single,79244.0,0,0,2013-07-02,58,471,102,125,212,61,245,1,4,10,7,1,0,0,1,1,0,0,1,1216,22,0,0,21,523,0.18181818181818182,0.3181818181818182,0.45454545454545453,0.045454545454545456,55.27272727272727,0.3873355263157895,0.10279605263157894,0.20148026315789475,2,1,3,3.2024946571419486,-1.571112316677617,High-Value Elite
1146,1949,Master,Together,49912.0,0,1,2012-07-09,5,520,8,223,32,49,42,4,10,5,7,8,1,0,0,0,0,0,1,874,26,1,1,65,881,0.38461538461538464,0.2692307692307692,0.19230769230769232,0.15384615384615385,33.61538461538461,0.5949656750572082,0.2551487414187643,0.04805491990846682,1,1,0,1.5126054880502813,2.690168089349269,Digital Convenience Shoppers
11031,1950,PhD,Married,48699.0,1,1,2013-07-02,90,26,1,10,2,0,1,1,1,0,3,5,0,0,0,0,0,0,0,40,5,2,1,64,523,0.2,0.6,0.0,0.2,8.0,0.65,0.25,0.025,0,0,1,-2.2446379831075802,-0.7583372260932176,Occasional / Low-Engagement
7428,1975,Graduation,Together,80144.0,0,0,2013-07-02,47,240,132,445,250,192,108,1,3,7,8,1,0,0,0,0,0,0,0,1367,19,0,0,39,523,0.15789473684210525,0.42105263157894735,0.3684210526315789,0.05263157894736842,71.94736842105263,0.1755669348939283,0.32553035844915873,0.07900512070226774,0,0,3,2.779192409352957,-1.7536987200320058,High-Value Elite
975,1956,Graduation,Single,54252.0,1,1,2013-07-02,25,178,4,26,8,4,44,5,4,1,5,6,0,0,0,0,0,0,0,264,15,2,1,58,523,0.26666666666666666,0.3333333333333333,0.06666666666666667,0.3333333333333333,17.6,0.6742424242424242,0.09848484848484848,0.16666666666666666,0,0,2,-0.9320233481046994,1.5269151473463756,Deal & Discount Hunters
1103,1976,Master,Married,81929.0,1,0,2013-07-02,60,1486,55,278,49,0,185,2,4,4,10,6,1,0,1,0,0,0,1,2053,20,1,1,38,523,0.2,0.5,0.2,0.1,102.65,0.7238188017535314,0.1354115927910375,0.09011203117389187,2,1,0,2.3839617934551836,0.13314825464841934,Digital Convenience Shoppers
3422,1975,Graduation,Married,76068.0,0,1,2013-07-02,67,1115,12,128,33,12,76,1,2,3,4,6,0,1,0,0,1,0,0,1376,10,1,1,39,523,0.2,0.4,0.3,0.1,137.6,0.8103197674418605,0.09302325581395349,0.055232558139534885,2,1,3,0.2574065313456968,-0.9771336946603275,High-Value Elite
1055,1976,Master,Married,53204.0,1,1,2013-07-02,40,29,0,8,2,0,6,1,1,0,3,4,0,0,0,0,0,0,0,45,5,2,1,38,523,0.2,0.6,0.0,0.2,9.0,0.6444444444444445,0.17777777777777778,0.13333333333333333,0,0,1,-2.0527391787776677,-0.9314070876186923,Occasional / Low-Engagement
6544,1949,PhD,Together,67911.0,0,1,2013-07-02,63,529,0,356,63,28,0,3,6,7,11,3,0,0,0,0,0,0,0,976,27,1,1,65,523,0.2222222222222222,0.4074074074074074,0.25925925925925924,0.1111111111111111,36.148148148148145,0.5420081967213115,0.36475409836065575,0.0,0,0,0,2.8093109358826154,0.61785720247278,Digital Convenience Shoppers
1241,1984,2n Cycle,Married,14796.0,1,0,2013-07-02,1,13,3,8,7,4,16,2,1,0,3,9,0,0,0,0,0,0,1,51,6,1,1,30,523,0.16666666666666666,0.5,0.0,0.3333333333333333,8.5,0.2549019607843137,0.1568627450980392,0.3137254901960784,0,0,1,-2.9810803300600948,-0.0821592736381769,Occasional / Low-Engagement
2909,1974,PhD,Married,78128.0,0,1,2013-07-02,89,934,24,230,16,24,36,2,8,4,6,3,0,1,1,0,0,0,0,1264,20,1,1,40,523,0.4,0.3,0.2,0.1,63.2,0.7389240506329114,0.1819620253164557,0.028481012658227847,2,1,0,2.0791872776412417,0.07305196611906971,Digital Convenience Shoppers
5802,1972,Basic,Married,14188.0,0,0,2013-07-02,40,2,7,11,16,12,27,1,2,0,4,6,0,0,0,0,0,0,0,75,7,0,0,42,523,0.2857142857142857,0.5714285714285714,0.0,0.14285714285714285,10.714285714285714,0.02666666666666667,0.14666666666666667,0.36,0,0,1,-2.029525289351481,-1.2180583318381735,Occasional / Low-Engagement
1407,1986,Basic,Married,20425.0,1,0,2013-07-02,5,4,12,5,3,16,17,2,2,0,3,7,0,0,0,0,0,0,0,57,7,1,1,28,523,0.2857142857142857,0.42857142857142855,0.0,0.2857142857142857,8.142857142857142,0.07017543859649122,0.08771929824561403,0.2982456140350877,0,0,1,-2.483491909461039,-0.26741974543725355,Occasional / Low-Engagement
6183,1962,Master,Married,58646.0,0,1,2013-10-06,3,62,1,44,6,5,22,1,2,1,4,4,0,0,0,0,0,0,0,140,8,1,1,52,427,0.25,0.5,0.125,0.125,17.5,0.44285714285714284,0.3142857142857143,0.15714285714285714,0,0,1,-1.0870926727340458,-1.3228136006951774,Occasional / Low-Engagement
340,1970,Graduation,Divorced,72967.0,0,1,2013-07-02,1,158,35,179,0,0,125,2,7,2,8,5,1,0,0,0,0,0,1,497,19,1,1,44,523,0.3684210526315789,0.42105263157894735,0.10526315789473684,0.10526315789473684,26.157894736842106,0.317907444668008,0.36016096579476864,0.2515090543259557,1,1,0,1.0104968577340503,0.41146816776330614,Digital Convenience Shoppers
5991,1949,Master,Married,48150.0,0,1,2013-08-06,24,173,2,39,3,2,47,3,5,1,4,7,0,0,0,0,0,0,0,266,13,1,1,65,488,0.38461538461538464,0.3076923076923077,0.07692307692307693,0.23076923076923078,20.46153846153846,0.650375939849624,0.14661654135338345,0.17669172932330826,0,0,1,-0.9582292643254289,0.5197146258410767,Occasional / Low-Engagement
3104,1961,Graduation,Single,82332.0,0,0,2013-07-02,89,830,59,968,51,79,19,1,5,3,12,2,0,0,1,0,0,0,1,2006,21,0,0,53,523,0.23809523809523808,0.5714285714285714,0.14285714285714285,0.047619047619047616,95.52380952380952,0.4137587238285145,0.48255234297108673,0.009471585244267198,1,1,3,3.401749290362763,-1.1171036295027446,High-Value Elite
9729,1955,Graduation,Widow,58275.0,1,1,2013-02-06,48,189,10,253,56,43,64,6,8,2,7,7,0,0,0,0,0,0,0,615,23,2,1,59,669,0.34782608695652173,0.30434782608695654,0.08695652173913043,0.2608695652173913,26.73913043478261,0.3073170731707317,0.4113821138211382,0.1040650406504065,0,0,2,0.4936847637856262,3.0509810902588628,Deal & Discount Hunters
1008,1981,PhD,Together,44953.0,0,0,2013-07-02,31,728,17,133,11,8,124,1,7,3,13,6,1,0,0,0,0,0,0,1021,24,0,0,33,523,0.2916666666666667,0.5416666666666666,0.125,0.041666666666666664,42.541666666666664,0.713026444662096,0.13026444662095985,0.12144955925563174,1,1,0,2.0344149947857115,0.17907095927799185,Digital Convenience Shoppers
11091,1953,Graduation,Together,34587.0,1,1,2013-07-02,68,7,2,9,2,0,2,2,1,0,3,4,0,0,0,0,0,0,0,22,6,2,1,61,523,0.16666666666666666,0.5,0.0,0.3333333333333333,3.6666666666666665,0.3181818181818182,0.4090909090909091,0.09090909090909091,0,0,1,-2.357141330263947,-0.4872145571778254,Occasional / Low-Engagement
3969,1974,Master,Together,43018.0,0,1,2013-01-11,46,35,4,17,7,6,64,1,2,2,2,5,0,0,0,0,0,0,0,133,7,1,1,40,695,0.2857142857142857,0.2857142857142857,0.2857142857142857,0.14285714285714285,19.0,0.2631578947368421,0.12781954887218044,0.48120300751879697,0,0,1,-1.593150437229833,-0.8720144245838892,Occasional / Low-Engagement
1916,1954,Master,Married,45736.0,0,1,2013-07-02,92,188,3,180,20,3,43,5,7,1,6,7,0,0,0,0,0,0,0,437,19,1,1,60,523,0.3684210526315789,0.3157894736842105,0.05263157894736842,0.2631578947368421,23.0,0.4302059496567506,0.41189931350114417,0.09839816933638444,0,0,2,-0.11812090584135362,1.7689488164346028,Deal & Discount Hunters
9907,1969,Master,Together,66476.0,0,1,2013-04-12,80,742,28,152,25,9,57,2,6,8,10,4,0,0,0,0,0,0,0,1013,26,1,1,45,604,0.23076923076923078,0.38461538461538464,0.3076923076923077,0.07692307692307693,38.96153846153846,0.7324777887462981,0.15004935834155972,0.0562685093780849,0,0,0,2.6776764793371464,0.4731206357254357,Digital Convenience Shoppers
87,1981,2n Cycle,Married,27733.0,1,0,2013-07-02,16,0,7,5,26,2,17,2,2,0,3,7,0,0,0,0,0,0,0,57,7,1,1,33,523,0.2857142857142857,0.42857142857142855,0.0,0.2857142857142857,8.142857142857142,0.0,0.08771929824561403,0.2982456140350877,0,0,1,-2.346482894797025,-0.3020812412773486,Occasional / Low-Engagement
8659,1952,PhD,Together,69805.0,0,1,2013-07-02,50,750,71,174,13,10,20,2,6,8,11,2,0,0,0,0,0,0,0,1038,27,1,1,62,523,0.2222222222222222,0.4074074074074074,0.2962962962962963,0.07407407407407407,38.44444444444444,0.7225433526011561,0.1676300578034682,0.019267822736030827,0,0,3,3.1359060327214694,0.1047578113872363,High-Value Elite
6262,1962,Master,Single,72217.0,0,0,2013-10-04,93,816,42,450,55,56,154,1,3,10,8,2,0,0,0,0,0,0,0,1573,22,0,0,52,429,0.13636363636363635,0.36363636363636365,0.45454545454545453,0.045454545454545456,71.5,0.5187539732994279,0.28607755880483154,0.0979020979020979,0,0,3,3.207022106024654,-1.6200009075489457,High-Value Elite
6147,1971,Graduation,Divorced,25818.0,1,0,2013-07-02,51,5,2,8,2,2,9,1,0,1,2,7,0,0,0,0,0,0,0,28,4,1,1,43,523,0.0,0.5,0.25,0.25,7.0,0.17857142857142858,0.2857142857142857,0.32142857142857145,0,0,1,-2.740147785584306,-1.0499388031001167,Occasional / Low-Engagement
8832,1976,Master,Together,37509.0,1,0,2012-12-09,24,37,5,56,12,8,5,2,3,0,4,7,0,0,0,0,0,0,0,123,9,1,1,38,728,0.3333333333333333,0.4444444444444444,0.0,0.2222222222222222,13.666666666666666,0.3008130081300813,0.45528455284552843,0.04065040650406504,0,0,1,-1.7610321679333198,0.15779240221648547,Occasional / Low-Engagement
10067,1976,2n Cycle,Together,25176.0,1,1,2013-10-08,79,4,0,4,0,0,5,1,1,0,2,7,0,0,0,0,0,0,0,13,4,2,1,38,425,0.25,0.5,0.0,0.25,3.25,0.3076923076923077,0.3076923076923077,0.38461538461538464,0,0,1,-3.1144498453537874,-0.5245575134742773,Occasional / Low-Engagement
7532,1980,Graduation,Married,43586.0,0,1,2013-07-02,26,99,2,11,4,0,16,3,3,0,4,8,0,0,0,0,0,0,0,132,10,1,1,34,523,0.3,0.4,0.0,0.3,13.2,0.75,0.08333333333333333,0.12121212121212122,0,0,1,-1.7431879569472644,0.39371974163945495,Occasional / Low-Engagement
4915,1956,2n Cycle,Married,53230.0,0,1,2012-03-08,86,176,72,98,136,21,229,4,5,2,12,5,0,0,0,0,0,0,0,732,23,1,1,58,1004,0.21739130434782608,0.5217391304347826,0.08695652173913043,0.17391304347826086,31.82608695652174,0.24043715846994534,0.13387978142076504,0.3128415300546448,0,0,0,1.359263215466221,1.7855517342556386,Digital Convenience Shoppers
2115,1957,Graduation,Together,50116.0,1,1,2013-07-02,68,54,0,10,0,0,2,2,1,0,4,5,0,1,0,0,0,0,0,66,7,2,1,57,523,0.14285714285714285,0.5714285714285714,0.0,0.2857142857142857,9.428571428571429,0.8181818181818182,0.15151515151515152,0.030303030303030304,1,1,1,-1.9891267505165307,-0.3208190119104221,Occasional / Low-Engagement
2088,1972,Graduation,Together,84906.0,0,0,2013-04-10,98,997,15,414,99,30,76,1,5,6,12,2,0,1,1,0,1,0,0,1631,24,0,0,42,606,0.20833333333333334,0.5,0.25,0.041666666666666664,67.95833333333333,0.6112814224402208,0.25383200490496627,0.04659717964438995,3,1,3,3.7571533279654497,-0.9234051982668221,High-Value Elite
2493,1966,Graduation,Married,61286.0,0,1,2013-02-08,34,356,0,107,19,9,117,2,7,1,8,5,0,0,0,0,0,0,0,608,18,1,1,48,667,0.3888888888888889,0.4444444444444444,0.05555555555555555,0.1111111111111111,33.77777777777778,0.5855263157894737,0.17598684210526316,0.1924342105263158,0,0,0,0.7186039694688171,0.6109948458690351,Digital Convenience Shoppers
6292,1986,PhD,Married,82333.0,0,0,2013-07-02,60,1311,0,359,46,89,17,1,4,3,10,2,0,0,1,0,0,0,1,1822,18,0,0,28,523,0.2222222222222222,0.5555555555555556,0.16666666666666666,0.05555555555555555,101.22222222222223,0.7195389681668496,0.19703622392974754,0.009330406147091108,1,1,3,2.7765704742364963,-1.4164787863181427,High-Value Elite
1631,1965,PhD,Together,65220.0,0,0,2012-03-09,3,890,63,292,0,25,12,4,8,4,7,6,0,0,0,0,0,0,1,1282,23,0,0,49,1003,0.34782608695652173,0.30434782608695654,0.17391304347826086,0.17391304347826086,55.73913043478261,0.6942277691107644,0.22776911076443057,0.0093603744149766,0,0,0,2.1458680878434877,1.5564088520196524,Digital Convenience Shoppers
10104,1974,Graduation,Together,33590.0,2,1,2013-03-11,65,4,0,2,0,0,2,1,1,0,2,7,0,0,0,0,0,0,0,8,4,3,1,40,636,0.25,0.5,0.0,0.25,2.0,0.5,0.25,0.25,0,0,1,-3.2457966042533632,0.22916476200825417,Occasional / Low-Engagement
3006,1976,Graduation,Divorced,30992.0,1,0,2013-07-02,83,17,0,14,7,3,2,1,1,0,3,7,0,0,0,0,0,0,0,43,5,1,1,38,523,0.2,0.6,0.0,0.2,8.6,0.3953488372093023,0.32558139534883723,0.046511627906976744,0,0,1,-2.4876801986227757,-0.8647833454726936,Occasional / Low-Engagement
3919,1976,Master,Single,72309.0,0,0,2013-11-03,64,960,0,883,50,38,0,1,5,6,8,3,0,0,0,1,0,0,1,1931,20,0,0,38,399,0.25,0.4,0.3,0.05,96.55,0.4971517348524081,0.4572760227861212,0.0,1,1,3,2.907112306651948,-1.277812135079087,High-Value Elite
11181,1949,PhD,Married,156924.0,0,0,2013-07-02,85,2,1,2,1,1,1,0,0,0,0,0,0,0,0,0,0,0,0,8,0,0,0,65,523,0.0,0.0,0.0,0.0,0.0,0.25,0.25,0.125,0,0,3,0.22828701510994165,-3.8346699525334094,High-Value Elite
642,1980,Basic,Married,16005.0,1,0,2013-07-02,69,1,3,2,20,30,47,3,2,1,2,8,0,0,0,0,0,0,0,103,8,1,1,34,523,0.25,0.25,0.125,0.375,12.875,0.009708737864077669,0.019417475728155338,0.4563106796116505,0,0,1,-2.5697413433849414,0.21843750954976046,Occasional / Low-Engagement
4369,1957,Master,Single,65487.0,0,0,2014-10-01,48,240,67,500,199,0,163,3,3,5,6,2,0,0,0,0,0,0,0,1169,17,0,0,57,67,0.17647058823529413,0.35294117647058826,0.29411764705882354,0.17647058823529413,68.76470588235294,0.20530367835757057,0.42771599657827203,0.1394354148845167,0,0,3,1.5757391355285133,-1.5742369835090948,High-Value Elite
10127,1965,Graduation,Married,58692.0,0,1,2014-06-04,21,301,11,61,4,7,11,1,8,2,4,7,0,0,0,0,0,0,0,395,15,1,1,49,186,0.5333333333333333,0.26666666666666666,0.13333333333333333,0.06666666666666667,26.333333333333332,0.7620253164556962,0.15443037974683543,0.027848101265822784,0,0,0,-0.1671229045303141,-0.12904874269363306,Digital Convenience Shoppers
271,1969,Graduation,Widow,40590.0,1,1,2013-02-10,30,154,0,50,6,11,37,5,3,4,3,6,1,0,0,0,0,0,0,258,15,2,1,45,665,0.2,0.2,0.26666666666666666,0.3333333333333333,17.2,0.5968992248062015,0.1937984496124031,0.1434108527131783,1,1,2,-1.1023804755911422,1.533954248124308,Deal & Discount Hunters
4973,1970,Graduation,Single,20587.0,1,0,2014-11-05,39,2,3,6,4,1,9,1,1,1,2,7,0,0,0,0,0,0,0,25,5,1,1,44,32,0.2,0.4,0.2,0.2,5.0,0.08,0.24,0.36,0,0,1,-2.764785920990524,-1.4944738177302777,Occasional / Low-Engagement
2948,1954,Master,Divorced,62637.0,0,1,2014-01-03,76,104,12,48,4,12,5,1,2,2,5,2,0,0,0,0,0,0,0,185,10,1,1,60,338,0.2,0.5,0.2,0.1,18.5,0.5621621621621622,0.2594594594594595,0.02702702702702703,0,0,1,-0.3981397842380361,-1.7015532347198004,Occasional / Low-Engagement
2715,1966,Master,Divorced,29435.0,1,1,2012-06-08,11,70,3,37,4,2,64,4,3,2,2,9,0,0,0,0,0,0,1,180,11,2,1,48,912,0.2727272727272727,0.18181818181818182,0.18181818181818182,0.36363636363636365,16.363636363636363,0.3888888888888889,0.20555555555555555,0.35555555555555557,0,0,1,-2.257882007911624,1.9108310929519534,Occasional / Low-Engagement
10432,1974,Graduation,Divorced,19346.0,1,0,2013-07-02,26,2,0,9,3,6,2,1,1,0,3,8,0,0,0,0,0,0,0,22,5,1,1,40,523,0.2,0.6,0.0,0.2,4.4,0.09090909090909091,0.4090909090909091,0.09090909090909091,0,0,1,-2.8448745175550307,-0.6363072183895037,Occasional / Low-Engagement
9216,1971,Graduation,Married,35788.0,1,1,2013-07-02,34,23,2,11,3,1,4,2,2,0,3,6,0,0,0,0,0,0,0,44,7,2,1,43,523,0.2857142857142857,0.42857142857142855,0.0,0.2857142857142857,6.285714285714286,0.5227272727272727,0.25,0.09090909090909091,0,0,1,-2.4019002383052084,0.008828979610669287,Occasional / Low-Engagement
7124,1968,Graduation,Divorced,36997.0,1,1,2013-01-02,72,43,4,12,8,0,27,5,2,1,4,5,0,0,0,0,0,0,0,94,12,2,1,46,704,0.16666666666666666,0.3333333333333333,0.08333333333333333,0.4166666666666667,7.833333333333333,0.4574468085106383,0.1276595744680851,0.2872340425531915,0,0,1,-1.6935205132624376,1.2642648530317955,Occasional / Low-Engagement
9727,1957,Graduation,Married,23539.0,0,0,2013-07-02,13,4,24,11,16,1,25,1,2,0,4,6,0,0,0,0,0,0,0,81,7,0,0,57,523,0.2857142857142857,0.5714285714285714,0.0,0.14285714285714285,11.571428571428571,0.04938271604938271,0.13580246913580246,0.30864197530864196,0,0,1,-1.8587208122807728,-1.253924070370665,Occasional / Low-Engagement
5136,1973,Graduation,Single,65333.0,0,1,2013-07-02,58,654,7,92,0,15,30,7,9,4,8,6,0,1,1,0,0,0,0,798,28,1,1,41,523,0.32142857142857145,0.2857142857142857,0.14285714285714285,0.25,28.5,0.8195488721804511,0.11528822055137844,0.03759398496240601,2,1,2,1.9008266619603476,2.8016880430996296,Deal & Discount Hunters
9790,1957,Graduation,Single,78499.0,0,0,2013-07-02,12,912,72,170,47,36,97,1,11,3,4,4,0,0,1,0,0,0,1,1334,19,0,0,57,523,0.5789473684210527,0.21052631578947367,0.15789473684210525,0.05263157894736842,70.21052631578948,0.6836581709145427,0.12743628185907047,0.0727136431784108,1,1,0,2.220323686254013,-0.301946185752922,Digital Convenience Shoppers
1818,1971,PhD,Together,29732.0,1,0,2013-07-02,23,25,0,8,0,1,4,1,2,0,2,9,0,0,0,0,0,0,0,38,5,1,1,43,523,0.4,0.4,0.0,0.2,7.6,0.6578947368421053,0.21052631578947367,0.10526315789473684,0,0,1,-2.7692558484036343,-0.42463503984795814,Occasional / Low-Engagement
1100,1960,Master,Together,41275.0,1,2,2013-07-02,33,24,4,22,0,2,9,4,3,1,3,5,0,0,0,0,0,0,0,61,11,3,1,54,523,0.2727272727272727,0.2727272727272727,0.09090909090909091,0.36363636363636365,5.545454545454546,0.39344262295081966,0.36065573770491804,0.14754098360655737,0,0,1,-2.0491737058252713,1.2610143090461865,Occasional / Low-Engagement
7873,1973,PhD,Together,63516.0,1,1,2013-06-07,30,141,11,114,15,14,5,4,4,1,7,5,0,0,0,0,0,0,0,300,16,2,1,41,548,0.25,0.4375,0.0625,0.25,18.75,0.47,0.38,0.016666666666666666,0,0,2,-0.329480665577133,1.1328314847877499,Deal & Discount Hunters
10609,1962,PhD,Married,42769.0,0,1,2013-12-10,15,71,0,13,3,1,0,2,1,1,4,4,0,0,0,0,0,0,0,88,8,1,1,52,362,0.125,0.5,0.125,0.25,11.0,0.8068181818181818,0.14772727272727273,0.0,0,0,1,-1.5320859517710566,-1.1382568310034085,Occasional / Low-Engagement
6950,1958,Master,Married,49572.0,1,1,2013-07-02,25,35,1,16,0,1,1,2,2,0,3,7,0,0,0,0,0,0,0,54,7,2,1,56,523,0.2857142857142857,0.42857142857142855,0.0,0.2857142857142857,7.714285714285714,0.6481481481481481,0.2962962962962963,0.018518518518518517,0,0,1,-2.2587754339668,0.11290095374993102,Occasional / Low-Engagement
7233,1972,Graduation,Married,69209.0,0,0,2013-07-02,4,496,32,849,229,48,128,2,5,3,6,4,0,0,0,1,0,0,0,1782,16,0,0,42,523,0.3125,0.375,0.1875,0.125,111.375,0.2783389450056117,0.4764309764309764,0.0718294051627385,1,1,3,1.7999454580644325,-0.7776860568400057,High-Value Elite
9481,1976,Graduation,Married,17148.0,1,0,2013-07-02,80,9,9,11,13,10,16,4,3,1,3,8,0,0,0,0,0,0,0,68,11,1,1,38,523,0.2727272727272727,0.2727272727272727,0.09090909090909091,0.36363636363636365,6.181818181818182,0.1323529411764706,0.16176470588235295,0.23529411764705882,0,0,1,-2.197713450252392,0.8214737000996926,Occasional / Low-Engagement
7699,1969,Graduation,Widow,40590.0,1,1,2013-02-10,30,154,0,50,6,11,37,5,3,4,3,6,1,0,0,0,0,0,0,258,15,2,1,45,665,0.2,0.2,0.26666666666666666,0.3333333333333333,17.2,0.5968992248062015,0.1937984496124031,0.1434108527131783,1,1,2,-1.1023804755911422,1.533954248124308,Deal & Discount Hunters
2711,1976,Master,Together,30560.0,1,0,2013-07-02,6,9,1,5,4,5,7,1,1,0,3,7,0,0,0,0,0,0,0,31,5,1,1,38,523,0.2,0.6,0.0,0.2,6.2,0.2903225806451613,0.16129032258064516,0.22580645161290322,0,0,1,-2.5202205860230498,-0.8456886844484555,Occasional / Low-Engagement
8933,1983,2n Cycle,Married,32146.0,1,0,2014-12-05,16,26,3,23,4,7,3,2,2,0,4,6,0,0,0,0,0,0,0,66,8,1,1,31,2,0.25,0.5,0.0,0.25,8.25,0.3939393939393939,0.3484848484848485,0.045454545454545456,0,0,1,-2.06117758969478,-1.089298110736405,Occasional / Low-Engagement
8726,1964,2n Cycle,Divorced,41713.0,1,1,2013-07-02,57,77,8,44,10,10,25,5,3,1,4,6,0,0,0,0,0,0,0,174,13,2,1,50,523,0.23076923076923078,0.3076923076923077,0.07692307692307693,0.38461538461538464,13.384615384615385,0.4425287356321839,0.25287356321839083,0.14367816091954022,0,0,2,-1.542978706892122,1.338543403241737,Deal & Discount Hunters
1515,1975,Master,Together,34176.0,0,1,2013-07-02,9,11,2,7,4,2,2,1,1,0,3,3,0,0,0,0,0,0,0,28,5,1,1,39,523,0.2,0.6,0.0,0.2,5.6,0.39285714285714285,0.25,0.07142857142857142,0,0,1,-1.991205458398009,-1.5166067652606512,Occasional / Low-Engagement
5186,1955,PhD,Married,58482.0,0,1,2014-12-03,59,576,7,115,19,7,7,2,7,4,9,6,0,1,0,0,0,0,0,731,22,1,1,59,4,0.3181818181818182,0.4090909090909091,0.18181818181818182,0.09090909090909091,33.22727272727273,0.7879616963064295,0.1573187414500684,0.009575923392612859,1,1,0,1.252726571916326,0.06510354295096418,Digital Convenience Shoppers
10157,1965,Graduation,Single,59686.0,0,1,2013-07-02,78,89,15,89,34,42,5,1,4,1,6,4,0,0,0,0,0,0,0,274,12,1,1,49,523,0.3333333333333333,0.5,0.08333333333333333,0.08333333333333333,22.833333333333332,0.3248175182481752,0.3248175182481752,0.01824817518248175,0,0,1,-0.2950373162927435,-0.7423016269064061,Occasional / Low-Engagement
5667,1964,PhD,Married,60896.0,0,1,2012-11-10,90,1013,30,399,60,46,153,3,9,10,4,6,0,0,0,0,0,0,1,1701,26,1,1,50,757,0.34615384615384615,0.15384615384615385,0.38461538461538464,0.11538461538461539,65.42307692307692,0.5955320399764844,0.2345679012345679,0.08994708994708994,0,0,0,2.732071894985175,1.4640354364335706,Digital Convenience Shoppers
902,1980,Graduation,Together,62994.0,1,0,2014-04-03,74,224,12,48,4,12,12,1,6,2,4,6,0,0,0,0,0,0,0,312,13,1,1,34,248,0.46153846153846156,0.3076923076923077,0.15384615384615385,0.07692307692307693,24.0,0.717948717948718,0.15384615384615385,0.038461538461538464,0,0,1,-0.3219714110156152,-0.573944427645932,Occasional / Low-Engagement
977,1957,Graduation,Together,47320.0,0,1,2013-01-08,10,200,19,111,50,15,19,6,5,1,8,6,0,0,0,0,0,0,0,414,20,1,1,57,698,0.25,0.4,0.05,0.3,20.7,0.4830917874396135,0.26811594202898553,0.04589371980676329,0,0,2,0.09184892945339353,2.02299768976897,Deal & Discount Hunters
7313,1949,2n Cycle,Widow,74859.0,0,0,2013-03-06,63,570,73,614,133,102,73,1,6,5,11,3,0,0,0,1,0,0,0,1565,23,0,0,65,641,0.2608695652173913,0.4782608695652174,0.21739130434782608,0.043478260869565216,68.04347826086956,0.36421725239616615,0.39233226837060703,0.04664536741214057,1,1,3,3.214061393776765,-0.5906924037518556,High-Value Elite
7600,1992,Basic,Single,15253.0,1,0,2013-07-02,13,1,3,3,8,1,13,2,1,0,3,7,0,0,0,0,0,0,0,29,6,1,1,22,523,0.16666666666666666,0.5,0.0,0.3333333333333333,4.833333333333333,0.034482758620689655,0.10344827586206896,0.4482758620689655,0,0,1,-2.753480081448198,-0.41277353553211105,Occasional / Low-Engagement
9706,1974,PhD,Single,31560.0,1,0,2013-07-02,98,62,1,20,4,0,7,2,2,1,3,8,0,0,0,0,0,0,0,94,8,1,1,40,523,0.25,0.375,0.125,0.25,11.75,0.6595744680851063,0.2127659574468085,0.07446808510638298,0,0,1,-2.164707513761031,-0.14885831313837727,Occasional / Low-Engagement
2429,1954,Graduation,Divorced,72071.0,0,1,2013-07-02,4,531,69,300,150,138,150,3,5,4,8,2,0,0,0,0,0,0,0,1338,20,1,1,60,523,0.25,0.4,0.2,0.15,66.9,0.3968609865470852,0.2242152466367713,0.11210762331838565,0,0,0,2.029370608130421,-0.03939812375548107,Digital Convenience Shoppers
3520,1990,Master,Single,91172.0,0,0,2013-07-02,94,162,28,818,0,28,56,0,4,3,7,3,1,0,1,1,1,0,1,1092,14,0,0,24,523,0.2857142857142857,0.5,0.21428571428571427,0.0,78.0,0.14835164835164835,0.7490842490842491,0.05128205128205128,4,1,3,1.773692964858613,-1.8472610840592385,High-Value Elite
10394,1984,Graduation,Married,90000.0,0,0,2013-07-02,91,675,144,133,94,192,241,1,4,8,5,1,1,0,1,1,0,0,0,1479,18,0,0,30,523,0.2222222222222222,0.2777777777777778,0.4444444444444444,0.05555555555555555,82.16666666666667,0.4563894523326572,0.08992562542258282,0.162947937795808,3,1,3,2.887272030524918,-1.840180270806546,High-Value Elite
4548,1981,Graduation,Single,41967.0,1,1,2013-07-02,66,23,4,10,0,2,15,1,1,0,3,4,0,0,0,0,0,0,0,54,5,2,1,33,523,0.2,0.6,0.0,0.2,10.8,0.42592592592592593,0.18518518518518517,0.2777777777777778,0,0,1,-2.2481058070915956,-0.8878153920657791,Occasional / Low-Engagement
9362,1965,Graduation,Single,69263.0,0,1,2014-05-03,14,492,5,32,13,5,21,1,9,1,7,6,0,1,0,0,0,0,0,568,18,1,1,49,218,0.5,0.3888888888888889,0.05555555555555555,0.05555555555555555,31.555555555555557,0.8661971830985915,0.056338028169014086,0.03697183098591549,1,1,0,0.7418927117571393,0.05760504246879512,Digital Convenience Shoppers
3968,1970,2n Cycle,Divorced,65706.0,0,0,2013-07-02,77,918,10,129,13,0,129,1,11,3,12,7,0,1,1,0,1,0,1,1199,27,0,0,44,523,0.4074074074074074,0.4444444444444444,0.1111111111111111,0.037037037037037035,44.407407407407405,0.7656380316930775,0.10758965804837364,0.10758965804837364,3,1,0,2.894631525587489,0.8296075483012187,Digital Convenience Shoppers
4084,1975,Graduation,Together,60934.0,0,1,2013-07-02,41,224,155,155,192,93,54,2,6,4,11,4,0,0,0,0,0,0,0,873,23,1,1,39,523,0.2608695652173913,0.4782608695652174,0.17391304347826086,0.08695652173913043,37.95652173913044,0.2565864833906071,0.1775486827033219,0.061855670103092786,0,0,0,1.8872429964724493,0.3775717501418423,Digital Convenience Shoppers
6721,1951,Graduation,Married,71965.0,0,1,2013-07-02,21,572,19,286,50,38,248,3,6,3,5,3,0,0,0,0,0,0,0,1213,17,1,1,63,523,0.35294117647058826,0.29411764705882354,0.17647058823529413,0.17647058823529413,71.3529411764706,0.47155812036273703,0.23577906018136852,0.2044517724649629,0,0,0,1.299312117788071,0.04827631395421608,Digital Convenience Shoppers
2829,1955,Graduation,Married,65210.0,0,1,2014-10-03,25,626,0,70,0,7,28,2,9,3,8,6,0,1,0,1,0,0,0,731,22,1,1,59,65,0.4090909090909091,0.36363636363636365,0.13636363636363635,0.09090909090909091,33.22727272727273,0.8563611491108071,0.09575923392612859,0.038303693570451436,2,1,0,1.3419543547579578,0.35805813194449027,Digital Convenience Shoppers
1772,1975,PhD,Married,79174.0,0,0,2013-11-01,2,1074,37,518,193,92,129,1,5,6,7,2,0,0,1,1,0,0,1,2043,19,0,0,39,401,0.2631578947368421,0.3684210526315789,0.3157894736842105,0.05263157894736842,107.52631578947368,0.5256975036710719,0.2535487028879099,0.0631424375917768,2,1,3,3.0473081114714904,-1.5358562447578419,High-Value Elite
1544,1967,Master,Divorced,81380.0,0,0,2013-07-02,51,741,68,689,224,68,103,1,4,2,10,2,0,0,0,0,0,0,0,1893,17,0,0,47,523,0.23529411764705882,0.5882352941176471,0.11764705882352941,0.058823529411764705,111.3529411764706,0.39144215530903326,0.36397253037506605,0.054410987849973586,0,0,3,2.622154424102818,-1.440394641408815,High-Value Elite
492,1973,PhD,Single,48432.0,0,1,2013-07-02,3,322,3,50,4,3,42,5,7,1,6,8,0,0,0,0,0,0,0,424,19,1,1,41,523,0.3684210526315789,0.3157894736842105,0.05263157894736842,0.2631578947368421,22.31578947368421,0.7594339622641509,0.1179245283018868,0.09905660377358491,0,0,2,-0.21219362032228306,1.9404625768253752,Deal & Discount Hunters
4377,1971,Graduation,Married,52914.0,0,1,2013-07-01,32,254,10,44,30,10,227,2,7,3,3,7,1,0,0,0,0,0,0,575,15,1,1,43,524,0.4666666666666667,0.2,0.2,0.13333333333333333,38.333333333333336,0.44173913043478263,0.07652173913043478,0.3947826086956522,1,1,0,-0.18213500115596107,0.4746596155380535,Digital Convenience Shoppers
4541,1955,Graduation,Together,38946.0,0,1,2013-07-02,84,116,6,82,6,6,41,2,3,1,6,5,0,0,0,0,0,0,0,257,12,1,1,59,523,0.25,0.5,0.08333333333333333,0.16666666666666666,21.416666666666668,0.45136186770428016,0.31906614785992216,0.15953307392996108,0,0,1,-0.9119295364617728,-0.28875558468888507,Occasional / Low-Engagement
1321,1974,Graduation,Married,26067.0,1,0,2013-04-11,49,22,2,18,0,2,12,3,3,0,3,8,0,0,0,0,0,0,0,56,9,1,1,40,605,0.3333333333333333,0.3333333333333333,0.0,0.3333333333333333,6.222222222222222,0.39285714285714285,0.32142857142857145,0.21428571428571427,0,0,1,-2.267731739971673,0.5031789747764168,Occasional / Low-Engagement
8858,1972,PhD,Married,44325.0,0,1,2013-07-03,69,516,0,21,0,0,5,4,8,2,7,8,0,1,0,0,0,0,0,542,21,1,1,42,522,0.38095238095238093,0.3333333333333333,0.09523809523809523,0.19047619047619047,25.80952380952381,0.9520295202952029,0.03874538745387454,0.00922509225092251,1,1,2,0.26737998903910903,1.8380405153752146,Deal & Discount Hunters
3266,1964,Graduation,Married,42523.0,0,0,2013-07-02,96,14,36,11,3,26,35,1,1,1,4,2,0,0,0,0,0,0,0,125,7,0,0,50,523,0.14285714285714285,0.5714285714285714,0.14285714285714285,0.14285714285714285,17.857142857142858,0.112,0.088,0.28,0,0,1,-0.969684322292636,-2.154399987468404,Occasional / Low-Engagement
11187,1978,Basic,Single,26487.0,1,0,2013-07-02,23,2,8,10,12,14,23,3,2,1,3,5,0,0,0,0,0,0,0,69,9,1,1,36,523,0.2222222222222222,0.3333333333333333,0.1111111111111111,0.3333333333333333,7.666666666666667,0.028985507246376812,0.14492753623188406,0.3333333333333333,0,0,1,-1.8947545364079144,-0.23315602343108516,Occasional / Low-Engagement
8207,1957,2n Cycle,Married,53233.0,0,1,2013-07-02,18,28,0,9,3,0,0,1,1,0,3,4,0,0,0,0,0,0,0,40,5,1,1,57,523,0.2,0.6,0.0,0.2,8.0,0.7,0.225,0.0,0,0,1,-1.7457117146605259,-1.439814043536708,Occasional / Low-Engagement
9723,1960,Graduation,Married,67716.0,0,1,2013-10-01,8,530,142,217,62,9,56,4,7,4,13,5,0,1,0,0,0,0,0,1016,28,1,1,54,432,0.25,0.4642857142857143,0.14285714285714285,0.14285714285714285,36.285714285714285,0.5216535433070866,0.21358267716535434,0.05511811023622047,1,1,0,2.5625368372019914,1.4411205991020593,Digital Convenience Shoppers
2666,1972,Master,Married,76234.0,0,1,2014-06-02,21,519,50,167,130,0,41,1,8,3,11,3,0,1,0,0,0,0,0,907,23,1,1,42,188,0.34782608695652173,0.4782608695652174,0.13043478260869565,0.043478260869565216,39.43478260869565,0.5722160970231532,0.18412348401323042,0.04520396912899669,1,1,0,2.3304730911994183,-0.34357035125179625,Digital Convenience Shoppers
5721,1956,PhD,Married,84117.0,0,0,2014-11-05,60,611,76,749,59,45,26,1,7,10,6,2,0,0,1,0,0,0,0,1566,24,0,0,58,32,0.2916666666666667,0.25,0.4166666666666667,0.041666666666666664,65.25,0.3901660280970626,0.4782886334610473,0.016602809706257982,1,1,3,3.6426293030003656,-1.6568675956437318,High-Value Elite
10652,1957,Master,Together,65487.0,0,0,2014-10-01,48,240,67,500,199,0,163,3,3,5,6,2,0,0,0,0,0,0,0,1169,17,0,0,57,67,0.17647058823529413,0.35294117647058826,0.29411764705882354,0.17647058823529413,68.76470588235294,0.20530367835757057,0.42771599657827203,0.1394354148845167,0,0,3,1.5757391355285133,-1.5742369835090948,High-Value Elite
1646,1972,Basic,Married,25224.0,1,0,2013-07-02,36,4,9,12,11,2,8,2,1,1,3,3,0,0,0,0,0,0,0,46,7,1,1,42,523,0.14285714285714285,0.42857142857142855,0.14285714285714285,0.2857142857142857,6.571428571428571,0.08695652173913043,0.2608695652173913,0.17391304347826086,0,0,1,-1.9050251339342072,-1.0910155458996689,Occasional / Low-Engagement
4418,1983,Master,Single,89616.0,0,0,2013-07-02,36,671,47,655,145,111,15,1,7,5,12,2,0,0,0,0,0,0,1,1644,25,0,0,31,523,0.28,0.48,0.2,0.04,65.76,0.4081508515815085,0.3984184914841849,0.009124087591240875,0,0,3,3.955915853694113,-0.7296382559066549,High-Value Elite
2656,1971,Graduation,Divorced,40851.0,1,1,2013-07-02,63,23,1,7,0,4,24,1,1,1,2,7,0,0,0,0,0,0,0,59,5,2,1,43,523,0.2,0.4,0.2,0.2,11.8,0.3898305084745763,0.11864406779661017,0.4067796610169492,0,0,1,-2.596723110647229,-0.43935178005718994,Occasional / Low-Engagement
7990,1947,Graduation,Married,27469.0,0,0,2012-02-08,2,9,1,2,3,2,0,1,0,0,3,6,0,0,0,0,0,0,0,17,4,0,0,67,1033,0.0,0.75,0.0,0.25,4.25,0.5294117647058824,0.11764705882352941,0.0,0,0,1,-2.230453164602383,-1.012187067759837,Occasional / Low-Engagement
8722,1957,2n Cycle,Married,82347.0,0,0,2012-06-11,38,556,54,845,202,133,63,1,7,7,10,3,1,0,0,1,0,0,1,1853,25,0,0,57,909,0.28,0.4,0.28,0.04,74.12,0.30005396654074473,0.4560172692930383,0.033998920669185105,2,1,3,3.948712857159802,-0.13927205851770844,High-Value Elite
7118,1957,Graduation,Married,73803.0,0,1,2012-01-08,61,833,80,363,52,26,174,2,9,5,6,6,1,0,0,0,0,0,1,1528,22,1,1,57,1064,0.4090909090909091,0.2727272727272727,0.22727272727272727,0.09090909090909091,69.45454545454545,0.5451570680628273,0.23756544502617802,0.11387434554973822,1,1,0,2.258775499636422,1.4721443360357749,Digital Convenience Shoppers
2980,1952,Master,Single,8820.0,1,1,2013-07-02,52,12,0,13,4,2,4,4,3,0,3,8,0,0,0,0,0,0,0,35,10,2,1,62,523,0.3,0.3,0.0,0.4,3.5,0.34285714285714286,0.37142857142857144,0.11428571428571428,0,0,1,-2.8788305979399818,1.3532249569255512,Occasional / Low-Engagement
1839,1974,Graduation,Single,43322.0,0,0,2013-07-02,25,56,7,48,10,2,18,1,3,0,4,7,0,0,0,0,0,0,0,141,8,0,0,40,523,0.375,0.5,0.0,0.125,17.625,0.3971631205673759,0.3404255319148936,0.1276595744680851,0,0,1,-1.4089799809715375,-1.0155869166871814,Occasional / Low-Engagement
10722,1973,Graduation,Together,55593.0,0,1,2013-07-02,63,293,8,124,11,4,106,2,6,6,3,6,1,0,0,0,0,0,0,546,17,1,1,41,523,0.35294117647058826,0.17647058823529413,0.35294117647058826,0.11764705882352941,32.11764705882353,0.5366300366300366,0.2271062271062271,0.19413919413919414,1,1,0,0.36517621574581594,0.2032787213026394,Digital Convenience Shoppers
2632,1954,Graduation,Married,50501.0,1,1,2013-07-02,10,297,0,38,13,0,152,7,5,4,4,6,1,0,0,0,0,0,1,500,20,2,1,60,523,0.25,0.2,0.2,0.35,25.0,0.594,0.076,0.304,1,1,2,-0.2007025920170668,2.4397117635318053,Deal & Discount Hunters
9014,1975,Graduation,Married,37085.0,1,1,2013-07-02,65,39,1,16,2,0,3,4,3,0,3,8,0,0,0,0,0,0,0,61,10,2,1,39,523,0.3,0.3,0.0,0.4,6.1,0.639344262295082,0.26229508196721313,0.04918032786885246,0,0,1,-2.3371187788794243,1.2240768537054265,Occasional / Low-Engagement
7620,1990,Basic,Single,16185.0,1,0,2013-05-08,71,5,11,16,21,8,45,2,2,2,2,8,0,0,0,0,0,0,0,106,8,1,1,24,578,0.25,0.25,0.25,0.25,13.25,0.04716981132075472,0.1509433962264151,0.42452830188679247,0,0,1,-2.4194409400958676,-0.05193300407723516,Occasional / Low-Engagement
10968,1969,Graduation,Single,57731.0,0,1,2013-07-02,0,266,21,300,65,8,44,4,8,8,6,6,0,0,0,0,0,0,0,704,26,1,1,45,523,0.3076923076923077,0.23076923076923078,0.3076923076923077,0.15384615384615385,27.076923076923077,0.3778409090909091,0.42613636363636365,0.0625,0,0,0,1.7824402147636498,1.5418635420018532,Digital Convenience Shoppers
11133,1973,PhD,Single,48432.0,0,1,2013-07-02,3,322,3,50,4,3,42,5,7,1,6,8,0,0,0,0,0,0,1,424,19,1,1,41,523,0.3684210526315789,0.3157894736842105,0.05263157894736842,0.2631578947368421,22.31578947368421,0.7594339622641509,0.1179245283018868,0.09905660377358491,0,0,2,-0.21219362032228306,1.9404625768253752,Deal & Discount Hunters
2736,1978,Graduation,Married,73807.0,0,1,2013-02-01,88,366,124,156,71,78,54,2,5,5,11,2,0,0,0,0,0,0,0,849,23,1,1,36,674,0.21739130434782608,0.4782608695652174,0.21739130434782608,0.08695652173913043,36.91304347826087,0.43109540636042404,0.18374558303886926,0.0636042402826855,0,0,0,2.401731074204347,0.039139284868947015,Digital Convenience Shoppers
1876,1990,Graduation,Married,18929.0,0,0,2013-07-02,15,32,0,8,23,4,18,1,1,0,4,6,0,0,0,0,0,0,0,85,6,0,0,24,523,0.16666666666666666,0.6666666666666666,0.0,0.16666666666666666,14.166666666666666,0.3764705882352941,0.09411764705882353,0.21176470588235294,0,0,1,-2.097413679557986,-1.4022333117443286,Occasional / Low-Engagement
5959,1968,Graduation,Single,35893.0,1,1,2013-07-02,80,158,0,23,0,0,18,6,3,1,5,8,0,0,0,0,0,0,0,199,15,2,1,46,523,0.2,0.3333333333333333,0.06666666666666667,0.4,13.266666666666667,0.7939698492462312,0.11557788944723618,0.09045226130653267,0,0,2,-1.6439522521083427,2.125674054149819,Deal & Discount Hunters
1092,1980,Graduation,Married,61014.0,0,1,2012-11-08,17,269,129,495,182,43,29,4,9,3,4,7,0,0,0,0,0,0,0,1147,20,1,1,34,759,0.45,0.2,0.15,0.2,57.35,0.23452484742807322,0.4315605928509154,0.025283347863993024,0,0,0,0.9780427031048797,1.8594082607347515,Digital Convenience Shoppers
4333,1954,Graduation,Together,32144.0,1,1,2013-07-02,76,41,0,10,0,0,3,4,2,1,3,7,0,1,0,0,0,0,0,54,10,2,1,60,523,0.2,0.3,0.1,0.4,5.4,0.7592592592592593,0.18518518518518517,0.05555555555555555,1,1,1,-2.287472347194798,0.9384460006795196,Occasional / Low-Engagement
3850,1963,Basic,Together,14918.0,0,1,2012-07-12,52,3,3,3,15,4,15,1,1,0,3,6,0,0,0,0,0,0,0,43,5,1,1,51,878,0.2,0.6,0.0,0.2,8.6,0.06976744186046512,0.06976744186046512,0.3488372093023256,0,0,1,-2.61627980993833,-0.489103467266519,Occasional / Low-Engagement
6168,1963,Graduation,Divorced,45146.0,1,1,2013-07-02,28,33,0,5,0,0,15,2,1,1,2,4,0,0,0,0,0,0,0,53,6,2,1,51,523,0.16666666666666666,0.3333333333333333,0.16666666666666666,0.3333333333333333,8.833333333333334,0.6226415094339622,0.09433962264150944,0.2830188679245283,0,0,1,-2.1324905532991143,-0.5746844232791956,Occasional / Low-Engagement
607,1955,2n Cycle,Divorced,41769.0,0,1,2013-07-02,31,302,29,131,32,0,27,6,8,1,7,8,0,0,0,0,0,0,0,521,22,1,1,59,523,0.36363636363636365,0.3181818181818182,0.045454545454545456,0.2727272727272727,23.681818181818183,0.5796545105566219,0.2514395393474088,0.05182341650671785,0,0,2,0.11114831023588068,2.567095507602239,Deal & Discount Hunters
10469,1981,Graduation,Together,88325.0,0,0,2014-05-02,42,519,71,860,93,27,53,1,6,2,9,2,0,0,0,0,0,0,0,1623,18,0,0,33,219,0.3333333333333333,0.5,0.1111111111111111,0.05555555555555555,90.16666666666667,0.3197781885397412,0.529882932840419,0.03265557609365373,0,0,3,2.6576553192886068,-1.5873631681139664,High-Value Elite
6983,1950,Master,Divorced,38054.0,1,1,2014-01-05,24,23,2,17,2,1,0,2,2,0,3,7,0,0,0,0,0,0,0,45,7,2,1,64,336,0.2857142857142857,0.42857142857142855,0.0,0.2857142857142857,6.428571428571429,0.5111111111111111,0.37777777777777777,0.0,0,0,1,-2.508184850311298,-0.07863133596183654,Occasional / Low-Engagement
3661,1995,2n Cycle,Single,80617.0,0,0,2012-12-10,42,594,51,631,72,55,32,1,4,6,8,2,0,0,0,0,0,0,0,1435,19,0,0,19,727,0.21052631578947367,0.42105263157894735,0.3157894736842105,0.05263157894736842,75.52631578947368,0.4139372822299652,0.4397212543554007,0.02229965156794425,0,0,3,2.72425702317745,-1.1877060768219643,High-Value Elite
9303,1976,Graduation,Married,5305.0,0,1,2013-07-02,12,12,4,7,1,3,5,0,1,0,0,13,0,0,0,0,0,0,0,32,1,1,1,38,523,1.0,0.0,0.0,0.0,32.0,0.375,0.21875,0.15625,0,0,1,-4.2299175641877715,-0.3418843531426847,Occasional / Low-Engagement
692,1954,Graduation,Together,36807.0,1,1,2013-07-02,88,4,2,5,0,0,5,1,1,0,2,6,0,0,0,0,0,0,0,16,4,2,1,60,523,0.25,0.5,0.0,0.25,4.0,0.25,0.3125,0.3125,0,0,1,-2.76407700431203,-0.6142498497485419,Occasional / Low-Engagement
736,1983,Graduation,Together,28427.0,1,0,2013-07-02,67,18,3,19,3,3,6,2,2,0,3,8,0,0,0,0,0,0,0,52,7,1,1,31,523,0.2857142857142857,0.42857142857142855,0.0,0.2857142857142857,7.428571428571429,0.34615384615384615,0.36538461538461536,0.11538461538461539,0,0,1,-2.442352459761123,-0.152205107951077,Occasional / Low-Engagement
9589,1948,PhD,Widow,82032.0,0,0,2014-05-04,54,332,194,377,149,125,57,0,4,6,7,1,0,0,0,0,0,0,0,1234,17,0,0,66,217,0.23529411764705882,0.4117647058823529,0.35294117647058826,0.0,72.58823529411765,0.26904376012965964,0.3055105348460292,0.046191247974068074,0,0,3,2.4296960921633133,-2.452725922058524,High-Value Elite
4838,1978,Graduation,Together,22775.0,1,0,2013-07-02,40,5,1,8,0,0,1,1,1,0,2,8,0,0,0,0,0,0,0,15,4,1,1,36,523,0.25,0.5,0.0,0.25,3.75,0.3333333333333333,0.5333333333333333,0.06666666666666667,0,0,1,-2.950817748653789,-0.7279199106722175,Occasional / Low-Engagement
9246,1985,Master,Together,40101.0,1,0,2013-07-02,73,171,3,129,26,24,62,4,6,1,6,7,0,0,0,0,0,0,0,415,17,1,1,29,523,0.35294117647058826,0.35294117647058826,0.058823529411764705,0.23529411764705882,24.41176470588235,0.41204819277108434,0.3108433734939759,0.1493975903614458,0,0,2,-0.446938336554015,1.264454313120535,Deal & Discount Hunters
6261,1979,Graduation,Married,58025.0,0,1,2013-07-02,81,270,31,88,11,48,22,3,3,2,10,4,0,0,0,0,0,0,0,470,18,1,1,35,523,0.16666666666666666,0.5555555555555556,0.1111111111111111,0.16666666666666666,26.11111111111111,0.574468085106383,0.18723404255319148,0.04680851063829787,0,0,0,0.604745546336577,0.14039351968656663,Digital Convenience Shoppers
7366,1982,Master,Single,75777.0,0,0,2013-04-07,12,712,26,538,69,13,80,1,3,6,11,1,0,1,1,0,0,0,1,1438,21,0,0,32,609,0.14285714285714285,0.5238095238095238,0.2857142857142857,0.047619047619047616,68.47619047619048,0.4951321279554937,0.3741307371349096,0.055632823365785816,2,1,3,3.0721893435798924,-1.4236108842781174,High-Value Elite
10659,1979,2n Cycle,Together,7500.0,1,0,2013-07-05,7,2,8,11,3,8,21,4,3,2,2,7,0,0,0,0,0,0,0,53,11,1,1,35,520,0.2727272727272727,0.18181818181818182,0.18181818181818182,0.36363636363636365,4.818181818181818,0.03773584905660377,0.20754716981132076,0.39622641509433965,0,0,1,-2.2689004789508465,0.6654131476845035,Occasional / Low-Engagement
1448,1963,Master,Married,33562.0,1,2,2013-07-02,33,21,12,12,0,3,3,3,2,0,4,4,0,0,0,0,0,0,0,51,9,3,1,51,523,0.2222222222222222,0.4444444444444444,0.0,0.3333333333333333,5.666666666666667,0.4117647058823529,0.23529411764705882,0.058823529411764705,0,0,1,-2.3049768308529797,0.645033319735792,Occasional / Low-Engagement
4286,1970,PhD,Single,57642.0,0,1,2014-09-01,24,580,6,58,8,0,27,3,7,6,6,4,1,0,0,0,0,0,0,679,22,1,1,44,97,0.3181818181818182,0.2727272727272727,0.2727272727272727,0.13636363636363635,30.863636363636363,0.8541973490427098,0.08541973490427099,0.039764359351988215,1,1,0,1.35642442849618,0.07033698682782345,Digital Convenience Shoppers
4749,1968,Graduation,Together,58554.0,1,1,2013-07-02,55,368,24,68,38,0,88,6,8,2,6,7,0,0,0,0,0,0,0,586,22,2,1,46,523,0.36363636363636365,0.2727272727272727,0.09090909090909091,0.2727272727272727,26.636363636363637,0.6279863481228669,0.11604095563139932,0.15017064846416384,0,0,2,0.28899418953969125,2.7861636783593435,Deal & Discount Hunters
4478,1979,Graduation,Married,63777.0,1,1,2013-07-02,87,457,5,106,15,17,53,8,11,1,6,8,0,0,0,0,0,0,0,653,26,2,1,35,523,0.4230769230769231,0.23076923076923078,0.038461538461538464,0.3076923076923077,25.115384615384617,0.6998468606431854,0.16232771822358347,0.08116385911179173,0,0,2,0.7066298223926518,4.127396831954183,Deal & Discount Hunters
4201,1962,Graduation,Single,57967.0,0,1,2013-03-03,39,229,7,137,4,0,91,5,4,2,8,5,0,0,0,0,0,0,0,468,19,1,1,52,644,0.21052631578947367,0.42105263157894735,0.10526315789473684,0.2631578947368421,24.63157894736842,0.4893162393162393,0.29273504273504275,0.19444444444444445,0,0,2,0.4172908125308176,1.2243862857924335,Deal & Discount Hunters
8720,1978,2n Cycle,Together,46805.0,0,0,2012-12-08,53,32,2,1607,12,4,22,0,0,0,1,0,0,1,0,0,0,0,0,1679,1,0,0,36,729,0.0,1.0,0.0,0.0,1679.0,0.019058963668850508,0.9571173317450864,0.013103037522334724,1,1,1,-0.4474791223224716,-3.0912554677208512,Occasional / Low-Engagement
10084,1972,Graduation,Married,24434.0,2,0,2013-07-02,9,3,2,8,20,0,17,2,2,1,2,7,0,0,0,0,0,0,0,50,7,2,1,42,523,0.2857142857142857,0.2857142857142857,0.14285714285714285,0.2857142857142857,7.142857142857143,0.06,0.16,0.34,0,0,1,-2.711244522617451,0.17998186668503433,Occasional / Low-Engagement
7004,1984,Graduation,Single,11012.0,1,0,2013-07-02,82,24,3,26,7,1,23,3,3,1,2,9,1,0,0,0,0,0,0,84,9,1,1,30,523,0.3333333333333333,0.2222222222222222,0.1111111111111111,0.3333333333333333,9.333333333333334,0.2857142857142857,0.30952380952380953,0.27380952380952384,1,1,1,-2.6312300664435218,0.5704106757461156,Occasional / Low-Engagement
9817,1970,Master,Single,44802.0,0,0,2013-07-02,71,853,10,143,13,10,20,2,9,4,12,8,0,0,0,0,0,0,0,1049,27,0,0,44,523,0.3333333333333333,0.4444444444444444,0.14814814814814814,0.07407407407407407,38.851851851851855,0.8131553860819828,0.1363203050524309,0.019065776930409915,0,0,0,2.207188664168408,1.151885955394524,Digital Convenience Shoppers
8080,1986,Graduation,Single,26816.0,0,0,2013-07-02,50,5,1,6,3,4,3,1,0,0,3,4,0,0,0,0,0,0,0,22,4,0,0,28,523,0.0,0.75,0.0,0.25,5.5,0.22727272727272727,0.2727272727272727,0.13636363636363635,0,0,1,-2.0806375589781383,-2.010242661077611,Occasional / Low-Engagement
8372,1974,Graduation,Married,34421.0,1,0,2013-01-07,81,3,3,7,6,2,9,1,1,0,2,7,0,0,0,0,0,0,0,30,4,1,1,40,699,0.25,0.5,0.0,0.25,7.5,0.1,0.23333333333333334,0.3,0,0,1,-2.572292762209714,-0.7237850677157495,Occasional / Low-Engagement
10870,1967,Graduation,Married,61223.0,0,1,2013-07-02,46,709,43,182,42,118,247,2,9,3,4,5,0,0,0,0,0,0,0,1341,18,1,1,47,523,0.5,0.2222222222222222,0.16666666666666666,0.1111111111111111,74.5,0.5287099179716629,0.13571961222967935,0.18419090231170768,0,0,0,1.2183027428861077,0.4741999612440652,Digital Convenience Shoppers
4001,1946,PhD,Together,64014.0,2,1,2014-10-06,56,406,0,30,0,0,8,7,8,2,5,7,0,0,0,1,0,0,0,444,22,3,1,68,62,0.36363636363636365,0.22727272727272727,0.09090909090909091,0.3181818181818182,20.181818181818183,0.9144144144144144,0.06756756756756757,0.018018018018018018,1,1,2,-0.21740185224602068,2.976289145055718,Deal & Discount Hunters
7270,1981,Graduation,Divorced,56981.0,0,0,2013-07-02,91,908,48,217,32,12,24,1,2,3,13,6,0,1,0,0,0,0,0,1241,19,0,0,33,523,0.10526315789473684,0.6842105263157895,0.15789473684210525,0.05263157894736842,65.3157894736842,0.7316680096696213,0.17485898468976632,0.019339242546333603,1,1,3,1.6367704207278713,-0.7392425355830692,High-Value Elite
8235,1956,Master,Together,69245.0,0,1,2013-07-02,8,428,30,214,80,30,61,2,6,5,10,3,0,0,0,0,0,0,0,843,23,1,1,58,523,0.2608695652173913,0.43478260869565216,0.21739130434782608,0.08695652173913043,36.65217391304348,0.5077105575326216,0.2538552787663108,0.07236061684460261,0,0,0,2.145569069181832,0.13827474303308004,Digital Convenience Shoppers
9405,1954,PhD,Married,52869.0,1,1,2013-07-02,40,84,3,61,2,1,21,3,3,1,4,7,0,0,0,0,0,0,1,172,11,2,1,60,523,0.2727272727272727,0.36363636363636365,0.09090909090909091,0.2727272727272727,15.636363636363637,0.4883720930232558,0.3546511627906977,0.12209302325581395,0,0,1,-1.555824420795498,0.7233035944451308,Occasional / Low-Engagement
